OrganizationName,CaseNumber,PatientID,CommonSpeciesName,DateAdmitted,Latitude,Longitude,Disposition,GeneralSpeciesName,Vertebrate,DateAdmittedYear,Season,DateAdmittedMonth,DateAdmittedDOM,DateAdmittedDOW,DayOfWeekNumber,MonthNumber
Wildlife Center of Virginia,19-0041317,19-2111,yellow-bellied slider,7/10/2019,37.5101482,-77.1908076,Released,turtle,Reptile,2019,Summer,July,10,Wednesday,2,7
Wildlife Center of Virginia,19-0051154,19-2546,eastern box turtle,8/10/2019,37.5085315,-77.4859486,Released,turtle,Reptile,2019,Summer,August,10,Saturday,5,8
Wildlife Center of Virginia,20-0045927,20-2103,eastern screech-owl,6/25/2020,38.0912024,-78.8704652,Euthanized,bird,Bird,2020,Summer,June,25,Thursday,3,6
Wildlife Center of Virginia,23-0014558,23-0938,eastern box turtle,5/5/2023,38.02244568,-78.00526428,Released,turtle,Reptile,2023,Spring,May,5,Friday,4,5
Wildlife Center of Virginia,21-0007422,21-0207,red-shouldered hawk,3/5/2021,38.16001892,-78.8470993,Died,bird,Bird,2021,Winter,March,5,Friday,4,3
Wildlife Center of Virginia,22-0026436,22-1527,eastern box turtle,6/3/2022,37.9168663,-78.33129883,Euthanized,turtle,Reptile,2022,Spring,June,3,Friday,4,6
Wildlife Center of Virginia,22-0046888,22-2794,virginia opossum,8/14/2022,37.77666473,-79.43383789,Transferred,marsupial,Mammal,2022,Summer,August,14,Sunday,6,8
Wildlife Center of Virginia,22-0046889,22-2795,virginia opossum,8/14/2022,37.77666473,-79.43383789,Transferred,marsupial,Mammal,2022,Summer,August,14,Sunday,6,8
Wildlife Center of Virginia,22-0046890,22-2796,virginia opossum,8/14/2022,37.77666473,-79.43383789,Transferred,marsupial,Mammal,2022,Summer,August,14,Sunday,6,8
Wildlife Center of Virginia,22-0046891,22-2797,virginia opossum,8/14/2022,37.77666473,-79.43383789,Transferred,marsupial,Mammal,2022,Summer,August,14,Sunday,6,8
Wildlife Center of Virginia,22-0046892,22-2798,virginia opossum,8/14/2022,37.77666473,-79.43383789,Transferred,marsupial,Mammal,2022,Summer,August,14,Sunday,6,8
Wildlife Center of Virginia,22-0046893,22-2799,virginia opossum,8/14/2022,37.77666473,-79.43383789,Transferred,marsupial,Mammal,2022,Summer,August,14,Sunday,6,8
Wildlife Center of Virginia,22-0046894,22-2800,virginia opossum,8/14/2022,37.77664948,-79.43384552,Transferred,marsupial,Mammal,2022,Summer,August,14,Sunday,6,8
Wildlife Center of Virginia,22-0063330,22-3604,red-shouldered hawk,12/8/2022,37.77666473,-79.43383789,Died,bird,Bird,2022,Autumn,December,8,Thursday,3,12
Wildlife Center of Virginia,21-0019995,21-1041,virginia opossum,5/7/2021,37.89981842,-78.31402588,Released,marsupial,Mammal,2021,Spring,May,7,Friday,4,5
Wildlife Center of Virginia,21-0019996,21-1042,virginia opossum,5/7/2021,37.89981842,-78.31402588,Released,marsupial,Mammal,2021,Spring,May,7,Friday,4,5
Wildlife Center of Virginia,21-0019997,21-1043,virginia opossum,5/7/2021,37.89981842,-78.31402588,Euthanized,marsupial,Mammal,2021,Spring,May,7,Friday,4,5
Wildlife Center of Virginia,21-0019998,DOA21-0051,virginia opossum,5/7/2021,37.89981842,-78.31402588,Died,marsupial,Mammal,2021,Spring,May,7,Friday,4,5
Wildlife Center of Virginia,21-0019999,DOA21-0052,virginia opossum,5/7/2021,37.89981842,-78.31402588,Died,marsupial,Mammal,2021,Spring,May,7,Friday,4,5
Wildlife Center of Virginia,21-0020000,DOA21-0053,virginia opossum,5/7/2021,37.89981842,-78.31402588,Died,marsupial,Mammal,2021,Spring,May,7,Friday,4,5
Wildlife Center of Virginia,21-0020001,DOA21-0054,virginia opossum,5/7/2021,37.89981842,-78.31402588,Died,marsupial,Mammal,2021,Spring,May,7,Friday,4,5
Wildlife Center of Virginia,21-0020002,DOA21-0055,virginia opossum,5/7/2021,37.89981842,-78.31402588,Died,marsupial,Mammal,2021,Spring,May,7,Friday,4,5
Wildlife Center of Virginia,20-0028855,20-1074,european starling,5/18/2020,38.2394419,-78.1124542,Euthanized,bird,Bird,2020,Spring,May,18,Monday,0,5
Wildlife Center of Virginia,21-0014816,21-0607,eastern gray squirrel,4/21/2021,38.21147156,-78.99484253,Euthanized,rodent,Mammal,2021,Spring,April,21,Wednesday,2,4
Wildlife Center of Virginia,21-0019418,21-0999,american robin,5/6/2021,38.03923798,-78.9138031,Died,bird,Bird,2021,Spring,May,6,Thursday,3,5
Wildlife Center of Virginia,17-0083237,17-2173,barn swallow,8/22/2017,38.466652,-78.8537753,Died,bird,Bird,2017,Summer,August,22,Tuesday,1,8
Wildlife Center of Virginia,21-0062969,21-3341,eastern box turtle,9/22/2021,38.46665192,-78.85377502,Euthanized,turtle,Reptile,2021,Summer,September,22,Wednesday,2,9
Wildlife Center of Virginia,21-0070174,21-3555,mallard,10/28/2021,38.4292984,-78.89507294,Euthanized,bird,Bird,2021,Autumn,October,28,Thursday,3,10
Wildlife Center of Virginia,18-0149188,18-2902,yellow-bellied sapsucker,10/10/2018,38.0432401,-78.4774588,Died,bird,Bird,2018,Autumn,October,10,Wednesday,2,10
Wildlife Center of Virginia,23-0076254,23-3320,eastern box turtle,9/8/2023,38.0066452,-78.70162201,Euthanized,turtle,Reptile,2023,Summer,September,8,Friday,4,9
Wildlife Center of Virginia,23-0064700,23-2528,eastern fox squirrel,7/17/2023,38.21263504,-78.90126038,Died,rodent,Mammal,2023,Summer,July,17,Monday,0,7
Wildlife Center of Virginia,21-0046952,21-2536,eastern screech-owl,7/21/2021,38.17454147,-78.8660202,Euthanized,bird,Bird,2021,Summer,July,21,Wednesday,2,7
Wildlife Center of Virginia,20-0085115,20-3682,eastern gray squirrel,12/9/2020,38.4662808,-78.8808353,Euthanized,rodent,Mammal,2020,Autumn,December,9,Wednesday,2,12
Wildlife Center of Virginia,21-0003292,21-0067,red-shouldered hawk,1/23/2021,37.12319946,-80.52480316,Euthanized,bird,Bird,2021,Winter,January,23,Saturday,5,1
Wildlife Center of Virginia,22-0012309,DOA22-0021,virginia opossum,4/20/2022,38.01205063,-78.52886963,Died,marsupial,Mammal,2022,Spring,April,20,Wednesday,2,4
Wildlife Center of Virginia,22-0012310,22-0542,virginia opossum,4/20/2022,38.01205063,-78.52886963,Died,marsupial,Mammal,2022,Spring,April,20,Wednesday,2,4
Wildlife Center of Virginia,22-0012311,22-0543,virginia opossum,4/20/2022,38.01205063,-78.52886963,Died,marsupial,Mammal,2022,Spring,April,20,Wednesday,2,4
Wildlife Center of Virginia,22-0012312,22-0544,virginia opossum,4/20/2022,38.01205063,-78.52886963,Died,marsupial,Mammal,2022,Spring,April,20,Wednesday,2,4
Wildlife Center of Virginia,22-0012313,22-0545,virginia opossum,4/20/2022,38.01205063,-78.52886963,Euthanized,marsupial,Mammal,2022,Spring,April,20,Wednesday,2,4
Wildlife Center of Virginia,22-0012314,22-0546,virginia opossum,4/20/2022,38.01205063,-78.52886963,Died,marsupial,Mammal,2022,Spring,April,20,Wednesday,2,4
Wildlife Center of Virginia,22-0012315,22-0547,virginia opossum,4/20/2022,38.01205063,-78.52886963,Died,marsupial,Mammal,2022,Spring,April,20,Wednesday,2,4
Wildlife Center of Virginia,22-0012316,22-0548,virginia opossum,4/20/2022,38.01205063,-78.52886963,Died,marsupial,Mammal,2022,Spring,April,20,Wednesday,2,4
Wildlife Center of Virginia,22-0012317,22-0549,virginia opossum,4/20/2022,38.01205063,-78.52886963,Died,marsupial,Mammal,2022,Spring,April,20,Wednesday,2,4
Wildlife Center of Virginia,22-0012318,22-0550,virginia opossum,4/20/2022,38.01205063,-78.52886963,Died,marsupial,Mammal,2022,Spring,April,20,Wednesday,2,4
Wildlife Center of Virginia,22-0012319,22-0551,virginia opossum,4/20/2022,38.01205063,-78.52886963,Died,marsupial,Mammal,2022,Spring,April,20,Wednesday,2,4
Wildlife Center of Virginia,22-0012320,22-0552,virginia opossum,4/20/2022,38.01205063,-78.52886963,Euthanized,marsupial,Mammal,2022,Spring,April,20,Wednesday,2,4
Wildlife Center of Virginia,22-0013505,22-0651,eastern bluebird,4/25/2022,37.07966232,-78.00479889,Euthanized,bird,Bird,2022,Spring,April,25,Monday,0,4
Wildlife Center of Virginia,20-0065339,20-3045,eastern box turtle,8/29/2020,38.0396818,-78.4627395,Euthanized,turtle,Reptile,2020,Summer,August,29,Saturday,5,8
Wildlife Center of Virginia,22-0042354,22-2510,pileated woodpecker,7/25/2022,38.42039108,-78.87044525,Released,bird,Bird,2022,Summer,July,25,Monday,0,7
Wildlife Center of Virginia,20-0081653,DOA20-0147,bald eagle,11/16/2020,38.125029,-77.3867439,Died,bird,Bird,2020,Autumn,November,16,Monday,0,11
Wildlife Center of Virginia,17-0025649,17-1114,eastern box turtle,5/25/2017,37.9935691,-78.4434011,Euthanized,turtle,Reptile,2017,Spring,May,25,Thursday,3,5
Wildlife Center of Virginia,21-0011800,21-0450,virginia opossum,4/7/2021,38.16028214,-79.0572052,Euthanized,marsupial,Mammal,2021,Spring,April,7,Wednesday,2,4
Wildlife Center of Virginia,21-0071215,21-3588,eastern box turtle,11/1/2021,38.06349182,-78.67543793,Euthanized,turtle,Reptile,2021,Autumn,November,1,Monday,0,11
Wildlife Center of Virginia,18-0116857,18-1783,gray catbird,7/2/2018,38.021582,-78.4736182,Euthanized,bird,Bird,2018,Summer,July,2,Monday,0,7
Wildlife Center of Virginia,18-0120440,18-1929,white-tailed deer,7/9/2018,38.274608,-79.179533,Euthanized,deer,Mammal,2018,Summer,July,9,Monday,0,7
Wildlife Center of Virginia,16-0004798,16-0043,eastern screech-owl,2/5/2016,38.09057616,-79.08930457,Released,bird,Bird,2016,Winter,February,5,Friday,4,2
Wildlife Center of Virginia,22-0041306,22-2433,white-tailed deer,7/20/2022,38.21255493,-78.89545441,Euthanized,deer,Mammal,2022,Summer,July,20,Wednesday,2,7
Wildlife Center of Virginia,14-0052162,14-2309,red-shouldered hawk,11/7/2014,38.024007,-78.433323,Euthanized,bird,Bird,2014,Autumn,November,7,Friday,4,11
Wildlife Center of Virginia,21-0051241,21-2789,white-tailed deer,8/5/2021,38.00345993,-78.44709778,Euthanized,deer,Mammal,2021,Summer,August,5,Thursday,3,8
Wildlife Center of Virginia,16-0078450,16-2543,barred owl,12/21/2016,37.473143,-77.58665,Euthanized,owl,Bird,2016,Autumn,December,21,Wednesday,2,12
Wildlife Center of Virginia,19-0028322,19-1365,eastern painted turtle,6/5/2019,38.237172,-77.527026,Died,turtle,Reptile,2019,Spring,June,5,Wednesday,2,6
Wildlife Center of Virginia,22-0051931,22-3110,eastern box turtle,9/7/2022,38.40817642,-78.30531311,Euthanized,turtle,Reptile,2022,Summer,September,7,Wednesday,2,9
Wildlife Center of Virginia,23-0017068,DOA23-0051,canada goose,5/13/2023,38.05308914,-78.89945221,Died,bird,Bird,2023,Spring,May,13,Saturday,5,5
Wildlife Center of Virginia,20-0074746,20-3415,cooper's hawk,10/10/2020,37.4803621,-79.0725998,Euthanized,bird,Bird,2020,Autumn,October,10,Saturday,5,10
Wildlife Center of Virginia,20-0000711,20-0005,sharp-shinned hawk,1/4/2020,38.1141621,-78.9998908,Euthanized,bird,Bird,2020,Winter,January,4,Saturday,5,1
Wildlife Center of Virginia,18-0128305,18-2237,eastern box turtle,7/28/2018,37.5424751,-78.4570169,Euthanized,turtle,Reptile,2018,Summer,July,28,Saturday,5,7
Wildlife Center of Virginia,22-0039337,22-2350,eastern box turtle,7/14/2022,37.37072372,-77.63566589,Euthanized,turtle,Reptile,2022,Summer,July,14,Thursday,3,7
Wildlife Center of Virginia,20-0060355,20-2813,cooper's hawk,8/8/2020,37.6022034,-77.599304,Euthanized,bird,Bird,2020,Summer,August,8,Saturday,5,8
Wildlife Center of Virginia,15-0058685,15-2190,european starling,10/22/2015,38.161476,-79.054085,Died,bird,Bird,2015,Autumn,October,22,Thursday,3,10
Wildlife Center of Virginia,23-0008276,23-0437,eastern painted turtle,4/2/2023,38.2596817,-78.79554749,Euthanized,turtle,Reptile,2023,Spring,April,2,Sunday,6,4
Wildlife Center of Virginia,15-0005865,15-0120,eastern screech-owl,2/24/2015,37.2020237,-79.3239159,Euthanized,bird,Bird,2015,Winter,February,24,Tuesday,1,2
Wildlife Center of Virginia,17-0029632,17-1290,black vulture,6/4/2017,37.6288618,-79.4541522,Euthanized,bird,Bird,2017,Spring,June,4,Sunday,6,6
Wildlife Center of Virginia,17-0037340,17-1540,eastern screech-owl,6/23/2017,38.065485,-78.588522,Died,bird,Bird,2017,Summer,June,23,Friday,4,6
Wildlife Center of Virginia,16-0078226,16-2537,cooper's hawk,12/20/2016,37.296337,-79.3100475,Died,bird,Bird,2016,Autumn,December,20,Tuesday,1,12
Wildlife Center of Virginia,23-0080514,23-3607,eastern cottontail,10/4/2023,38.02254868,-79.11422729,Euthanized,rabbits & hares,Mammal,2023,Autumn,October,4,Wednesday,2,10
Wildlife Center of Virginia,22-0018982,22-1045,mourning dove,5/14/2022,37.48111343,-77.55290985,Euthanized,bird,Bird,2022,Spring,May,14,Saturday,5,5
Wildlife Center of Virginia,22-0001102,22-0015,sharp-shinned hawk,1/8/2022,37.79065323,-79.60031128,Euthanized,bird,Bird,2022,Winter,January,8,Saturday,5,1
Wildlife Center of Virginia,23-0070085,23-2927,eastern box turtle,8/9/2023,38.26093674,-78.96120453,Euthanized,turtle,Reptile,2023,Summer,August,9,Wednesday,2,8
Wildlife Center of Virginia,19-0072099,19-3141,eastern gray squirrel,10/28/2019,38.151525,-79.064695,Euthanized,rodent,Mammal,2019,Autumn,October,28,Monday,0,10
Wildlife Center of Virginia,21-0061607,21-3285,eastern box turtle,9/17/2021,38.07342529,-78.19698334,Transferred,turtle,Reptile,2021,Summer,September,17,Friday,4,9
Wildlife Center of Virginia,18-0025636,18-0963,red fox,5/20/2018,38.109174,-78.909111,Euthanized,fox,Mammal,2018,Spring,May,20,Sunday,6,5
Wildlife Center of Virginia,18-0004611,18-0048,snapping turtle,1/23/2018,38.0012622,-78.8272187,Euthanized,turtle,Reptile,2018,Winter,January,23,Tuesday,1,1
Wildlife Center of Virginia,20-0059606,20-2769,eastern box turtle,8/6/2020,37.8855984,-78.410895,Released,turtle,Reptile,2020,Summer,August,6,Thursday,3,8
Wildlife Center of Virginia,19-0020756,19-0966,northern cardinal,5/16/2019,38.0767098,-78.913221,Euthanized,bird,Bird,2019,Spring,May,16,Thursday,3,5
Wildlife Center of Virginia,23-0004839,23-0105,red-shouldered hawk,2/10/2023,38.11772156,-79.06342316,Euthanized,bird,Bird,2023,Winter,February,10,Friday,4,2
Wildlife Center of Virginia,21-0050479,21-2748,white-tailed deer,8/2/2021,38.60858536,-78.78699493,Euthanized,deer,Mammal,2021,Summer,August,2,Monday,0,8
Wildlife Center of Virginia,17-0026478,17-1156,eastern ratsnake,5/27/2017,38.000326,-79.034176,Euthanized,snake,Reptile,2017,Spring,May,27,Saturday,5,5
Wildlife Center of Virginia,22-0005389,22-0126,striped skunk,2/20/2022,37.14913177,-80.42295074,Euthanized,skunk,Mammal,2022,Winter,February,20,Sunday,6,2
Wildlife Center of Virginia,22-0035176,22-2117,eastern box turtle,7/2/2022,37.66320801,-77.50678253,Released,turtle,Reptile,2022,Summer,July,2,Saturday,5,7
Wildlife Center of Virginia,23-0083670,23-3745,red-tailed hawk,10/25/2023,38.5991478,-78.89174652,Euthanized,bird,Bird,2023,Autumn,October,25,Wednesday,2,10
Wildlife Center of Virginia,23-0025361,DOA23-0075,white-tailed deer,6/10/2023,38.1223793,-78.86601257,Died,deer,Mammal,2023,Spring,June,10,Saturday,5,6
Wildlife Center of Virginia,17-0002217,17-0050,eastern screech-owl,1/15/2017,37.5677066,-79.5112867,Euthanized,bird,Bird,2017,Winter,January,15,Sunday,6,1
Wildlife Center of Virginia,22-0023072,22-1307,house sparrow,5/25/2022,38.1542244,-79.08800507,Euthanized,bird,Bird,2022,Spring,May,25,Wednesday,2,5
Wildlife Center of Virginia,21-0044021,21-2357,virginia opossum,7/11/2021,38.45056534,-78.84803009,Died,marsupial,Mammal,2021,Summer,July,11,Sunday,6,7
Wildlife Center of Virginia,21-0044022,21-2358,virginia opossum,7/11/2021,38.45056534,-78.84803009,Euthanized,marsupial,Mammal,2021,Summer,July,11,Sunday,6,7
Wildlife Center of Virginia,21-0044023,DOA21-0115,virginia opossum,7/11/2021,38.45056534,-78.84803009,Died,marsupial,Mammal,2021,Summer,July,11,Sunday,6,7
Wildlife Center of Virginia,20-0070598,20-3317,eastern screech-owl,9/24/2020,38.5369112,-78.7267146,Euthanized,bird,Bird,2020,Autumn,September,24,Thursday,3,9
Wildlife Center of Virginia,20-0045949,20-2104,woodchuck,6/25/2020,37.8536567,-79.0851023,Euthanized,rodent,Mammal,2020,Summer,June,25,Thursday,3,6
Wildlife Center of Virginia,21-0026392,21-1377,eastern screech-owl,5/24/2021,38.06309509,-78.87293243,Died,bird,Bird,2021,Spring,May,24,Monday,0,5
Wildlife Center of Virginia,19-0057523,19-2763,eastern ratsnake,9/2/2019,38.05449312,-78.8965998,Died,snake,Reptile,2019,Summer,September,2,Monday,0,9
Wildlife Center of Virginia,17-0092755,17-2533,eastern box turtle,10/7/2017,37.1653488,-77.300018,Euthanized,turtle,Reptile,2017,Autumn,October,7,Saturday,5,10
Wildlife Center of Virginia,19-0024774,19-1139,common grackle,5/27/2019,39.1344483,-78.1595786,Euthanized,bird,Bird,2019,Spring,May,27,Monday,0,5
Wildlife Center of Virginia,23-0072026,23-3061,great horned owl,8/18/2023,37.78123093,-78.86795807,Euthanized,bird,Bird,2023,Summer,August,18,Friday,4,8
Wildlife Center of Virginia,22-0050196,22-2990,eastern screech-owl,8/29/2022,38.5870018,-78.87308502,Euthanized,bird,Bird,2022,Summer,August,29,Monday,0,8
Wildlife Center of Virginia,16-0077953,16-2530,turkey vulture,12/17/2016,37.2803016,-79.2702324,Died,bird,Bird,2016,Autumn,December,17,Saturday,5,12
Wildlife Center of Virginia,14-0048942,14-2255,barred owl,10/16/2014,38.5507041,-78.4885666,Died,owl,Bird,2014,Autumn,October,16,Thursday,3,10
Wildlife Center of Virginia,23-0085313,23-3830,double-crested cormorant,11/10/2023,38.14939499,-78.83599854,Died,bird,Bird,2023,Autumn,November,10,Friday,4,11
Wildlife Center of Virginia,22-0004836,22-0102,red-shouldered hawk,2/10/2022,38.56758881,-78.74241638,Euthanized,bird,Bird,2022,Winter,February,10,Thursday,3,2
Wildlife Center of Virginia,18-0002579,18-0024,eastern screech-owl,1/10/2018,37.2061718,-79.7148033,Euthanized,bird,Bird,2018,Winter,January,10,Wednesday,2,1
Wildlife Center of Virginia,19-0058629,19-2816,mourning dove,9/7/2019,38.066063,-78.466148,Euthanized,bird,Bird,2019,Summer,September,7,Saturday,5,9
Wildlife Center of Virginia,15-0020380,15-0764,eastern screech-owl,5/17/2015,37.736599,-78.650886,Euthanized,bird,Bird,2015,Spring,May,17,Sunday,6,5
Wildlife Center of Virginia,19-0046395,19-2328,white-tailed deer,7/25/2019,37.97940342,-78.21851125,Died,deer,Mammal,2019,Summer,July,25,Thursday,3,7
Wildlife Center of Virginia,17-0031223,17-1341,eastern gray squirrel,6/8/2017,37.9307584,-76.8609017,Euthanized,rodent,Mammal,2017,Spring,June,8,Thursday,3,6
Wildlife Center of Virginia,23-0071927,23-3053,eastern box turtle,8/17/2023,38.19219589,-78.92787933,Euthanized,turtle,Reptile,2023,Summer,August,17,Thursday,3,8
Wildlife Center of Virginia,22-0053992,22-3220,eastern screech-owl,9/18/2022,37.70817947,-78.6144104,Released,bird,Bird,2022,Summer,September,18,Sunday,6,9
Wildlife Center of Virginia,21-0005768,21-0155,red-tailed hawk,2/16/2021,38.56536484,-78.74268341,Euthanized,bird,Bird,2021,Winter,February,16,Tuesday,1,2
Wildlife Center of Virginia,21-0012375,21-0475,american robin,4/10/2021,38.03730392,-78.49227142,Euthanized,bird,Bird,2021,Spring,April,10,Saturday,5,4
Wildlife Center of Virginia,18-0137503,18-2535,rock dove,8/24/2018,38.56770055,-78.7393827,Euthanized,bird,Bird,2018,Summer,August,24,Friday,4,8
Wildlife Center of Virginia,19-0033497,19-1735,white-tailed deer,6/19/2019,38.4665991,-78.8373384,Euthanized,deer,Mammal,2019,Spring,June,19,Wednesday,2,6
Wildlife Center of Virginia,20-0043672,DOA20-0088,woodchuck,6/20/2020,38.1125716,-79.0111143,Died,rodent,Mammal,2020,Spring,June,20,Saturday,5,6
Wildlife Center of Virginia,22-0005164,22-0113,eastern screech-owl,2/16/2022,37.70959091,-78.33553314,Released,bird,Bird,2022,Winter,February,16,Wednesday,2,2
Wildlife Center of Virginia,22-0040215,22-2392,eastern painted turtle,7/17/2022,38.59729004,-78.80723572,Released,turtle,Reptile,2022,Summer,July,17,Sunday,6,7
Wildlife Center of Virginia,21-0076754,21-3710,raccoon,12/4/2021,37.71726227,-77.47644806,Euthanized,raccoon,Mammal,2021,Autumn,December,4,Saturday,5,12
Wildlife Center of Virginia,22-0026445,22-1525,eastern box turtle,6/3/2022,37.67540359,-77.48886108,Released,turtle,Reptile,2022,Spring,June,3,Friday,4,6
Wildlife Center of Virginia,22-0034404,22-2075,broad-winged hawk,6/29/2022,37.32795715,-80.80124664,Euthanized,bird,Bird,2022,Summer,June,29,Wednesday,2,6
Wildlife Center of Virginia,18-0010807,18-0186,eastern cottontail,3/23/2018,37.7353919,-78.4818659,Euthanized,rabbits & hares,Mammal,2018,Spring,March,23,Friday,4,3
Wildlife Center of Virginia,23-0005361,23-0132,eastern cottontail,2/23/2023,38.16474915,-79.07759094,Euthanized,rabbits & hares,Mammal,2023,Winter,February,23,Thursday,3,2
Wildlife Center of Virginia,16-0038885,16-1305,eastern gray squirrel,6/23/2016,38.164737,-79.077431,Euthanized,rodent,Mammal,2016,Summer,June,23,Thursday,3,6
Wildlife Center of Virginia,14-0044634,14-2115,virginia opossum,9/14/2014,38.413859,-78.7308089,Euthanized,marsupial,Mammal,2014,Summer,September,14,Sunday,6,9
Wildlife Center of Virginia,21-0003256,21-0064,eastern screech-owl,1/23/2021,38.38712692,-78.96923065,Euthanized,bird,Bird,2021,Winter,January,23,Saturday,5,1
Wildlife Center of Virginia,19-0007625,19-0197,american robin,3/22/2019,38.028224,-78.4836301,Euthanized,bird,Bird,2019,Spring,March,22,Friday,4,3
Wildlife Center of Virginia,21-0079019,21-3777,eastern screech-owl,12/20/2021,37.86472321,-78.92607117,Released,bird,Bird,2021,Autumn,December,20,Monday,0,12
Wildlife Center of Virginia,20-0086072,20-3697,barred owl,12/14/2020,37.0258957,-78.8208616,Died,owl,Bird,2020,Autumn,December,14,Monday,0,12
Wildlife Center of Virginia,20-0034507,20-1363,eastern box turtle,5/30/2020,37.2321243,-77.2085266,Euthanized,turtle,Reptile,2020,Spring,May,30,Saturday,5,5
Wildlife Center of Virginia,22-0006697,22-0199,eastern gray squirrel,3/7/2022,38.04236984,-78.48310089,Euthanized,rodent,Mammal,2022,Winter,March,7,Monday,0,3
Wildlife Center of Virginia,20-0063953,20-2983,eastern cottontail,8/23/2020,38.4380452,-78.8924202,Euthanized,rabbits & hares,Mammal,2020,Summer,August,23,Sunday,6,8
Wildlife Center of Virginia,16-0042741,16-1425,common snapping turtle,7/3/2016,38.058015,-78.913827,Released,turtle,Reptile,2016,Summer,July,3,Sunday,6,7
Wildlife Center of Virginia,17-0100895,17-2678,virginia opossum,11/20/2017,38.1635009,-79.101088,Euthanized,marsupial,Mammal,2017,Autumn,November,20,Monday,0,11
Wildlife Center of Virginia,21-0007074,21-0182,red-shouldered hawk,2/27/2021,38.00285339,-79.519104,Released,bird,Bird,2021,Winter,February,27,Saturday,5,2
Wildlife Center of Virginia,20-0066416,20-3113,eastern box turtle,9/4/2020,37.38002,-79.2185602,Euthanized,turtle,Reptile,2020,Summer,September,4,Friday,4,9
Wildlife Center of Virginia,20-0067740,20-3180,eastern box turtle,9/10/2020,37.83124924,-79.39173126,Released,turtle,Reptile,2020,Summer,September,10,Thursday,3,9
Wildlife Center of Virginia,18-0015559,18-0430,barred owl,4/20/2018,38.5487828,-77.9785842,Euthanized,owl,Bird,2018,Spring,April,20,Friday,4,4
Wildlife Center of Virginia,21-0029024,21-1567,white-tailed deer,5/31/2021,36.7587204,-79.42901611,Euthanized,deer,Mammal,2021,Spring,May,31,Monday,0,5
Wildlife Center of Virginia,17-0107665,17-2765,barred owl,12/29/2017,37.5250216,-77.6033491,Euthanized,owl,Bird,2017,Winter,December,29,Friday,4,12
Wildlife Center of Virginia,23-0084337,23-3782,hermit thrush,10/31/2023,38.03773499,-78.45770264,Euthanized,bird,Bird,2023,Autumn,October,31,Tuesday,1,10
Wildlife Center of Virginia,18-0143391,18-2749,eastern screech-owl,9/15/2018,38.7148006,-78.410361,Died,bird,Bird,2018,Summer,September,15,Saturday,5,9
Wildlife Center of Virginia,21-0068702,DOA21-0163,eastern cottontail,10/22/2021,38.07638931,-78.93671417,Died,rabbits & hares,Mammal,2021,Autumn,October,22,Friday,4,10
Wildlife Center of Virginia,18-0029760,18-1190,eastern painted turtle,5/30/2018,37.7603608,-77.4782744,Euthanized,turtle,Reptile,2018,Spring,May,30,Wednesday,2,5
Wildlife Center of Virginia,22-0033329,22-2027,great blue heron,6/26/2022,38.01853943,-77.99873352,Euthanized,bird,Bird,2022,Summer,June,26,Sunday,6,6
Wildlife Center of Virginia,17-0018351,17-0823,woodchuck,5/6/2017,38.230193,-78.996594,Transferred,rodent,Mammal,2017,Spring,May,6,Saturday,5,5
Wildlife Center of Virginia,18-0147588,18-2864,eastern box turtle,10/2/2018,38.0134851,-78.4924424,Euthanized,turtle,Reptile,2018,Autumn,October,2,Tuesday,1,10
Wildlife Center of Virginia,19-0000847,19-0009,eastern cottontail,1/6/2019,38.284989,-78.9111928,Euthanized,rabbits & hares,Mammal,2019,Winter,January,6,Sunday,6,1
Wildlife Center of Virginia,15-0022020,15-0804,snapping turtle,5/21/2015,38.2850364,-78.9114561,Released,turtle,Reptile,2015,Spring,May,21,Thursday,3,5
Wildlife Center of Virginia,21-0035392,21-1975,barred owl,6/17/2021,37.71985245,-79.24491119,Euthanized,owl,Bird,2021,Spring,June,17,Thursday,3,6
Wildlife Center of Virginia,23-0073733,23-3185,eastern box turtle,8/27/2023,37.68838882,-77.59642029,Euthanized,turtle,Reptile,2023,Summer,August,27,Sunday,6,8
Wildlife Center of Virginia,16-0050501,16-1725,eastern box turtle,7/28/2016,38.1086614,-78.9938074,Euthanized,turtle,Reptile,2016,Summer,July,28,Thursday,3,7
Wildlife Center of Virginia,20-0026497,20-0960,red fox,5/12/2020,37.1903821,-78.2618699,Euthanized,fox,Mammal,2020,Spring,May,12,Tuesday,1,5
Wildlife Center of Virginia,15-0043608,15-1671,gray kingbird,7/29/2015,38.140765,-78.882159,Euthanized,bird,Bird,2015,Summer,July,29,Wednesday,2,7
Wildlife Center of Virginia,18-0111524,18-1572,eastern box turtle,6/20/2018,37.4860652,-79.1483941,Euthanized,turtle,Reptile,2018,Spring,June,20,Wednesday,2,6
Wildlife Center of Virginia,21-0028610,21-1533,snapping turtle,5/30/2021,38.10406876,-78.04665375,Released,turtle,Reptile,2021,Spring,May,30,Sunday,6,5
Wildlife Center of Virginia,19-0054228,19-2645,eastern gray squirrel,8/21/2019,37.5203558,-77.6169476,Euthanized,rodent,Mammal,2019,Summer,August,21,Wednesday,2,8
Wildlife Center of Virginia,17-0000697,17-0015,eastern screech-owl,1/5/2017,37.2155273,-79.7245298,Transferred,bird,Bird,2017,Winter,January,5,Thursday,3,1
Wildlife Center of Virginia,21-0054358,21-2952,eastern box turtle,8/17/2021,37.42756271,-76.9785614,Released,turtle,Reptile,2021,Summer,August,17,Tuesday,1,8
Wildlife Center of Virginia,18-0141221,18-2660,eastern cottontail,9/5/2018,38.1506845,-79.0985504,Euthanized,rabbits & hares,Mammal,2018,Summer,September,5,Wednesday,2,9
Wildlife Center of Virginia,23-0081065,23-3635,eastern box turtle,10/7/2023,38.05834961,-78.90493011,Euthanized,turtle,Reptile,2023,Autumn,October,7,Saturday,5,10
Wildlife Center of Virginia,20-0065689,20-3060,raccoon,8/31/2020,36.7544719,-78.9168998,Euthanized,raccoon,Mammal,2020,Summer,August,31,Monday,0,8
Wildlife Center of Virginia,14-0003746,14-0119,barred owl,2/23/2014,38.8588022,-78.712014,Euthanized,owl,Bird,2014,Winter,February,23,Sunday,6,2
Wildlife Center of Virginia,22-0042167,22-2502,virginia opossum,7/25/2022,38.56104279,-78.44648743,Transferred,marsupial,Mammal,2022,Summer,July,25,Monday,0,7
Wildlife Center of Virginia,22-0042169,22-2503,virginia opossum,7/25/2022,38.56104279,-78.44648743,Released,marsupial,Mammal,2022,Summer,July,25,Monday,0,7
Wildlife Center of Virginia,22-0042170,22-2504,virginia opossum,7/25/2022,38.56104279,-78.44648743,Released,marsupial,Mammal,2022,Summer,July,25,Monday,0,7
Wildlife Center of Virginia,22-0042171,22-2505,virginia opossum,7/25/2022,38.56104279,-78.44648743,Transferred,marsupial,Mammal,2022,Summer,July,25,Monday,0,7
Wildlife Center of Virginia,22-0042172,22-2506,virginia opossum,7/25/2022,38.56104279,-78.44648743,Transferred,marsupial,Mammal,2022,Summer,July,25,Monday,0,7
Wildlife Center of Virginia,22-0042173,22-2507,virginia opossum,7/25/2022,38.56104279,-78.44648743,Transferred,marsupial,Mammal,2022,Summer,July,25,Monday,0,7
Wildlife Center of Virginia,22-0042175,DOA22-0124,virginia opossum,7/25/2022,38.56104279,-78.44648743,Died,marsupial,Mammal,2022,Summer,July,25,Monday,0,7
Wildlife Center of Virginia,22-0011886,22-0517,eastern gray squirrel,4/17/2022,38.06850052,-78.45270538,Released,rodent,Mammal,2022,Spring,April,17,Sunday,6,4
Wildlife Center of Virginia,23-0069172,23-2855,northern cardinal,8/5/2023,38.16522598,-79.08050537,Euthanized,bird,Bird,2023,Summer,August,5,Saturday,5,8
Wildlife Center of Virginia,14-0009145,14-0320,mallard,4/17/2014,38.2708475,-78.8277243,Euthanized,bird,Bird,2014,Spring,April,17,Thursday,3,4
Wildlife Center of Virginia,15-0000437,15-0007,barred owl,1/4/2015,38.38616934,-78.92292126,Euthanized,owl,Bird,2015,Winter,January,4,Sunday,6,1
Wildlife Center of Virginia,22-0052015,22-3115,eastern gray squirrel,9/8/2022,38.14748001,-79.07240295,Died,rodent,Mammal,2022,Summer,September,8,Thursday,3,9
Wildlife Center of Virginia,21-0029953,21-1616,eastern painted turtle,6/2/2021,38.04652786,-78.92102051,Released,turtle,Reptile,2021,Spring,June,2,Wednesday,2,6
Wildlife Center of Virginia,22-0052348,DOA22-0136,eastern cottontail,9/10/2022,38.40744019,-78.7243576,Died,rabbits & hares,Mammal,2022,Summer,September,10,Saturday,5,9
Wildlife Center of Virginia,19-0037686,19-1936,eastern box turtle,6/28/2019,38.068727,-78.422231,Euthanized,turtle,Reptile,2019,Summer,June,28,Friday,4,6
Wildlife Center of Virginia,16-0009046,16-0123,mallard,3/18/2016,38.4707937,-78.8784134,Released,bird,Bird,2016,Winter,March,18,Friday,4,3
Wildlife Center of Virginia,19-0042354,19-2149,eastern box turtle,7/13/2019,37.474602,-77.5807971,Released,turtle,Reptile,2019,Summer,July,13,Saturday,5,7
Wildlife Center of Virginia,23-0080991,23-3622,cooper's hawk,10/6/2023,38.27142715,-78.82434845,Euthanized,bird,Bird,2023,Autumn,October,6,Friday,4,10
Wildlife Center of Virginia,17-0103980,17-2708,eastern screech-owl,12/4/2017,37.7608344,-79.4466664,Euthanized,bird,Bird,2017,Autumn,December,4,Monday,0,12
Wildlife Center of Virginia,21-0070264,21-3564,mourning dove,10/28/2021,38.14583206,-79.08200073,Euthanized,bird,Bird,2021,Autumn,October,28,Thursday,3,10
Wildlife Center of Virginia,22-0038074,22-2298,wild turkey,7/10/2022,38.10774994,-79.2049942,Died,bird,Bird,2022,Summer,July,10,Sunday,6,7
Wildlife Center of Virginia,15-0029692,15-1116,eastern box turtle,6/11/2015,38.064332,-78.439395,Euthanized,turtle,Reptile,2015,Spring,June,11,Thursday,3,6
Wildlife Center of Virginia,22-0038202,22-2302,eastern cottontail,7/11/2022,38.43956757,-78.91049957,Euthanized,rabbits & hares,Mammal,2022,Summer,July,11,Monday,0,7
Wildlife Center of Virginia,22-0064511,22-3668,eastern screech-owl,12/21/2022,38.12693787,-78.86737061,Euthanized,bird,Bird,2022,Autumn,December,21,Wednesday,2,12
Wildlife Center of Virginia,18-0010301,18-0168,european starling,3/19/2018,38.056965,-78.909583,Euthanized,bird,Bird,2018,Winter,March,19,Monday,0,3
Wildlife Center of Virginia,14-0026980,14-1310,northern cardinal,6/19/2014,38.0695089,-78.713433,Euthanized,bird,Bird,2014,Spring,June,19,Thursday,3,6
Wildlife Center of Virginia,22-0024121,22-1375,wood duck,5/29/2022,37.27039719,-79.92289734,Transferred,bird,Bird,2022,Spring,May,29,Sunday,6,5
Wildlife Center of Virginia,18-0128512,18-2253,rock dove,7/29/2018,38.2451994,-78.109982,Euthanized,bird,Bird,2018,Summer,July,29,Sunday,6,7
Wildlife Center of Virginia,20-0058738,20-2749,eastern box turtle,8/3/2020,38.0022203,-78.5000998,Euthanized,turtle,Reptile,2020,Summer,August,3,Monday,0,8
Wildlife Center of Virginia,19-0041316,19-2110,american robin,7/10/2019,37.5641371,-77.4517542,Released,bird,Bird,2019,Summer,July,10,Wednesday,2,7
Wildlife Center of Virginia,22-0037756,22-2257,black vulture,7/9/2022,37.71931839,-77.52268982,Euthanized,bird,Bird,2022,Summer,July,9,Saturday,5,7
Wildlife Center of Virginia,19-0048182,19-2416,eastern box turtle,7/31/2019,38.438652,-78.8565777,Released,turtle,Reptile,2019,Summer,July,31,Wednesday,2,7
Wildlife Center of Virginia,22-0044332,22-2640,eastern box turtle,8/2/2022,38.23606873,-78.27448273,Euthanized,turtle,Reptile,2022,Summer,August,2,Tuesday,1,8
Wildlife Center of Virginia,21-0079278,21-3785,canada goose,12/22/2021,38.08920288,-78.87756348,Euthanized,bird,Bird,2021,Winter,December,22,Wednesday,2,12
Wildlife Center of Virginia,18-0019185,18-0647,eastern box turtle,5/3/2018,37.9025518,-78.9021931,Euthanized,turtle,Reptile,2018,Spring,May,3,Thursday,3,5
Wildlife Center of Virginia,23-0025746,23-1769,snapping turtle,6/12/2023,38.46696472,-79.01345062,Released,turtle,Reptile,2023,Spring,June,12,Monday,0,6
Wildlife Center of Virginia,18-0150561,18-2940,turkey vulture,10/18/2018,38.0405482,-78.4564559,Euthanized,bird,Bird,2018,Autumn,October,18,Thursday,3,10
Wildlife Center of Virginia,18-0143396,18-2752,snapping turtle,9/15/2018,38.8220896,-77.3744544,Released,turtle,Reptile,2018,Summer,September,15,Saturday,5,9
Wildlife Center of Virginia,18-0122040,18-1974,eastern mud turtle,7/13/2018,37.784669,-77.802777,Released,turtle,Reptile,2018,Summer,July,13,Friday,4,7
Wildlife Center of Virginia,23-0025731,23-1774,snapping turtle,6/12/2023,38.13014603,-79.03960419,Released,turtle,Reptile,2023,Spring,June,12,Monday,0,6
Wildlife Center of Virginia,22-0025567,22-1456,eastern painted turtle,6/1/2022,37.98214722,-78.54273224,Died,turtle,Reptile,2022,Spring,June,1,Wednesday,2,6
Wildlife Center of Virginia,19-0067577,19-3066,eastern screech-owl,10/10/2019,37.9605284,-78.3211089,Euthanized,bird,Bird,2019,Autumn,October,10,Thursday,3,10
Wildlife Center of Virginia,22-0032104,22-1903,european starling,6/22/2022,38.46004105,-78.85297394,Euthanized,bird,Bird,2022,Summer,June,22,Wednesday,2,6
Wildlife Center of Virginia,23-0019082,23-1236,pileated woodpecker,5/19/2023,37.6094017,-78.38755798,Euthanized,bird,Bird,2023,Spring,May,19,Friday,4,5
Wildlife Center of Virginia,22-0010819,22-0456,pileated woodpecker,4/11/2022,38.07873535,-78.9278717,Released,bird,Bird,2022,Spring,April,11,Monday,0,4
Wildlife Center of Virginia,19-0066059,19-3039,eastern box turtle,10/5/2019,38.000305,-78.410967,Euthanized,turtle,Reptile,2019,Autumn,October,5,Saturday,5,10
Wildlife Center of Virginia,20-0045278,20-2058,eastern river cooter,6/23/2020,37.3463874,-77.4687188,Died,turtle,Reptile,2020,Summer,June,23,Tuesday,1,6
Wildlife Center of Virginia,23-0011229,23-0709,virginia opossum,4/20/2023,38.07032394,-78.69998932,Euthanized,marsupial,Mammal,2023,Spring,April,20,Thursday,3,4
Wildlife Center of Virginia,21-0003027,DOA21-0004,barred owl,1/20/2021,37.8961643,-79.1847265,Died,owl,Bird,2021,Winter,January,20,Wednesday,2,1
Wildlife Center of Virginia,20-0031410,20-1183,eastern ratsnake,5/24/2020,38.071249,-78.681915,Died,snake,Reptile,2020,Spring,May,24,Sunday,6,5
Wildlife Center of Virginia,22-0057694,22-3388,american robin,10/13/2022,38.0712471,-78.68191528,Died,bird,Bird,2022,Autumn,October,13,Thursday,3,10
Wildlife Center of Virginia,23-0068358,23-2786,northern cardinal,8/1/2023,38.35982132,-78.25402069,Released,bird,Bird,2023,Summer,August,1,Tuesday,1,8
Wildlife Center of Virginia,23-0033257,23-2364,white-tailed deer,7/8/2023,38.0675354,-79.01026154,Euthanized,deer,Mammal,2023,Summer,July,8,Saturday,5,7
Wildlife Center of Virginia,22-0017511,22-0955,northern cardinal,5/10/2022,38.11402512,-78.9905777,Died,bird,Bird,2022,Spring,May,10,Tuesday,1,5
Wildlife Center of Virginia,23-0015489,23-1004,virginia opossum,5/9/2023,38.11402512,-78.9905777,Released,marsupial,Mammal,2023,Spring,May,9,Tuesday,1,5
Wildlife Center of Virginia,21-0032525,21-1772,eastern painted turtle,6/9/2021,38.08101654,-78.96832275,Released,turtle,Reptile,2021,Spring,June,9,Wednesday,2,6
Wildlife Center of Virginia,20-0010405,20-0142,mallard,3/4/2020,38.5253678,-77.6763171,Released,bird,Bird,2020,Winter,March,4,Wednesday,2,3
Wildlife Center of Virginia,18-0161473,18-3158,eastern screech-owl,12/29/2018,38.25039621,-78.39842258,Euthanized,bird,Bird,2018,Winter,December,29,Saturday,5,12
Wildlife Center of Virginia,16-0067041,16-2233,eastern cottontail,10/4/2016,38.168627,-79.011999,Euthanized,rabbits & hares,Mammal,2016,Autumn,October,4,Tuesday,1,10
Wildlife Center of Virginia,23-0034374,23-2446,red-tailed hawk,7/12/2023,38.05211639,-79.24337769,Released,bird,Bird,2023,Summer,July,12,Wednesday,2,7
Wildlife Center of Virginia,21-0024745,21-1297,mourning dove,5/20/2021,38.3615036,-78.71424866,Euthanized,bird,Bird,2021,Spring,May,20,Thursday,3,5
Wildlife Center of Virginia,15-0055203,15-2081,eastern painted turtle,9/25/2015,38.1542699,-79.009355,Euthanized,turtle,Reptile,2015,Autumn,September,25,Friday,4,9
Wildlife Center of Virginia,23-0065394,23-2580,painted turtle,7/19/2023,38.15406799,-79.00918579,Euthanized,turtle,Reptile,2023,Summer,July,19,Wednesday,2,7
Wildlife Center of Virginia,14-0007930,14-0266,mallard,4/10/2014,38.413689,-78.947072,Euthanized,bird,Bird,2014,Spring,April,10,Thursday,3,4
Wildlife Center of Virginia,22-0056354,22-3332,eastern gray squirrel,10/3/2022,38.03543854,-78.46287537,Euthanized,rodent,Mammal,2022,Autumn,October,3,Monday,0,10
Wildlife Center of Virginia,23-0065094,23-2539,canada goose,7/18/2023,37.27396393,-76.73971558,Released,bird,Bird,2023,Summer,July,18,Tuesday,1,7
Wildlife Center of Virginia,23-0065095,23-2540,canada goose,7/18/2023,37.27396393,-76.73971558,Euthanized,bird,Bird,2023,Summer,July,18,Tuesday,1,7
Wildlife Center of Virginia,23-0034605,23-2462,virginia opossum,7/13/2023,38.1307869,-78.87101746,Transferred,marsupial,Mammal,2023,Summer,July,13,Thursday,3,7
Wildlife Center of Virginia,15-0031759,15-1218,common grackle,6/17/2015,38.026158,-79.050668,Died,bird,Bird,2015,Spring,June,17,Wednesday,2,6
Wildlife Center of Virginia,19-0061528,19-2938,eastern cottontail,9/18/2019,38.261208,-78.962901,Euthanized,rabbits & hares,Mammal,2019,Summer,September,18,Wednesday,2,9
Wildlife Center of Virginia,19-0066055,19-3038,eastern box turtle,10/5/2019,37.4154186,-77.634593,Released,turtle,Reptile,2019,Autumn,October,5,Saturday,5,10
Wildlife Center of Virginia,15-0055686,15-2091,eastern gray squirrel,9/28/2015,38.1469097,-79.0849027,Euthanized,rodent,Mammal,2015,Autumn,September,28,Monday,0,9
Wildlife Center of Virginia,23-0073729,23-3187,eastern box turtle,8/27/2023,37.77047348,-78.30671692,Euthanized,turtle,Reptile,2023,Summer,August,27,Sunday,6,8
Wildlife Center of Virginia,20-0054109,20-2571,eastern cottontail,7/19/2020,38.2653784,-78.7864245,Euthanized,rabbits & hares,Mammal,2020,Summer,July,19,Sunday,6,7
Wildlife Center of Virginia,15-0000134,15-0003,great horned owl,1/2/2015,37.9764419,-79.5045626,Euthanized,bird,Bird,2015,Winter,January,2,Friday,4,1
Wildlife Center of Virginia,19-0077360,DOA19-0103,eastern screech-owl,11/29/2019,38.08479,-78.867885,Died,bird,Bird,2019,Autumn,November,29,Friday,4,11
Wildlife Center of Virginia,15-0057449,15-2148,eastern painted turtle,10/9/2015,37.653177,-77.774852,Euthanized,turtle,Reptile,2015,Autumn,October,9,Friday,4,10
Wildlife Center of Virginia,20-0054097,20-2562,virginia opossum,7/19/2020,38.2646398,-78.7859376,Euthanized,marsupial,Mammal,2020,Summer,July,19,Sunday,6,7
Wildlife Center of Virginia,18-0025668,18-0966,eastern painted turtle,5/20/2018,38.271498,-78.881131,Euthanized,turtle,Reptile,2018,Spring,May,20,Sunday,6,5
Wildlife Center of Virginia,21-0051778,DOA21-0136,eastern box turtle,8/8/2021,37.87611008,-78.9393692,Died,turtle,Reptile,2021,Summer,August,8,Sunday,6,8
Wildlife Center of Virginia,19-0005756,19-0125,barred owl,3/2/2019,37.0521182,-78.9445011,Transferred,owl,Bird,2019,Winter,March,2,Saturday,5,3
Wildlife Center of Virginia,18-0108532,18-1437,eastern box turtle,6/13/2018,37.9928979,-78.4444555,Released,turtle,Reptile,2018,Spring,June,13,Wednesday,2,6
Wildlife Center of Virginia,19-0015408,19-0652,eastern gray squirrel,4/30/2019,38.435652,-78.934568,Euthanized,rodent,Mammal,2019,Spring,April,30,Tuesday,1,4
Wildlife Center of Virginia,21-0028702,21-1547,wild turkey,5/30/2021,37.98155594,-78.63652802,Euthanized,bird,Bird,2021,Spring,May,30,Sunday,6,5
Wildlife Center of Virginia,19-0003352,19-0066,virginia opossum,1/29/2019,37.8250339,-79.4752143,Euthanized,marsupial,Mammal,2019,Winter,January,29,Tuesday,1,1
Wildlife Center of Virginia,16-0033840,16-1123,eastern box turtle,6/11/2016,37.943706,-79.174237,Died,turtle,Reptile,2016,Spring,June,11,Saturday,5,6
Wildlife Center of Virginia,21-0011632,21-0427,virginia opossum,4/6/2021,38.12378311,-79.05952454,Euthanized,marsupial,Mammal,2021,Spring,April,6,Tuesday,1,4
Wildlife Center of Virginia,22-0057928,22-3410,eastern gray squirrel,10/16/2022,37.43316269,-77.645401,Euthanized,rodent,Mammal,2022,Autumn,October,16,Sunday,6,10
Wildlife Center of Virginia,19-0010594,19-0353,northern cardinal,4/11/2019,38.4128727,-78.9386357,Euthanized,bird,Bird,2019,Spring,April,11,Thursday,3,4
Wildlife Center of Virginia,16-0005635,16-0065,virginia opossum,2/17/2016,38.0671397,-78.7470858,Euthanized,marsupial,Mammal,2016,Winter,February,17,Wednesday,2,2
Wildlife Center of Virginia,21-0024242,21-1272,virginia opossum,5/19/2021,38.17040253,-78.82688141,Released,marsupial,Mammal,2021,Spring,May,19,Wednesday,2,5
Wildlife Center of Virginia,16-0031114,16-0983,eastern cottontail,6/3/2016,37.998183,-78.534141,Euthanized,rabbits & hares,Mammal,2016,Spring,June,3,Friday,4,6
Wildlife Center of Virginia,23-0004657,23-0096,bald eagle,2/5/2023,38.335495,-77.68968964,Euthanized,bird,Bird,2023,Winter,February,5,Sunday,6,2
Wildlife Center of Virginia,16-0037804,16-1256,virginia opossum,6/21/2016,37.98983,-78.9807919,Transferred,marsupial,Mammal,2016,Summer,June,21,Tuesday,1,6
Wildlife Center of Virginia,16-0037805,16-1257,virginia opossum,6/21/2016,37.98983,-78.9807919,Transferred,marsupial,Mammal,2016,Summer,June,21,Tuesday,1,6
Wildlife Center of Virginia,16-0037806,16-1258,virginia opossum,6/21/2016,37.98983,-78.9807919,Euthanized,marsupial,Mammal,2016,Summer,June,21,Tuesday,1,6
Wildlife Center of Virginia,16-0037808,16-1259,virginia opossum,6/21/2016,37.98983,-78.9807919,Transferred,marsupial,Mammal,2016,Summer,June,21,Tuesday,1,6
Wildlife Center of Virginia,16-0037809,16-1260,virginia opossum,6/21/2016,37.98983,-78.9807919,Transferred,marsupial,Mammal,2016,Summer,June,21,Tuesday,1,6
Wildlife Center of Virginia,16-0037810,16-1261,virginia opossum,6/21/2016,37.98983,-78.9807919,Transferred,marsupial,Mammal,2016,Summer,June,21,Tuesday,1,6
Wildlife Center of Virginia,16-0037811,16-1262,virginia opossum,6/21/2016,37.98983,-78.9807919,Euthanized,marsupial,Mammal,2016,Summer,June,21,Tuesday,1,6
Wildlife Center of Virginia,16-0037812,16-1263,virginia opossum,6/21/2016,37.98983,-78.9807919,Died,marsupial,Mammal,2016,Summer,June,21,Tuesday,1,6
Wildlife Center of Virginia,16-0037813,16-1264,virginia opossum,6/21/2016,37.98983,-78.9807919,Euthanized,marsupial,Mammal,2016,Summer,June,21,Tuesday,1,6
Wildlife Center of Virginia,20-0071467,20-3342,eastern box turtle,9/28/2020,38.08877127,-78.87628071,Euthanized,turtle,Reptile,2020,Autumn,September,28,Monday,0,9
Wildlife Center of Virginia,18-0139682,18-2612,eastern box turtle,8/31/2018,37.8629643,-78.2638691,Euthanized,turtle,Reptile,2018,Summer,August,31,Friday,4,8
Wildlife Center of Virginia,17-0052845,17-2009,gray catbird,8/2/2017,38.03923918,-78.91379936,Transferred,bird,Bird,2017,Summer,August,2,Wednesday,2,8
Wildlife Center of Virginia,21-0080391,21-3801,eastern screech-owl,12/30/2021,38.12321472,-79.06596375,Released,bird,Bird,2021,Winter,December,30,Thursday,3,12
Wildlife Center of Virginia,18-0009266,18-0132,bald eagle,3/6/2018,37.9815389,-78.5474497,Released,bird,Bird,2018,Winter,March,6,Tuesday,1,3
Wildlife Center of Virginia,21-0051767,21-2828,red-tailed hawk,8/8/2021,37.82688904,-78.77799225,Died,bird,Bird,2021,Summer,August,8,Sunday,6,8
Wildlife Center of Virginia,18-0019021,18-0627,virginia opossum,5/2/2018,38.2721942,-78.532289,Released,marsupial,Mammal,2018,Spring,May,2,Wednesday,2,5
Wildlife Center of Virginia,18-0019022,18-0628,virginia opossum,5/2/2018,38.2721942,-78.532289,Released,marsupial,Mammal,2018,Spring,May,2,Wednesday,2,5
Wildlife Center of Virginia,18-0019023,18-0629,virginia opossum,5/2/2018,38.2721942,-78.532289,Released,marsupial,Mammal,2018,Spring,May,2,Wednesday,2,5
Wildlife Center of Virginia,18-0019025,18-0630,virginia opossum,5/2/2018,38.2721942,-78.532289,Released,marsupial,Mammal,2018,Spring,May,2,Wednesday,2,5
Wildlife Center of Virginia,18-0019026,18-0631,virginia opossum,5/2/2018,38.2721942,-78.532289,Released,marsupial,Mammal,2018,Spring,May,2,Wednesday,2,5
Wildlife Center of Virginia,18-0019027,18-0632,virginia opossum,5/2/2018,38.2721942,-78.532289,Released,marsupial,Mammal,2018,Spring,May,2,Wednesday,2,5
Wildlife Center of Virginia,18-0019028,18-0633,virginia opossum,5/2/2018,38.2721942,-78.532289,Released,marsupial,Mammal,2018,Spring,May,2,Wednesday,2,5
Wildlife Center of Virginia,22-0023953,22-1363,eastern box turtle,5/28/2022,37.67454529,-78.95379639,Euthanized,turtle,Reptile,2022,Spring,May,28,Saturday,5,5
Wildlife Center of Virginia,19-0025351,19-1192,barred owl,5/29/2019,37.0880231,-82.3605031,Euthanized,owl,Bird,2019,Spring,May,29,Wednesday,2,5
Wildlife Center of Virginia,22-0020238,22-1155,red-shouldered hawk,5/18/2022,38.16968536,-78.94438171,Euthanized,bird,Bird,2022,Spring,May,18,Wednesday,2,5
Wildlife Center of Virginia,23-0034300,23-2441,eastern cottontail,7/12/2023,38.1229248,-79.0663147,Euthanized,rabbits & hares,Mammal,2023,Summer,July,12,Wednesday,2,7
Wildlife Center of Virginia,17-0042545,17-1710,eastern river cooter,7/6/2017,37.4066547,-77.660991,Released,turtle,Reptile,2017,Summer,July,6,Thursday,3,7
Wildlife Center of Virginia,21-0023401,21-1228,eastern cottontail,5/17/2021,38.27385712,-78.83034515,Euthanized,rabbits & hares,Mammal,2021,Spring,May,17,Monday,0,5
Wildlife Center of Virginia,16-0046957,16-1597,striped skunk,7/17/2016,38.068084,-78.901438,Euthanized,skunk,Mammal,2016,Summer,July,17,Sunday,6,7
Wildlife Center of Virginia,21-0058884,21-3163,eastern cottontail,9/5/2021,38.20623398,-79.01203918,Euthanized,rabbits & hares,Mammal,2021,Summer,September,5,Sunday,6,9
Wildlife Center of Virginia,21-0014146,21-0566,virginia opossum,4/18/2021,37.91575241,-78.32826233,Released,marsupial,Mammal,2021,Spring,April,18,Sunday,6,4
Wildlife Center of Virginia,21-0014147,21-0567,virginia opossum,4/18/2021,37.91575241,-78.32826233,Released,marsupial,Mammal,2021,Spring,April,18,Sunday,6,4
Wildlife Center of Virginia,21-0014148,21-0568,virginia opossum,4/18/2021,37.91575241,-78.32826233,Released,marsupial,Mammal,2021,Spring,April,18,Sunday,6,4
Wildlife Center of Virginia,21-0014149,21-0569,virginia opossum,4/18/2021,37.91575241,-78.32826233,Released,marsupial,Mammal,2021,Spring,April,18,Sunday,6,4
Wildlife Center of Virginia,21-0014150,21-0570,virginia opossum,4/18/2021,37.91575241,-78.32826233,Released,marsupial,Mammal,2021,Spring,April,18,Sunday,6,4
Wildlife Center of Virginia,21-0014151,21-0571,virginia opossum,4/18/2021,37.91575241,-78.32826233,Released,marsupial,Mammal,2021,Spring,April,18,Sunday,6,4
Wildlife Center of Virginia,21-0014152,21-0572,virginia opossum,4/18/2021,37.91575241,-78.32826233,Released,marsupial,Mammal,2021,Spring,April,18,Sunday,6,4
Wildlife Center of Virginia,21-0014153,21-0573,virginia opossum,4/18/2021,37.91575241,-78.32826233,Released,marsupial,Mammal,2021,Spring,April,18,Sunday,6,4
Wildlife Center of Virginia,21-0014154,21-0574,virginia opossum,4/18/2021,37.91575241,-78.32826233,Released,marsupial,Mammal,2021,Spring,April,18,Sunday,6,4
Wildlife Center of Virginia,21-0014157,21-0575,virginia opossum,4/18/2021,37.91575241,-78.32826233,Released,marsupial,Mammal,2021,Spring,April,18,Sunday,6,4
Wildlife Center of Virginia,21-0014158,21-0576,virginia opossum,4/18/2021,37.91575241,-78.32826233,Released,marsupial,Mammal,2021,Spring,April,18,Sunday,6,4
Wildlife Center of Virginia,22-0016596,22-0876,canada goose,5/6/2022,37.51286697,-77.60655212,Euthanized,bird,Bird,2022,Spring,May,6,Friday,4,5
Wildlife Center of Virginia,23-0065091,23-2538,eastern box turtle,7/18/2023,38.0723877,-77.41934204,Euthanized,turtle,Reptile,2023,Summer,July,18,Tuesday,1,7
Wildlife Center of Virginia,23-0030332,23-2127,eastern box turtle,6/27/2023,38.07180786,-77.478508,Released,turtle,Reptile,2023,Summer,June,27,Tuesday,1,6
Wildlife Center of Virginia,20-0068143,20-3207,common musk turtle,9/13/2020,38.085675,-78.868143,Died,turtle,Reptile,2020,Summer,September,13,Sunday,6,9
Wildlife Center of Virginia,21-0078413,21-3759,red-shouldered hawk,12/15/2021,37.88187408,-78.55039978,Died,bird,Bird,2021,Autumn,December,15,Wednesday,2,12
Wildlife Center of Virginia,21-0064624,21-3404,barred owl,9/30/2021,38.22006226,-77.82227325,Euthanized,owl,Bird,2021,Autumn,September,30,Thursday,3,9
Wildlife Center of Virginia,20-0034576,20-1378,eastern box turtle,5/30/2020,37.8870815,-78.3893749,Euthanized,turtle,Reptile,2020,Spring,May,30,Saturday,5,5
Wildlife Center of Virginia,23-0069008,23-2843,barred owl,8/4/2023,37.78674698,-77.69926453,Euthanized,owl,Bird,2023,Summer,August,4,Friday,4,8
Wildlife Center of Virginia,19-0048363,19-2427,northern cardinal,7/31/2019,38.1628147,-79.0663151,Released,bird,Bird,2019,Summer,July,31,Wednesday,2,7
Wildlife Center of Virginia,23-0032683,23-2292,eastern box turtle,7/5/2023,37.34132385,-78.81848907,Euthanized,turtle,Reptile,2023,Summer,July,5,Wednesday,2,7
Wildlife Center of Virginia,22-0030849,22-1818,northern mockingbird,6/18/2022,38.05620193,-78.49572754,Euthanized,bird,Bird,2022,Spring,June,18,Saturday,5,6
Wildlife Center of Virginia,23-0074252,23-3208,yellow-bellied slider,8/30/2023,37.53001785,-78.4927063,Euthanized,turtle,Reptile,2023,Summer,August,30,Wednesday,2,8
Wildlife Center of Virginia,22-0039681,22-2361,european starling,7/15/2022,38.20907211,-78.21766663,Euthanized,bird,Bird,2022,Summer,July,15,Friday,4,7
Wildlife Center of Virginia,15-0066558,15-2337,turkey vulture,12/30/2015,38.273218,-79.092286,Euthanized,bird,Bird,2015,Winter,December,30,Wednesday,2,12
Wildlife Center of Virginia,17-0005703,17-0185,virginia opossum,2/24/2017,38.273218,-79.092286,Died,marsupial,Mammal,2017,Winter,February,24,Friday,4,2
Wildlife Center of Virginia,20-0001169,20-0010,cedar waxwing,1/5/2020,38.273218,-79.092286,Euthanized,bird,Bird,2020,Winter,January,5,Sunday,6,1
Wildlife Center of Virginia,20-0022491,20-0750,turkey vulture,4/30/2020,38.273218,-79.092286,Euthanized,bird,Bird,2020,Spring,April,30,Thursday,3,4
Wildlife Center of Virginia,22-0014065,22-0704,virginia opossum,4/28/2022,37.45260239,-79.09445953,Euthanized,marsupial,Mammal,2022,Spring,April,28,Thursday,3,4
Wildlife Center of Virginia,21-0023616,21-1244,red-shouldered hawk,5/17/2021,38.23165131,-79.34851074,Euthanized,bird,Bird,2021,Spring,May,17,Monday,0,5
Wildlife Center of Virginia,21-0054869,21-2975,eastern box turtle,8/19/2021,37.45528412,-79.16838837,Died,turtle,Reptile,2021,Summer,August,19,Thursday,3,8
Wildlife Center of Virginia,20-0088870,20-3726,red-shouldered hawk,12/31/2020,37.8238248,-77.59241,Died,bird,Bird,2020,Winter,December,31,Thursday,3,12
Wildlife Center of Virginia,20-0067530,20-3171,eastern box turtle,9/9/2020,38.0690426,-78.669148,Euthanized,turtle,Reptile,2020,Summer,September,9,Wednesday,2,9
Wildlife Center of Virginia,23-0086311,23-3878,turkey vulture,11/24/2023,37.79455185,-77.68920135,Euthanized,bird,Bird,2023,Autumn,November,24,Friday,4,11
Wildlife Center of Virginia,19-0077881,19-3267,eastern screech-owl,12/2/2019,37.8268967,-78.7850081,Released,bird,Bird,2019,Autumn,December,2,Monday,0,12
Wildlife Center of Virginia,22-0024122,22-1386,virginia opossum,5/29/2022,38.28383255,-78.42834473,Released,marsupial,Mammal,2022,Spring,May,29,Sunday,6,5
Wildlife Center of Virginia,22-0024123,22-1387,virginia opossum,5/29/2022,38.28383255,-78.42834473,Released,marsupial,Mammal,2022,Spring,May,29,Sunday,6,5
Wildlife Center of Virginia,22-0024124,22-1388,virginia opossum,5/29/2022,38.28383255,-78.42834473,Died,marsupial,Mammal,2022,Spring,May,29,Sunday,6,5
Wildlife Center of Virginia,22-0024125,22-1389,virginia opossum,5/29/2022,38.28383255,-78.42834473,Released,marsupial,Mammal,2022,Spring,May,29,Sunday,6,5
Wildlife Center of Virginia,21-0007094,21-0188,canada goose,2/28/2021,37.98450851,-78.27008057,Euthanized,bird,Bird,2021,Winter,February,28,Sunday,6,2
Wildlife Center of Virginia,21-0045451,21-2432,canada goose,7/15/2021,37.98450851,-78.27008057,Euthanized,bird,Bird,2021,Summer,July,15,Thursday,3,7
Wildlife Center of Virginia,23-0012128,23-0754,canada goose,4/24/2023,37.98450851,-78.27008057,Euthanized,bird,Bird,2023,Spring,April,24,Monday,0,4
Wildlife Center of Virginia,16-0024674,16-0737,red-tailed hawk,5/18/2016,37.300996,-79.995004,Transferred,bird,Bird,2016,Spring,May,18,Wednesday,2,5
Wildlife Center of Virginia,21-0003514,21-0092,red-tailed hawk,1/27/2021,38.098435,-79.2045289,Euthanized,bird,Bird,2021,Winter,January,27,Wednesday,2,1
Wildlife Center of Virginia,23-0011380,23-0712,common grackle,4/20/2023,37.40583038,-77.67524719,Euthanized,bird,Bird,2023,Spring,April,20,Thursday,3,4
Wildlife Center of Virginia,22-0045286,22-2698,mourning dove,8/7/2022,37.72538757,-79.35308838,Died,bird,Bird,2022,Summer,August,7,Sunday,6,8
Wildlife Center of Virginia,21-0016100,21-0690,red-tailed hawk,4/26/2021,38.15217972,-79.11540222,Released,bird,Bird,2021,Spring,April,26,Monday,0,4
Wildlife Center of Virginia,17-0002522,17-0054,gray fox,1/17/2017,38.0762075,-78.495027,Died,fox,Mammal,2017,Winter,January,17,Tuesday,1,1
Wildlife Center of Virginia,22-0033403,22-2035,snapping turtle,6/26/2022,37.37031555,-79.3006897,Released,turtle,Reptile,2022,Summer,June,26,Sunday,6,6
Wildlife Center of Virginia,19-0036763,19-1872,eastern painted turtle,6/26/2019,38.6213086,-78.6889326,Euthanized,turtle,Reptile,2019,Summer,June,26,Wednesday,2,6
Wildlife Center of Virginia,21-0030637,21-1655,eastern box turtle,6/4/2021,37.99702835,-78.50518036,Died,turtle,Reptile,2021,Spring,June,4,Friday,4,6
Wildlife Center of Virginia,22-0008337,22-0284,eastern american toad,3/24/2022,37.2025528,-80.48865509,Euthanized,toad,Amphibian,2022,Spring,March,24,Thursday,3,3
Wildlife Center of Virginia,20-0056914,20-2683,eastern box turtle,7/28/2020,37.9964792,-78.7568647,Euthanized,turtle,Reptile,2020,Summer,July,28,Tuesday,1,7
Wildlife Center of Virginia,20-0084371,20-3656,eastern screech-owl,12/4/2020,38.6144623,-78.4982479,Euthanized,bird,Bird,2020,Autumn,December,4,Friday,4,12
Wildlife Center of Virginia,21-0038708,21-2128,eastern box turtle,6/26/2021,37.94816208,-78.27438354,Released,turtle,Reptile,2021,Summer,June,26,Saturday,5,6
Wildlife Center of Virginia,20-0052928,20-2478,great blue heron,7/15/2020,38.771311,-78.904767,Euthanized,bird,Bird,2020,Summer,July,15,Wednesday,2,7
Wildlife Center of Virginia,23-0003723,23-0058,red-shouldered hawk,1/22/2023,38.77131271,-78.9047699,Euthanized,bird,Bird,2023,Winter,January,22,Sunday,6,1
Wildlife Center of Virginia,15-0058083,15-2173,eastern gray squirrel,10/15/2015,37.954896,-77.967394,Euthanized,rodent,Mammal,2015,Autumn,October,15,Thursday,3,10
Wildlife Center of Virginia,16-0013536,16-0290,eastern cottontail,4/16/2016,37.9750864,-79.6035196,Euthanized,rabbits & hares,Mammal,2016,Spring,April,16,Saturday,5,4
Wildlife Center of Virginia,22-0023056,22-1303,lesser scaup,5/25/2022,38.30675507,-79.45033264,Died,bird,Bird,2022,Spring,May,25,Wednesday,2,5
Wildlife Center of Virginia,21-0013419,21-0524,eastern gray squirrel,4/15/2021,38.15317154,-79.14818573,Euthanized,rodent,Mammal,2021,Spring,April,15,Thursday,3,4
Wildlife Center of Virginia,21-0079277,21-3784,barred owl,12/22/2021,38.15350723,-79.14827728,Euthanized,owl,Bird,2021,Winter,December,22,Wednesday,2,12
Wildlife Center of Virginia,20-0052835,20-2474,eastern box turtle,7/15/2020,38.07901275,-79.01519649,Euthanized,turtle,Reptile,2020,Summer,July,15,Wednesday,2,7
Wildlife Center of Virginia,23-0008177,23-0416,eastern screech-owl,4/1/2023,38.29598618,-79.0747757,Euthanized,bird,Bird,2023,Spring,April,1,Saturday,5,4
Wildlife Center of Virginia,18-0033217,18-1335,eastern chipmunk,6/7/2018,38.2700109,-79.075554,Euthanized,rodent,Mammal,2018,Spring,June,7,Thursday,3,6
Wildlife Center of Virginia,15-0058632,15-2188,eastern cottontail,10/21/2015,38.43668,-78.888243,Euthanized,rabbits & hares,Mammal,2015,Autumn,October,21,Wednesday,2,10
Wildlife Center of Virginia,21-0040233,21-2184,northern cardinal,6/30/2021,38.27316284,-78.82249451,Transferred,bird,Bird,2021,Summer,June,30,Wednesday,2,6
Wildlife Center of Virginia,20-0037859,20-1568,eastern painted turtle,6/7/2020,38.155638,-78.930537,Euthanized,turtle,Reptile,2020,Spring,June,7,Sunday,6,6
Wildlife Center of Virginia,21-0061452,21-3276,red-tailed hawk,9/15/2021,37.56825256,-80.26011658,Released,bird,Bird,2021,Summer,September,15,Wednesday,2,9
Wildlife Center of Virginia,21-0013364,21-0519,mallard,4/14/2021,37.40060043,-79.18315125,Euthanized,bird,Bird,2021,Spring,April,14,Wednesday,2,4
Wildlife Center of Virginia,23-0065655,23-2608,white-tailed deer,7/21/2023,37.81062317,-77.50942993,Euthanized,deer,Mammal,2023,Summer,July,21,Friday,4,7
Wildlife Center of Virginia,18-0003005,18-0033,american robin,1/13/2018,38.0792209,-78.584878,Died,bird,Bird,2018,Winter,January,13,Saturday,5,1
Wildlife Center of Virginia,22-0061706,22-3546,red-shouldered hawk,11/17/2022,37.98482513,-78.29704285,Euthanized,bird,Bird,2022,Autumn,November,17,Thursday,3,11
Wildlife Center of Virginia,22-0050286,22-3000,eastern box turtle,8/30/2022,38.07824707,-78.46544647,Euthanized,turtle,Reptile,2022,Summer,August,30,Tuesday,1,8
Wildlife Center of Virginia,16-0040252,16-1360,american goldfinch,6/27/2016,38.0564589,-79.079925,Died,bird,Bird,2016,Summer,June,27,Monday,0,6
Wildlife Center of Virginia,20-0044727,20-2021,red-bellied woodpecker,6/22/2020,38.0566461,-79.0725271,Died,bird,Bird,2020,Summer,June,22,Monday,0,6
Wildlife Center of Virginia,16-0004554,16-0036,downy woodpecker,2/2/2016,38.0018627,-78.8281163,Died,bird,Bird,2016,Winter,February,2,Tuesday,1,2
Wildlife Center of Virginia,19-0010864,DOA19-0011,virginia opossum,4/12/2019,37.9880282,-78.4389605,Died,marsupial,Mammal,2019,Spring,April,12,Friday,4,4
Wildlife Center of Virginia,19-0058016,19-2786,eastern box turtle,9/4/2019,37.9880282,-78.4389605,Released,turtle,Reptile,2019,Summer,September,4,Wednesday,2,9
Wildlife Center of Virginia,20-0043342,20-1950,snapping turtle,6/19/2020,38.00601206,-78.45708619,Released,turtle,Reptile,2020,Spring,June,19,Friday,4,6
Wildlife Center of Virginia,22-0060375,DOA22-0146,eastern screech-owl,11/2/2022,37.15577316,-79.4431076,Died,bird,Bird,2022,Autumn,November,2,Wednesday,2,11
Wildlife Center of Virginia,22-0029616,22-1725,virginia opossum,6/14/2022,38.02391815,-78.50429535,Euthanized,marsupial,Mammal,2022,Spring,June,14,Tuesday,1,6
Wildlife Center of Virginia,22-0050581,22-3012,cooper's hawk,8/31/2022,38.65618134,-78.86953735,Euthanized,bird,Bird,2022,Summer,August,31,Wednesday,2,8
Wildlife Center of Virginia,21-0032059,21-1756,eastern box turtle,6/8/2021,37.71317673,-77.62184143,Euthanized,turtle,Reptile,2021,Spring,June,8,Tuesday,1,6
Wildlife Center of Virginia,16-0073972,16-2438,eastern gray squirrel,11/15/2016,38.164574,-79.063737,Died,rodent,Mammal,2016,Autumn,November,15,Tuesday,1,11
Wildlife Center of Virginia,15-0057795,15-2162,eastern screech-owl,10/13/2015,38.3596736,-78.7924391,Euthanized,bird,Bird,2015,Autumn,October,13,Tuesday,1,10
Wildlife Center of Virginia,21-0032582,21-1781,red-eared slider,6/9/2021,38.04278946,-78.443573,Euthanized,turtle,Reptile,2021,Spring,June,9,Wednesday,2,6
Wildlife Center of Virginia,21-0003291,21-0070,eastern screech-owl,1/23/2021,36.76361084,-80.68281555,Released,bird,Bird,2021,Winter,January,23,Saturday,5,1
Wildlife Center of Virginia,23-0006069,23-0209,turkey vulture,3/8/2023,38.19396973,-79.01687622,Euthanized,bird,Bird,2023,Winter,March,8,Wednesday,2,3
Wildlife Center of Virginia,18-0034485,18-1399,white-tailed deer,6/11/2018,38.218263,-79.026201,Euthanized,deer,Mammal,2018,Spring,June,11,Monday,0,6
Wildlife Center of Virginia,20-0075083,20-3420,eastern box turtle,10/12/2020,38.44862106,-78.87080657,Euthanized,turtle,Reptile,2020,Autumn,October,12,Monday,0,10
Wildlife Center of Virginia,21-0001867,21-0023,red-shouldered hawk,1/10/2021,38.807039,-78.7894077,Euthanized,bird,Bird,2021,Winter,January,10,Sunday,6,1
Wildlife Center of Virginia,17-0100872,17-2677,red-shouldered hawk,11/20/2017,38.143703,-78.445644,Euthanized,bird,Bird,2017,Autumn,November,20,Monday,0,11
Wildlife Center of Virginia,19-0051032,19-2538,red-shouldered hawk,8/10/2019,37.6367604,-77.7980604,Euthanized,bird,Bird,2019,Summer,August,10,Saturday,5,8
Wildlife Center of Virginia,20-0063667,20-2962,gray fox,8/22/2020,37.8524824,-78.4460416,Released,fox,Mammal,2020,Summer,August,22,Saturday,5,8
Wildlife Center of Virginia,19-0016435,19-0723,virginia opossum,5/4/2019,38.4738243,-78.8689394,Released,marsupial,Mammal,2019,Spring,May,4,Saturday,5,5
Wildlife Center of Virginia,19-0016436,19-0724,virginia opossum,5/4/2019,38.4738243,-78.8689394,Euthanized,marsupial,Mammal,2019,Spring,May,4,Saturday,5,5
Wildlife Center of Virginia,19-0016437,19-0725,virginia opossum,5/4/2019,38.4738243,-78.8689394,Released,marsupial,Mammal,2019,Spring,May,4,Saturday,5,5
Wildlife Center of Virginia,14-0048305,14-2247,eastern screech-owl,10/11/2014,38.61397861,-78.45124203,Euthanized,bird,Bird,2014,Autumn,October,11,Saturday,5,10
Wildlife Center of Virginia,22-0026883,22-1568,woodchuck,6/5/2022,38.02780914,-78.5317688,Euthanized,rodent,Mammal,2022,Spring,June,5,Sunday,6,6
Wildlife Center of Virginia,17-0095487,17-2590,eastern box turtle,10/24/2017,37.9139309,-78.8706162,Euthanized,turtle,Reptile,2017,Autumn,October,24,Tuesday,1,10
Wildlife Center of Virginia,23-0006856,23-0285,bald eagle,3/21/2023,37.50362396,-76.89474487,Euthanized,bird,Bird,2023,Spring,March,21,Tuesday,1,3
Wildlife Center of Virginia,23-0002100,23-0035,red-tailed hawk,1/13/2023,37.84348297,-78.82518768,Euthanized,bird,Bird,2023,Winter,January,13,Friday,4,1
Wildlife Center of Virginia,14-0057620,14-2400,barred owl,12/19/2014,36.8475489,-81.49347,Euthanized,owl,Bird,2014,Autumn,December,19,Friday,4,12
Wildlife Center of Virginia,20-0003922,20-0035,eastern screech-owl,1/18/2020,38.0381159,-78.4985215,Euthanized,bird,Bird,2020,Winter,January,18,Saturday,5,1
Wildlife Center of Virginia,22-0044730,22-2658,indigo bunting,8/4/2022,38.16400146,-79.11624146,Died,bird,Bird,2022,Summer,August,4,Thursday,3,8
Wildlife Center of Virginia,21-0003553,21-0094,barred owl,1/29/2021,38.21053696,-79.13040161,Released,owl,Bird,2021,Winter,January,29,Friday,4,1
Wildlife Center of Virginia,16-0067007,16-2229,eastern box turtle,10/4/2016,37.8874026,-79.3727756,Euthanized,turtle,Reptile,2016,Autumn,October,4,Tuesday,1,10
Wildlife Center of Virginia,15-0050472,15-1935,eastern box turtle,8/30/2015,37.4107166,-79.255966,Died,turtle,Reptile,2015,Summer,August,30,Sunday,6,8
Wildlife Center of Virginia,19-0030494,19-1529,eastern screech-owl,6/11/2019,38.00735324,-78.50982816,Died,bird,Bird,2019,Spring,June,11,Tuesday,1,6
Wildlife Center of Virginia,19-0029726,19-1482,virginia opossum,6/9/2019,37.5578634,-77.4431968,Died,marsupial,Mammal,2019,Spring,June,9,Sunday,6,6
Wildlife Center of Virginia,19-0029727,19-1481,virginia opossum,6/9/2019,37.5578634,-77.4431968,Euthanized,marsupial,Mammal,2019,Spring,June,9,Sunday,6,6
Wildlife Center of Virginia,19-0029728,19-1480,virginia opossum,6/9/2019,37.5578634,-77.4431968,Euthanized,marsupial,Mammal,2019,Spring,June,9,Sunday,6,6
Wildlife Center of Virginia,19-0029729,19-1479,virginia opossum,6/9/2019,37.5578634,-77.4431968,Died,marsupial,Mammal,2019,Spring,June,9,Sunday,6,6
Wildlife Center of Virginia,19-0029731,19-1478,virginia opossum,6/9/2019,37.5578634,-77.4431968,Died,marsupial,Mammal,2019,Spring,June,9,Sunday,6,6
Wildlife Center of Virginia,19-0029732,19-1477,virginia opossum,6/9/2019,37.5578634,-77.4431968,Died,marsupial,Mammal,2019,Spring,June,9,Sunday,6,6
Wildlife Center of Virginia,19-0029733,19-1476,virginia opossum,6/9/2019,37.5578634,-77.4431968,Died,marsupial,Mammal,2019,Spring,June,9,Sunday,6,6
Wildlife Center of Virginia,22-0038837,22-2328,white-tailed deer,7/13/2022,37.92299271,-78.04491425,Euthanized,deer,Mammal,2022,Summer,July,13,Wednesday,2,7
Wildlife Center of Virginia,22-0010658,22-0455,turkey vulture,4/10/2022,38.10533905,-79.07962036,Euthanized,bird,Bird,2022,Spring,April,10,Sunday,6,4
Wildlife Center of Virginia,21-0067196,21-3511,red-shouldered hawk,10/16/2021,37.99812698,-78.50615692,Released,bird,Bird,2021,Autumn,October,16,Saturday,5,10
Wildlife Center of Virginia,19-0066044,19-3037,rose-breasted grosbeak,10/5/2019,38.0490718,-78.4879587,Euthanized,bird,Bird,2019,Autumn,October,5,Saturday,5,10
Wildlife Center of Virginia,21-0017564,21-0804,red-tailed hawk,4/30/2021,37.0568161,-76.40139008,Died,bird,Bird,2021,Spring,April,30,Friday,4,4
Wildlife Center of Virginia,15-0053020,15-2019,eastern box turtle,9/11/2015,37.8063372,-79.4745801,Euthanized,turtle,Reptile,2015,Summer,September,11,Friday,4,9
Wildlife Center of Virginia,17-0025096,17-1100,snapping turtle,5/24/2017,37.3451165,-79.8456779,Transferred,turtle,Reptile,2017,Spring,May,24,Wednesday,2,5
Wildlife Center of Virginia,23-0004899,23-0111,eastern screech-owl,2/11/2023,37.07361603,-78.61489105,Euthanized,bird,Bird,2023,Winter,February,11,Saturday,5,2
Wildlife Center of Virginia,20-0010008,20-0134,northern cardinal,2/29/2020,38.0809852,-78.8942551,Euthanized,bird,Bird,2020,Winter,February,29,Saturday,5,2
Wildlife Center of Virginia,14-0029721,14-1475,yellow-billed cuckoo,6/29/2014,38.081586,-78.8963998,Euthanized,bird,Bird,2014,Summer,June,29,Sunday,6,6
Wildlife Center of Virginia,21-0077251,21-3718,eastern screech-owl,12/6/2021,37.55340958,-79.02633667,Euthanized,bird,Bird,2021,Autumn,December,6,Monday,0,12
Wildlife Center of Virginia,21-0046924,21-2535,eastern box turtle,7/21/2021,38.04241943,-78.91082764,Euthanized,turtle,Reptile,2021,Summer,July,21,Wednesday,2,7
Wildlife Center of Virginia,16-0008150,Delphine,virginia opossum,3/11/2016,38.04149,-78.91101,Died,marsupial,Mammal,2016,Winter,March,11,Friday,4,3
Wildlife Center of Virginia,15-0041299,15-1602,eastern screech-owl,7/20/2015,37.8892848,-79.4585353,Died,bird,Bird,2015,Summer,July,20,Monday,0,7
Wildlife Center of Virginia,23-0077971,23-3465,eastern box turtle,9/18/2023,37.85946274,-77.60002136,Released,turtle,Reptile,2023,Summer,September,18,Monday,0,9
Wildlife Center of Virginia,23-0009011,23-0499,virginia opossum,4/7/2023,38.02193069,-78.50627136,Transferred,marsupial,Mammal,2023,Spring,April,7,Friday,4,4
Wildlife Center of Virginia,18-0133949,18-2424,white-tailed deer,8/13/2018,38.151947,-78.92562,Euthanized,deer,Mammal,2018,Summer,August,13,Monday,0,8
Wildlife Center of Virginia,19-0002802,19-0056,muscovy duck,1/25/2019,38.15610642,-78.85464882,Euthanized,bird,Bird,2019,Winter,January,25,Friday,4,1
Wildlife Center of Virginia,21-0053094,21-2878,eastern box turtle,8/13/2021,37.92799377,-77.67131042,Euthanized,turtle,Reptile,2021,Summer,August,13,Friday,4,8
Wildlife Center of Virginia,22-0032899,22-1988,barred owl,6/24/2022,37.3813591,-79.29718018,Euthanized,owl,Bird,2022,Summer,June,24,Friday,4,6
Wildlife Center of Virginia,20-0024499,20-0862,eastern painted turtle,5/7/2020,38.3520295,-78.9135083,Released,turtle,Reptile,2020,Spring,May,7,Thursday,3,5
Wildlife Center of Virginia,22-0024132,22-1377,virginia opossum,5/29/2022,38.1763649,-78.15539551,Euthanized,marsupial,Mammal,2022,Spring,May,29,Sunday,6,5
Wildlife Center of Virginia,19-0030763,19-1548,eastern box turtle,6/12/2019,37.8722441,-78.8218539,Euthanized,turtle,Reptile,2019,Spring,June,12,Wednesday,2,6
Wildlife Center of Virginia,21-0001361,21-0015,red-shouldered hawk,1/8/2021,38.43195343,-79.44061279,Released,bird,Bird,2021,Winter,January,8,Friday,4,1
Wildlife Center of Virginia,23-0085199,23-3825,ring-billed gull,11/8/2023,37.90192413,-76.86842346,Euthanized,bird,Bird,2023,Autumn,November,8,Wednesday,2,11
Wildlife Center of Virginia,23-0033081,23-2340,virginia opossum,7/7/2023,38.64661026,-78.7416687,Transferred,marsupial,Mammal,2023,Summer,July,7,Friday,4,7
Wildlife Center of Virginia,23-0033084,23-2341,virginia opossum,7/7/2023,38.64661026,-78.7416687,Transferred,marsupial,Mammal,2023,Summer,July,7,Friday,4,7
Wildlife Center of Virginia,23-0033085,23-2342,virginia opossum,7/7/2023,38.64661026,-78.7416687,Transferred,marsupial,Mammal,2023,Summer,July,7,Friday,4,7
Wildlife Center of Virginia,23-0033086,23-2343,virginia opossum,7/7/2023,38.64661026,-78.7416687,Transferred,marsupial,Mammal,2023,Summer,July,7,Friday,4,7
Wildlife Center of Virginia,23-0033087,23-2344,virginia opossum,7/7/2023,38.64661026,-78.7416687,Transferred,marsupial,Mammal,2023,Summer,July,7,Friday,4,7
Wildlife Center of Virginia,23-0033088,23-2345,virginia opossum,7/7/2023,38.64661026,-78.7416687,Transferred,marsupial,Mammal,2023,Summer,July,7,Friday,4,7
Wildlife Center of Virginia,23-0033089,23-2346,virginia opossum,7/7/2023,38.64661026,-78.7416687,Died,marsupial,Mammal,2023,Summer,July,7,Friday,4,7
Wildlife Center of Virginia,23-0033090,23-2347,virginia opossum,7/7/2023,38.64661026,-78.7416687,Transferred,marsupial,Mammal,2023,Summer,July,7,Friday,4,7
Wildlife Center of Virginia,23-0033091,23-2348,virginia opossum,7/7/2023,38.64661026,-78.7416687,Transferred,marsupial,Mammal,2023,Summer,July,7,Friday,4,7
Wildlife Center of Virginia,23-0033092,23-2349,virginia opossum,7/7/2023,38.64661026,-78.7416687,Died,marsupial,Mammal,2023,Summer,July,7,Friday,4,7
Wildlife Center of Virginia,20-0015758,20-0383,eastern painted turtle,4/7/2020,37.8146853,-77.6765362,Released,turtle,Reptile,2020,Spring,April,7,Tuesday,1,4
Wildlife Center of Virginia,18-0010428,18-0175,turkey vulture,3/20/2018,38.674915,-78.8621677,Euthanized,bird,Bird,2018,Winter,March,20,Tuesday,1,3
Wildlife Center of Virginia,18-0139933,DOA18-0137,eastern box turtle,9/1/2018,38.3998312,-78.6142712,Died,turtle,Reptile,2018,Summer,September,1,Saturday,5,9
Wildlife Center of Virginia,20-0037519,20-1553,eastern painted turtle,6/6/2020,38.4157409,-78.8017988,Euthanized,turtle,Reptile,2020,Spring,June,6,Saturday,5,6
Wildlife Center of Virginia,21-0006926,21-0180,eastern screech-owl,2/25/2021,38.76852417,-78.94316864,Died,bird,Bird,2021,Winter,February,25,Thursday,3,2
Wildlife Center of Virginia,17-0083084,17-2171,eastern gray squirrel,8/21/2017,38.168988,-79.057677,Euthanized,rodent,Mammal,2017,Summer,August,21,Monday,0,8
Wildlife Center of Virginia,18-0125515,18-2154,virginia opossum,7/23/2018,38.1736153,-78.8317742,Euthanized,marsupial,Mammal,2018,Summer,July,23,Monday,0,7
Wildlife Center of Virginia,21-0070246,21-3558,eastern cottontail,10/28/2021,38.45553207,-78.86438751,Euthanized,rabbits & hares,Mammal,2021,Autumn,October,28,Thursday,3,10
Wildlife Center of Virginia,21-0015485,21-0648,turkey vulture,4/23/2021,38.18048096,-78.84025574,Died,bird,Bird,2021,Spring,April,23,Friday,4,4
Wildlife Center of Virginia,22-0012524,22-0567,canada goose,4/21/2022,37.41999817,-79.22608185,Euthanized,bird,Bird,2022,Spring,April,21,Thursday,3,4
Wildlife Center of Virginia,21-0045227,21-2423,white-tailed deer,7/15/2021,38.17100143,-79.07511139,Euthanized,deer,Mammal,2021,Summer,July,15,Thursday,3,7
Wildlife Center of Virginia,22-0027273,22-1581,common grackle,6/6/2022,38.17216873,-79.07410431,Euthanized,bird,Bird,2022,Spring,June,6,Monday,0,6
Wildlife Center of Virginia,21-0047351,21-2558,white-tailed deer,7/22/2021,38.00286484,-78.41330719,Euthanized,deer,Mammal,2021,Summer,July,22,Thursday,3,7
Wildlife Center of Virginia,17-0036397,17-1517,brown thrasher,6/21/2017,37.7836118,-78.4516973,Euthanized,bird,Bird,2017,Summer,June,21,Wednesday,2,6
Wildlife Center of Virginia,21-0013587,21-0534,virginia rail,4/16/2021,38.06575775,-78.50078583,Died,bird,Bird,2021,Spring,April,16,Friday,4,4
Wildlife Center of Virginia,14-0006225,14-0179,eastern cottontail,3/25/2014,38.171984,-79.074871,Euthanized,rabbits & hares,Mammal,2014,Spring,March,25,Tuesday,1,3
Wildlife Center of Virginia,19-0020583,19-0962,eastern box turtle,5/15/2019,38.04955,-79.00806,Released,turtle,Reptile,2019,Spring,May,15,Wednesday,2,5
Wildlife Center of Virginia,22-0043829,22-2601,bald eagle,7/31/2022,37.67947388,-76.4362793,Euthanized,bird,Bird,2022,Summer,July,31,Sunday,6,7
Wildlife Center of Virginia,23-0085357,23-3835,black vulture,11/10/2023,37.76652527,-77.69550323,Euthanized,bird,Bird,2023,Autumn,November,10,Friday,4,11
Wildlife Center of Virginia,20-0088917,20-3161,black vulture,12/31/2020,37.9131963,-78.2569488,Died,bird,Bird,2020,Winter,December,31,Thursday,3,12
Wildlife Center of Virginia,16-0005509,16-0062,red-shouldered hawk,2/16/2016,38.4703269,-78.1058253,Euthanized,bird,Bird,2016,Winter,February,16,Tuesday,1,2
Wildlife Center of Virginia,18-0002859,18-0031,eastern screech-owl,1/12/2018,38.68117,-78.865764,Died,bird,Bird,2018,Winter,January,12,Friday,4,1
Wildlife Center of Virginia,16-0058188,16-1936,turkey vulture,8/23/2016,38.118812,-79.081034,Euthanized,bird,Bird,2016,Summer,August,23,Tuesday,1,8
Wildlife Center of Virginia,21-0055581,21-3021,eastern hog-nosed snake,8/22/2021,37.98050308,-78.96931458,Died,snake,Reptile,2021,Summer,August,22,Sunday,6,8
Wildlife Center of Virginia,23-0010391,23-0657,northern cardinal,4/16/2023,37.99768829,-78.49885559,Euthanized,bird,Bird,2023,Spring,April,16,Sunday,6,4
Wildlife Center of Virginia,22-0059444,22-3464,bald eagle,10/27/2022,36.79273605,-76.24018097,Released,bird,Bird,2022,Autumn,October,27,Thursday,3,10
Wildlife Center of Virginia,23-0082640,23-3692,eastern box turtle,10/17/2023,37.98822021,-78.41120911,Euthanized,turtle,Reptile,2023,Autumn,October,17,Tuesday,1,10
Wildlife Center of Virginia,20-0050066,20-2286,eastern ratsnake,7/6/2020,38.0353122,-78.4392463,Euthanized,snake,Reptile,2020,Summer,July,6,Monday,0,7
Wildlife Center of Virginia,23-0082697,23-3699,eastern gray squirrel,10/17/2023,37.99631882,-78.49932861,Euthanized,rodent,Mammal,2023,Autumn,October,17,Tuesday,1,10
Wildlife Center of Virginia,16-0071236,16-2357,eastern screech-owl,10/26/2016,37.8945655,-79.356124,Released,bird,Bird,2016,Autumn,October,26,Wednesday,2,10
Wildlife Center of Virginia,17-0002433,17-0053,eastern gray squirrel,1/16/2017,38.4349641,-78.9038054,Released,rodent,Mammal,2017,Winter,January,16,Monday,0,1
Wildlife Center of Virginia,16-0015108,16-0344,snapping turtle,4/21/2016,37.277226,-80.028116,Released,turtle,Reptile,2016,Spring,April,21,Thursday,3,4
Wildlife Center of Virginia,22-0016307,22-0856,virginia opossum,5/5/2022,38.21115112,-78.08033752,Transferred,marsupial,Mammal,2022,Spring,May,5,Thursday,3,5
Wildlife Center of Virginia,22-0016308,22-0857,virginia opossum,5/5/2022,38.21115112,-78.08033752,Transferred,marsupial,Mammal,2022,Spring,May,5,Thursday,3,5
Wildlife Center of Virginia,22-0016309,22-0858,virginia opossum,5/5/2022,38.21115112,-78.08033752,Transferred,marsupial,Mammal,2022,Spring,May,5,Thursday,3,5
Wildlife Center of Virginia,22-0016310,22-0859,virginia opossum,5/5/2022,38.21115112,-78.08033752,Transferred,marsupial,Mammal,2022,Spring,May,5,Thursday,3,5
Wildlife Center of Virginia,22-0016311,22-0860,virginia opossum,5/5/2022,38.21115112,-78.08033752,Transferred,marsupial,Mammal,2022,Spring,May,5,Thursday,3,5
Wildlife Center of Virginia,15-0038742,15-1485,eastern box turtle,7/9/2015,37.5819307,-79.1611023,Released,turtle,Reptile,2015,Summer,July,9,Thursday,3,7
Wildlife Center of Virginia,17-0027982,17-1219,snapping turtle,5/31/2017,37.9009146,-78.1232246,Euthanized,turtle,Reptile,2017,Spring,May,31,Wednesday,2,5
Wildlife Center of Virginia,22-0061388,22-3532,great horned owl,11/13/2022,38.77607727,-78.95706177,Released,bird,Bird,2022,Autumn,November,13,Sunday,6,11
Wildlife Center of Virginia,19-0066429,19-3046,eastern screech-owl,10/6/2019,37.9840982,-78.2917004,Died,bird,Bird,2019,Autumn,October,6,Sunday,6,10
Wildlife Center of Virginia,23-0085115,23-3815,eastern cottontail,11/7/2023,38.28561783,-79.09731293,Euthanized,rabbits & hares,Mammal,2023,Autumn,November,7,Tuesday,1,11
Wildlife Center of Virginia,18-0161394,18-3157,tufted titmouse,12/28/2018,38.06737117,-78.48349173,Died,bird,Bird,2018,Winter,December,28,Friday,4,12
Wildlife Center of Virginia,18-0017330,18-0532,woodchuck,4/27/2018,38.2888807,-78.9131736,Released,rodent,Mammal,2018,Spring,April,27,Friday,4,4
Wildlife Center of Virginia,19-0072748,19-3146,eastern cottontail,10/31/2019,38.1929394,-79.0142805,Euthanized,rabbits & hares,Mammal,2019,Autumn,October,31,Thursday,3,10
Wildlife Center of Virginia,21-0032049,21-1755,eastern box turtle,6/8/2021,38.1938324,-79.01416016,Euthanized,turtle,Reptile,2021,Spring,June,8,Tuesday,1,6
Wildlife Center of Virginia,15-0053611,15-2040,white-tailed deer,9/15/2015,38.0392342,-78.9138287,Euthanized,deer,Mammal,2015,Summer,September,15,Tuesday,1,9
Wildlife Center of Virginia,16-0021361,16-0602,eastern bluebird,5/10/2016,38.0392342,-78.9138287,Released,bird,Bird,2016,Spring,May,10,Tuesday,1,5
Wildlife Center of Virginia,16-0048550,16-1654,american black bear,7/22/2016,38.0392342,-78.9138287,Released,bear,Mammal,2016,Summer,July,22,Friday,4,7
Wildlife Center of Virginia,19-0059330,19-2839,eastern box turtle,9/10/2019,38.0392342,-78.9138287,Euthanized,turtle,Reptile,2019,Summer,September,10,Tuesday,1,9
Wildlife Center of Virginia,21-0079506,21-3787,red-shouldered hawk,12/23/2021,38.03927994,-78.91374969,Euthanized,bird,Bird,2021,Winter,December,23,Thursday,3,12
Wildlife Center of Virginia,20-0061657,20-2876,eastern box turtle,8/13/2020,37.3311651,-77.3276414,Released,turtle,Reptile,2020,Summer,August,13,Thursday,3,8
Wildlife Center of Virginia,16-0005205,16-0053,eastern screech-owl,2/12/2016,38.7838093,-78.71807,Euthanized,bird,Bird,2016,Winter,February,12,Friday,4,2
Wildlife Center of Virginia,14-0021954,14-1039,eastern cottontail,6/3/2014,38.074745,-78.907247,Euthanized,rabbits & hares,Mammal,2014,Spring,June,3,Tuesday,1,6
Wildlife Center of Virginia,19-0001021,19-0016,rock dove,1/7/2019,38.0143316,-78.4721086,Euthanized,bird,Bird,2019,Winter,January,7,Monday,0,1
Wildlife Center of Virginia,21-0018888,21-0932,eastern box turtle,5/4/2021,38.08676529,-78.45883179,Released,turtle,Reptile,2021,Spring,May,4,Tuesday,1,5
Wildlife Center of Virginia,23-0067995,23-2760,eastern box turtle,7/30/2023,38.08676529,-78.45883179,Died,turtle,Reptile,2023,Summer,July,30,Sunday,6,7
Wildlife Center of Virginia,18-0030786,18-1233,eastern box turtle,6/1/2018,38.004475,-78.4095619,Euthanized,turtle,Reptile,2018,Spring,June,1,Friday,4,6
Wildlife Center of Virginia,21-0045495,21-2438,eastern cottontail,7/16/2021,37.9984169,-78.24069214,Euthanized,rabbits & hares,Mammal,2021,Summer,July,16,Friday,4,7
Wildlife Center of Virginia,16-0065936,16-2184,mallard,9/28/2016,38.4065721,-78.7161223,Euthanized,bird,Bird,2016,Autumn,September,28,Wednesday,2,9
Wildlife Center of Virginia,20-0051204,20-2364,white-tailed deer,7/9/2020,38.4065721,-78.7161223,Died,deer,Mammal,2020,Summer,July,9,Thursday,3,7
Wildlife Center of Virginia,21-0046096,21-2470,virginia opossum,7/18/2021,38.40657043,-78.71612549,Transferred,marsupial,Mammal,2021,Summer,July,18,Sunday,6,7
Wildlife Center of Virginia,21-0046097,21-2471,virginia opossum,7/18/2021,38.40657043,-78.71612549,Euthanized,marsupial,Mammal,2021,Summer,July,18,Sunday,6,7
Wildlife Center of Virginia,21-0046099,DOA21-0122,virginia opossum,7/18/2021,38.40657043,-78.71612549,Died,marsupial,Mammal,2021,Summer,July,18,Sunday,6,7
Wildlife Center of Virginia,22-0058759,22-3450,white-tailed deer,10/23/2022,38.40678787,-78.71577454,Euthanized,deer,Mammal,2022,Autumn,October,23,Sunday,6,10
Wildlife Center of Virginia,23-0080061,23-3589,american crow,10/1/2023,38.40657043,-78.71612549,Died,bird,Bird,2023,Autumn,October,1,Sunday,6,10
Wildlife Center of Virginia,18-0126166,18-2184,mallard,7/24/2018,38.406572,-78.716122,Released,bird,Bird,2018,Summer,July,24,Tuesday,1,7
Wildlife Center of Virginia,22-0004236,22-0072,red-shouldered hawk,1/30/2022,38.13160706,-79.28416443,Euthanized,bird,Bird,2022,Winter,January,30,Sunday,6,1
Wildlife Center of Virginia,22-0018621,22-1012,eastern gray squirrel,5/13/2022,37.77951813,-78.70420074,Euthanized,rodent,Mammal,2022,Spring,May,13,Friday,4,5
Wildlife Center of Virginia,23-0077259,23-3392,eastern box turtle,9/14/2023,38.12960815,-78.43802643,Euthanized,turtle,Reptile,2023,Summer,September,14,Thursday,3,9
Wildlife Center of Virginia,17-0022153,17-0967,woodchuck,5/16/2017,38.4279923,-78.8567271,Euthanized,rodent,Mammal,2017,Spring,May,16,Tuesday,1,5
Wildlife Center of Virginia,19-0050752,19-2522,mallard,8/9/2019,38.4278961,-78.85702,Released,bird,Bird,2019,Summer,August,9,Friday,4,8
Wildlife Center of Virginia,17-0018484,17-0824,eastern screech-owl,5/7/2017,38.1623126,-78.4899342,Euthanized,bird,Bird,2017,Spring,May,7,Sunday,6,5
Wildlife Center of Virginia,20-0019840,20-0588,eastern gray squirrel,4/21/2020,38.0690044,-78.8822503,Euthanized,rodent,Mammal,2020,Spring,April,21,Tuesday,1,4
Wildlife Center of Virginia,20-0038453,20-1588,eastern box turtle,6/8/2020,37.9694337,-78.2571119,Released,turtle,Reptile,2020,Spring,June,8,Monday,0,6
Wildlife Center of Virginia,23-0018018,23-1168,eastern box turtle,5/16/2023,38.1245079,-79.07324982,Euthanized,turtle,Reptile,2023,Spring,May,16,Tuesday,1,5
Wildlife Center of Virginia,14-0015431,14-0688,common grackle,5/14/2014,37.7305133,-79.3510982,Euthanized,bird,Bird,2014,Spring,May,14,Wednesday,2,5
Wildlife Center of Virginia,23-0078558,23-3507,eastern box turtle,9/23/2023,37.43210983,-79.28126526,Euthanized,turtle,Reptile,2023,Autumn,September,23,Saturday,5,9
Wildlife Center of Virginia,19-0027717,19-1317,pileated woodpecker,6/4/2019,37.9900694,-78.5036449,Euthanized,bird,Bird,2019,Spring,June,4,Tuesday,1,6
Wildlife Center of Virginia,17-0000448,17-0011,eastern screech-owl,1/4/2017,37.903663,-78.474947,Euthanized,bird,Bird,2017,Winter,January,4,Wednesday,2,1
Wildlife Center of Virginia,16-0050949,16-1742,eastern box turtle,7/29/2016,37.9794994,-78.4225699,Euthanized,turtle,Reptile,2016,Summer,July,29,Friday,4,7
Wildlife Center of Virginia,19-0026757,19-1284,virginia opossum,6/2/2019,37.9036817,-78.1726455,Euthanized,marsupial,Mammal,2019,Spring,June,2,Sunday,6,6
Wildlife Center of Virginia,19-0026759,19-1285,virginia opossum,6/2/2019,37.9036817,-78.1726455,Released,marsupial,Mammal,2019,Spring,June,2,Sunday,6,6
Wildlife Center of Virginia,19-0026760,19-1286,virginia opossum,6/2/2019,37.9036817,-78.1726455,Released,marsupial,Mammal,2019,Spring,June,2,Sunday,6,6
Wildlife Center of Virginia,18-0117612,18-1800,white-tailed deer,7/3/2018,38.0214495,-79.13828,Euthanized,deer,Mammal,2018,Summer,July,3,Tuesday,1,7
Wildlife Center of Virginia,19-0023780,19-1075,eastern ratsnake,5/23/2019,37.9227448,-78.8424227,Euthanized,snake,Reptile,2019,Spring,May,23,Thursday,3,5
Wildlife Center of Virginia,22-0026361,DOA22-0072,eastern painted turtle,6/3/2022,37.92266083,-78.84241486,Died,turtle,Reptile,2022,Spring,June,3,Friday,4,6
Wildlife Center of Virginia,18-0159481,18-3119,eastern screech-owl,12/11/2018,37.7920609,-79.4430528,Died,bird,Bird,2018,Autumn,December,11,Tuesday,1,12
Wildlife Center of Virginia,18-0019016,18-0625,barred owl,5/2/2018,36.6391459,-76.737834,Euthanized,owl,Bird,2018,Spring,May,2,Wednesday,2,5
Wildlife Center of Virginia,23-0018035,23-1170,eastern ratsnake,5/16/2023,38.04411316,-78.90453339,Euthanized,snake,Reptile,2023,Spring,May,16,Tuesday,1,5
Wildlife Center of Virginia,22-0031593,22-1889,mourning dove,6/21/2022,37.28557205,-78.37036133,Euthanized,bird,Bird,2022,Summer,June,21,Tuesday,1,6
Wildlife Center of Virginia,23-0013476,23-0869,eastern gray squirrel,4/30/2023,38.00971603,-78.52572632,Euthanized,rodent,Mammal,2023,Spring,April,30,Sunday,6,4
Wildlife Center of Virginia,18-0156528,18-3064,virginia opossum,11/19/2018,38.0004154,-77.4147105,Euthanized,marsupial,Mammal,2018,Autumn,November,19,Monday,0,11
Wildlife Center of Virginia,14-0027269,14-1327,eastern box turtle,6/20/2014,37.9550161,-78.5609836,Died,turtle,Reptile,2014,Spring,June,20,Friday,4,6
Wildlife Center of Virginia,23-0002091,23-0033,red-shouldered hawk,1/13/2023,37.62112808,-77.56665039,Euthanized,bird,Bird,2023,Winter,January,13,Friday,4,1
Wildlife Center of Virginia,15-0036556,15-1398,white-tailed deer,7/1/2015,37.97368,-78.572301,Euthanized,deer,Mammal,2015,Summer,July,1,Wednesday,2,7
Wildlife Center of Virginia,18-0124924,18-2129,eastern screech-owl,7/21/2018,38.4279203,-78.648922,Euthanized,bird,Bird,2018,Summer,July,21,Saturday,5,7
Wildlife Center of Virginia,22-0052560,22-3141,white-tailed deer,9/11/2022,38.77615738,-78.97766876,Euthanized,deer,Mammal,2022,Summer,September,11,Sunday,6,9
Wildlife Center of Virginia,17-0001864,17-0036,eastern screech-owl,1/12/2017,37.037071,-79.6922699,Transferred,bird,Bird,2017,Winter,January,12,Thursday,3,1
Wildlife Center of Virginia,21-0046678,21-2523,eastern cottontail,7/20/2021,38.43315506,-78.56437683,Euthanized,rabbits & hares,Mammal,2021,Summer,July,20,Tuesday,1,7
Wildlife Center of Virginia,20-0006015,20-0056,house finch,1/26/2020,38.4268568,-78.8974827,Euthanized,bird,Bird,2020,Winter,January,26,Sunday,6,1
Wildlife Center of Virginia,22-0018256,22-0989,chimney swift,5/12/2022,38.03865814,-78.51098633,Euthanized,bird,Bird,2022,Spring,May,12,Thursday,3,5
Wildlife Center of Virginia,22-0028673,22-1654,eastern chipmunk,6/11/2022,38.03911591,-78.51074982,Died,rodent,Mammal,2022,Spring,June,11,Saturday,5,6
Wildlife Center of Virginia,16-0072573,16-2397,eastern gray squirrel,11/5/2016,38.001286,-79.035629,Died,rodent,Mammal,2016,Autumn,November,5,Saturday,5,11
Wildlife Center of Virginia,19-0027229,19-1300,eastern cottontail,6/3/2019,38.036596,-78.3343273,Died,rabbits & hares,Mammal,2019,Spring,June,3,Monday,0,6
Wildlife Center of Virginia,16-0011754,16-0229,american robin,4/6/2016,38.129079,-79.098549,Euthanized,bird,Bird,2016,Spring,April,6,Wednesday,2,4
Wildlife Center of Virginia,21-0053086,21-2888,eastern painted turtle,8/13/2021,38.09512711,-79.16069794,Released,turtle,Reptile,2021,Summer,August,13,Friday,4,8
Wildlife Center of Virginia,19-0044055,19-2214,eastern box turtle,7/18/2019,38.172804,-78.431172,Euthanized,turtle,Reptile,2019,Summer,July,18,Thursday,3,7
Wildlife Center of Virginia,17-0031643,17-1367,canada goose,6/9/2017,37.4616593,-79.1157723,Euthanized,bird,Bird,2017,Spring,June,9,Friday,4,6
Wildlife Center of Virginia,17-0031644,17-1368,canada goose,6/9/2017,37.4616593,-79.1157723,Euthanized,bird,Bird,2017,Spring,June,9,Friday,4,6
Wildlife Center of Virginia,14-0027140,14-1313,eastern box turtle,6/19/2014,37.1703,-80.3520999,Died,turtle,Reptile,2014,Spring,June,19,Thursday,3,6
Wildlife Center of Virginia,15-0025389,15-0917,pileated woodpecker,5/31/2015,38.09313819,-78.52903307,Euthanized,bird,Bird,2015,Spring,May,31,Sunday,6,5
Wildlife Center of Virginia,16-0066055,16-2189,eastern screech-owl,9/29/2016,38.164991,-78.947434,Euthanized,bird,Bird,2016,Autumn,September,29,Thursday,3,9
Wildlife Center of Virginia,21-0004350,21-0106,northern cardinal,2/2/2021,38.28817368,-79.10594177,Euthanized,bird,Bird,2021,Winter,February,2,Tuesday,1,2
Wildlife Center of Virginia,22-0006738,22-0203,common grackle,3/7/2022,38.28817368,-79.10594177,Euthanized,bird,Bird,2022,Winter,March,7,Monday,0,3
Wildlife Center of Virginia,19-0011090,19-0407,common snapping turtle,4/13/2019,37.30696959,-79.27151075,Euthanized,turtle,Reptile,2019,Spring,April,13,Saturday,5,4
Wildlife Center of Virginia,18-0015842,18-0452,northern cardinal,4/21/2018,38.148924,-79.071663,Died,bird,Bird,2018,Spring,April,21,Saturday,5,4
Wildlife Center of Virginia,18-0137170,18-2530,red-tailed hawk,8/23/2018,37.7835868,-79.4416438,Euthanized,bird,Bird,2018,Summer,August,23,Thursday,3,8
Wildlife Center of Virginia,21-0002655,21-0036,virginia opossum,1/15/2021,38.0737483,-78.8481773,Euthanized,marsupial,Mammal,2021,Winter,January,15,Friday,4,1
Wildlife Center of Virginia,20-0040034,20-1684,canada goose,6/12/2020,38.080649,-78.4857742,Euthanized,bird,Bird,2020,Spring,June,12,Friday,4,6
Wildlife Center of Virginia,16-0067061,16-2236,eastern box turtle,10/4/2016,37.4348464,-79.1242048,Transferred,turtle,Reptile,2016,Autumn,October,4,Tuesday,1,10
Wildlife Center of Virginia,21-0077848,21-3732,red-shouldered hawk,12/10/2021,38.06339264,-78.88841248,Euthanized,bird,Bird,2021,Autumn,December,10,Friday,4,12
Wildlife Center of Virginia,23-0029996,23-2105,eastern box turtle,6/27/2023,38.04798508,-78.86724091,Euthanized,turtle,Reptile,2023,Summer,June,27,Tuesday,1,6
Wildlife Center of Virginia,19-0006741,19-0150,striped skunk,3/14/2019,38.0642889,-78.9355992,Euthanized,skunk,Mammal,2019,Winter,March,14,Thursday,3,3
Wildlife Center of Virginia,17-0087869,17-2346,house finch,9/10/2017,38.427842,-78.5528445,Died,bird,Bird,2017,Summer,September,10,Sunday,6,9
Wildlife Center of Virginia,18-0115103,18-1699,carolina wren,6/27/2018,38.014063,-78.4871453,Transferred,bird,Bird,2018,Summer,June,27,Wednesday,2,6
Wildlife Center of Virginia,23-0005422,23-0142,american robin,2/25/2023,37.47463608,-77.71589661,Euthanized,bird,Bird,2023,Winter,February,25,Saturday,5,2
Wildlife Center of Virginia,22-0057655,22-3387,eastern box turtle,10/12/2022,37.40003586,-79.1975174,Euthanized,turtle,Reptile,2022,Autumn,October,12,Wednesday,2,10
Wildlife Center of Virginia,20-0074526,20-3406,eastern box turtle,10/9/2020,37.4867437,-77.5960585,Transferred,turtle,Reptile,2020,Autumn,October,9,Friday,4,10
Wildlife Center of Virginia,19-0050691,19-2520,common snapping turtle,8/8/2019,37.579154,-77.58663,Euthanized,turtle,Reptile,2019,Summer,August,8,Thursday,3,8
Wildlife Center of Virginia,19-0002044,19-0032,barred owl,1/17/2019,38.4050666,-78.8552715,Released,owl,Bird,2019,Winter,January,17,Thursday,3,1
Wildlife Center of Virginia,14-0047476,14-2231,eastern box turtle,10/4/2014,37.93202168,-78.37216427,Euthanized,turtle,Reptile,2014,Autumn,October,4,Saturday,5,10
Wildlife Center of Virginia,21-0050753,21-2757,eastern kingbird,8/3/2021,38.07637405,-78.91234589,Euthanized,bird,Bird,2021,Summer,August,3,Tuesday,1,8
Wildlife Center of Virginia,18-0126603,18-2194,white-tailed deer,7/25/2018,37.2994444,-80.6836915,Euthanized,deer,Mammal,2018,Summer,July,25,Wednesday,2,7
Wildlife Center of Virginia,19-0073245,19-3164,eastern screech-owl,11/3/2019,38.06577,-78.5038063,Died,bird,Bird,2019,Autumn,November,3,Sunday,6,11
Wildlife Center of Virginia,14-0026256,14-1279,snapping turtle,6/17/2014,38.042783,-78.510077,Released,turtle,Reptile,2014,Spring,June,17,Tuesday,1,6
Wildlife Center of Virginia,18-0013113,18-0296,eastern gray squirrel,4/8/2018,38.0293627,-78.4862101,Euthanized,rodent,Mammal,2018,Spring,April,8,Sunday,6,4
Wildlife Center of Virginia,19-0007808,19-0206,northern mockingbird,3/24/2019,38.0293627,-78.4862101,Released,bird,Bird,2019,Spring,March,24,Sunday,6,3
Wildlife Center of Virginia,21-0075809,21-3694,eastern screech-owl,11/28/2021,38.19002533,-79.0579834,Died,bird,Bird,2021,Autumn,November,28,Sunday,6,11
Wildlife Center of Virginia,19-0037960,19-1954,white-tailed deer,6/29/2019,37.8123916,-78.2195943,Euthanized,deer,Mammal,2019,Summer,June,29,Saturday,5,6
Wildlife Center of Virginia,19-0048906,19-2445,raccoon,8/3/2019,38.1031447,-78.5555073,Released,raccoon,Mammal,2019,Summer,August,3,Saturday,5,8
Wildlife Center of Virginia,21-0077008,21-3715,red-tailed hawk,12/5/2021,38.37902069,-79.11917114,Euthanized,bird,Bird,2021,Autumn,December,5,Sunday,6,12
Wildlife Center of Virginia,23-0021308,23-1412,virginia opossum,5/27/2023,37.98239136,-78.45542145,Died,marsupial,Mammal,2023,Spring,May,27,Saturday,5,5
Wildlife Center of Virginia,21-0010833,DOA21-0022,canada goose,4/1/2021,38.07798004,-78.50045776,Died,bird,Bird,2021,Spring,April,1,Thursday,3,4
Wildlife Center of Virginia,21-0019561,21-1008,canada goose,5/6/2021,38.07798004,-78.50045776,Euthanized,bird,Bird,2021,Spring,May,6,Thursday,3,5
Wildlife Center of Virginia,17-0106845,17-2750,european starling,12/22/2017,38.0621252,-78.9371397,Euthanized,bird,Bird,2017,Winter,December,22,Friday,4,12
Wildlife Center of Virginia,18-0156005,18-3056,bald eagle,11/14/2018,37.2268223,-76.7792538,Euthanized,bird,Bird,2018,Autumn,November,14,Wednesday,2,11
Wildlife Center of Virginia,23-0086020,23-3860,virginia opossum,11/17/2023,37.78666687,-79.4387207,Euthanized,marsupial,Mammal,2023,Autumn,November,17,Friday,4,11
Wildlife Center of Virginia,16-0026447,16-0807,virginia opossum,5/24/2016,38.0156672,-78.4805684,Euthanized,marsupial,Mammal,2016,Spring,May,24,Tuesday,1,5
Wildlife Center of Virginia,19-0006885,19-0162,northern mockingbird,3/14/2019,38.0617347,-78.9381462,Euthanized,bird,Bird,2019,Winter,March,14,Thursday,3,3
Wildlife Center of Virginia,21-0066425,21-3469,eastern box turtle,10/11/2021,38.19895172,-79.2294693,Euthanized,turtle,Reptile,2021,Autumn,October,11,Monday,0,10
Wildlife Center of Virginia,20-0010624,20-0149,ring-billed gull,3/6/2020,37.1291699,-78.0790723,Died,bird,Bird,2020,Winter,March,6,Friday,4,3
Wildlife Center of Virginia,20-0037689,20-1565,eastern cottontail,6/7/2020,38.1955425,-79.00371282,Euthanized,rabbits & hares,Mammal,2020,Spring,June,7,Sunday,6,6
Wildlife Center of Virginia,18-0002549,18-0022,eastern screech-owl,1/10/2018,38.7580423,-79.0143586,Died,bird,Bird,2018,Winter,January,10,Wednesday,2,1
Wildlife Center of Virginia,20-0070899,20-3325,eastern box turtle,9/25/2020,37.899393,-78.4728049,Euthanized,turtle,Reptile,2020,Autumn,September,25,Friday,4,9
Wildlife Center of Virginia,21-0027600,21-1461,eastern box turtle,5/27/2021,37.90034866,-78.4716568,Released,turtle,Reptile,2021,Spring,May,27,Thursday,3,5
Wildlife Center of Virginia,21-0020864,21-1104,brown thrasher,5/10/2021,38.26083374,-78.82028961,Euthanized,bird,Bird,2021,Spring,May,10,Monday,0,5
Wildlife Center of Virginia,18-0109842,18-1518,barn swallow,6/17/2018,38.015072,-78.9969179,Died,bird,Bird,2018,Spring,June,17,Sunday,6,6
Wildlife Center of Virginia,22-0064365,22-3655,woodchuck,12/19/2022,38.16716003,-79.06393433,Euthanized,rodent,Mammal,2022,Autumn,December,19,Monday,0,12
Wildlife Center of Virginia,22-0048271,22-2879,american goldfinch,8/20/2022,38.03553391,-78.49938965,Died,bird,Bird,2022,Summer,August,20,Saturday,5,8
Wildlife Center of Virginia,20-0059679,20-2781,eastern cottontail,8/6/2020,38.1337283,-78.9523127,Euthanized,rabbits & hares,Mammal,2020,Summer,August,6,Thursday,3,8
Wildlife Center of Virginia,20-0010001,20-0133,red-shouldered hawk,2/28/2020,37.033343,-77.3929525,Euthanized,bird,Bird,2020,Winter,February,28,Friday,4,2
Wildlife Center of Virginia,17-0098637,17-2643,eastern cottontail,11/9/2017,37.7789561,-79.0001909,Euthanized,rabbits & hares,Mammal,2017,Autumn,November,9,Thursday,3,11
Wildlife Center of Virginia,20-0069330,20-3260,eastern box turtle,9/18/2020,37.544572,-77.396565,Died,turtle,Reptile,2020,Summer,September,18,Friday,4,9
Wildlife Center of Virginia,20-0063947,20-2982,snapping turtle,8/23/2020,37.7097581,-77.8888444,Euthanized,turtle,Reptile,2020,Summer,August,23,Sunday,6,8
Wildlife Center of Virginia,18-0154485,18-3022,mallard,11/6/2018,38.423757,-78.8533501,Died,bird,Bird,2018,Autumn,November,6,Tuesday,1,11
Wildlife Center of Virginia,21-0071864,21-3606,house finch,11/6/2021,38.08127594,-78.90524292,Euthanized,bird,Bird,2021,Autumn,November,6,Saturday,5,11
Wildlife Center of Virginia,17-0002418,17-0052,eastern gray squirrel,1/16/2017,38.02600825,-78.51474861,Euthanized,rodent,Mammal,2017,Winter,January,16,Monday,0,1
Wildlife Center of Virginia,21-0051970,21-2840,eastern box turtle,8/9/2021,38.60699844,-78.5860672,Released,turtle,Reptile,2021,Summer,August,9,Monday,0,8
Wildlife Center of Virginia,20-0009069,20-0097,mallard,2/12/2020,37.57965,-77.543126,Euthanized,bird,Bird,2020,Winter,February,12,Wednesday,2,2
Wildlife Center of Virginia,23-0020361,23-1347,common grackle,5/24/2023,38.08169556,-78.92124176,Died,bird,Bird,2023,Spring,May,24,Wednesday,2,5
Wildlife Center of Virginia,20-0083552,20-3632,eastern screech-owl,11/29/2020,36.78489685,-82.41434479,Released,bird,Bird,2020,Autumn,November,29,Sunday,6,11
Wildlife Center of Virginia,19-0031571,19-1572,eastern box turtle,6/13/2019,37.964397,-78.574832,Released,turtle,Reptile,2019,Spring,June,13,Thursday,3,6
Wildlife Center of Virginia,21-0012926,DOA21-0032,eastern cottontail,4/13/2021,37.78245926,-79.44451141,Died,rabbits & hares,Mammal,2021,Spring,April,13,Tuesday,1,4
Wildlife Center of Virginia,22-0029387,DOA22-0091,eastern box turtle,6/13/2022,37.81436157,-78.83155823,Died,turtle,Reptile,2022,Spring,June,13,Monday,0,6
Wildlife Center of Virginia,17-0015252,17-0621,eastern box turtle,4/26/2017,38.449857,-78.829018,Euthanized,turtle,Reptile,2017,Spring,April,26,Wednesday,2,4
Wildlife Center of Virginia,21-0014098,21-0563,eastern box turtle,4/18/2021,38.09785843,-78.69033051,Euthanized,turtle,Reptile,2021,Spring,April,18,Sunday,6,4
Wildlife Center of Virginia,23-0075778,23-3288,eastern painted turtle,9/6/2023,38.09176254,-78.9537735,Euthanized,turtle,Reptile,2023,Summer,September,6,Wednesday,2,9
Wildlife Center of Virginia,14-0022833,14-1070,eastern box turtle,6/5/2014,38.0758939,-78.2359755,Euthanized,turtle,Reptile,2014,Spring,June,5,Thursday,3,6
Wildlife Center of Virginia,23-0072277,23-3094,virginia opossum,8/20/2023,37.78544617,-78.7000351,Euthanized,marsupial,Mammal,2023,Summer,August,20,Sunday,6,8
Wildlife Center of Virginia,18-0009851,18-0157,red-tailed hawk,3/13/2018,37.1630665,-80.4590982,Euthanized,bird,Bird,2018,Winter,March,13,Tuesday,1,3
Wildlife Center of Virginia,20-0072238,20-3354,eastern cottontail,9/30/2020,38.311131,-79.143947,Died,rabbits & hares,Mammal,2020,Autumn,September,30,Wednesday,2,9
Wildlife Center of Virginia,22-0016062,22-0837,blue jay,5/4/2022,38.4353714,-78.8908844,Euthanized,bird,Bird,2022,Spring,May,4,Wednesday,2,5
Wildlife Center of Virginia,21-0033434,21-1845,eastern box turtle,6/12/2021,38.62466431,-78.58509064,Euthanized,turtle,Reptile,2021,Spring,June,12,Saturday,5,6
Wildlife Center of Virginia,21-0076726,21-3709,eastern cottontail,12/4/2021,37.38775635,-79.11509705,Euthanized,rabbits & hares,Mammal,2021,Autumn,December,4,Saturday,5,12
Wildlife Center of Virginia,21-0040798,21-2212,eastern gray squirrel,7/2/2021,37.43375778,-79.21226501,Euthanized,rodent,Mammal,2021,Summer,July,2,Friday,4,7
Wildlife Center of Virginia,20-0087772,20-3716,purple finch,12/27/2020,37.9044129,-78.2962842,Euthanized,bird,Bird,2020,Winter,December,27,Sunday,6,12
Wildlife Center of Virginia,16-0026866,16-0819,red-tailed hawk,5/24/2016,38.212029,-79.071229,Euthanized,bird,Bird,2016,Spring,May,24,Tuesday,1,5
Wildlife Center of Virginia,20-0054324,20-2580,snapping turtle,7/20/2020,37.3560503,-79.8846774,Transferred,turtle,Reptile,2020,Summer,July,20,Monday,0,7
Wildlife Center of Virginia,20-0069049,20-3250,eastern box turtle,9/17/2020,37.5987031,-77.4691888,Euthanized,turtle,Reptile,2020,Summer,September,17,Thursday,3,9
Wildlife Center of Virginia,20-0036905,20-1510,white-tailed deer,6/4/2020,38.03143,-79.054458,Euthanized,deer,Mammal,2020,Spring,June,4,Thursday,3,6
Wildlife Center of Virginia,15-0015225,15-0463,woodchuck,4/29/2015,38.0615669,-78.4952969,Released,rodent,Mammal,2015,Spring,April,29,Wednesday,2,4
Wildlife Center of Virginia,19-0022196,19-1023,canada goose,5/20/2019,37.712766,-77.840347,Euthanized,bird,Bird,2019,Spring,May,20,Monday,0,5
Wildlife Center of Virginia,22-0044797,22-2672,black vulture,8/4/2022,37.62689209,-79.4728241,Euthanized,bird,Bird,2022,Summer,August,4,Thursday,3,8
Wildlife Center of Virginia,22-0041394,22-2449,eastern box turtle,7/21/2022,38.09980392,-78.51028442,Euthanized,turtle,Reptile,2022,Summer,July,21,Thursday,3,7
Wildlife Center of Virginia,23-0071643,23-3035,virginia opossum,8/16/2023,38.18530273,-79.22451782,Euthanized,marsupial,Mammal,2023,Summer,August,16,Wednesday,2,8
Wildlife Center of Virginia,22-0058046,22-3415,american kestrel,10/17/2022,38.04816055,-79.03709412,Released,bird,Bird,2022,Autumn,October,17,Monday,0,10
Wildlife Center of Virginia,18-0017665,18-0557,snapping turtle,4/29/2018,38.0961644,-78.6590633,Released,turtle,Reptile,2018,Spring,April,29,Sunday,6,4
Wildlife Center of Virginia,23-0025391,23-1742,osprey,6/10/2023,37.24075317,-77.40563202,Released,bird,Bird,2023,Spring,June,10,Saturday,5,6
Wildlife Center of Virginia,23-0085226,DOA23-0151,eastern gray squirrel,11/9/2023,38.06804657,-78.89196014,Died,rodent,Mammal,2023,Autumn,November,9,Thursday,3,11
Wildlife Center of Virginia,14-0007493,14-0243,virginia opossum,4/7/2014,38.422298,-78.845304,Euthanized,marsupial,Mammal,2014,Spring,April,7,Monday,0,4
Wildlife Center of Virginia,14-0007499,14-0244,virginia opossum,4/7/2014,38.422298,-78.845304,Transferred,marsupial,Mammal,2014,Spring,April,7,Monday,0,4
Wildlife Center of Virginia,14-0007500,14-0245,virginia opossum,4/7/2014,38.422298,-78.845304,Transferred,marsupial,Mammal,2014,Spring,April,7,Monday,0,4
Wildlife Center of Virginia,14-0007501,14-0246,virginia opossum,4/7/2014,38.422298,-78.845304,Transferred,marsupial,Mammal,2014,Spring,April,7,Monday,0,4
Wildlife Center of Virginia,14-0007502,14-0247,virginia opossum,4/7/2014,38.422298,-78.845304,Euthanized,marsupial,Mammal,2014,Spring,April,7,Monday,0,4
Wildlife Center of Virginia,14-0007503,14-0248,virginia opossum,4/7/2014,38.422298,-78.845304,Transferred,marsupial,Mammal,2014,Spring,April,7,Monday,0,4
Wildlife Center of Virginia,14-0007504,14-0249,virginia opossum,4/7/2014,38.422298,-78.845304,Died,marsupial,Mammal,2014,Spring,April,7,Monday,0,4
Wildlife Center of Virginia,14-0007505,14-0250,virginia opossum,4/7/2014,38.422298,-78.845304,Transferred,marsupial,Mammal,2014,Spring,April,7,Monday,0,4
Wildlife Center of Virginia,19-0005161,19-0111,northern flicker,2/23/2019,38.45682,-79.026784,Euthanized,bird,Bird,2019,Winter,February,23,Saturday,5,2
Wildlife Center of Virginia,21-0056052,21-3045,eastern box turtle,8/24/2021,37.73786163,-79.38209534,Transferred,turtle,Reptile,2021,Summer,August,24,Tuesday,1,8
Wildlife Center of Virginia,21-0014535,21-0595,virginia opossum,4/20/2021,37.44465256,-79.05438995,Euthanized,marsupial,Mammal,2021,Spring,April,20,Tuesday,1,4
Wildlife Center of Virginia,17-0084318,17-2200,fish crow,8/24/2017,38.4207642,-78.8938377,Euthanized,bird,Bird,2017,Summer,August,24,Thursday,3,8
Wildlife Center of Virginia,22-0023670,22-1340,eastern box turtle,5/27/2022,37.44432068,-79.05530548,Released,turtle,Reptile,2022,Spring,May,27,Friday,4,5
Wildlife Center of Virginia,19-0026248,19-1251,eastern painted turtle,6/1/2019,38.090514,-78.947695,Died,turtle,Reptile,2019,Spring,June,1,Saturday,5,6
Wildlife Center of Virginia,21-0046016,21-2468,eastern painted turtle,7/18/2021,37.99092484,-78.95877075,Released,turtle,Reptile,2021,Summer,July,18,Sunday,6,7
Wildlife Center of Virginia,20-0073094,20-3378,eastern box turtle,10/3/2020,37.30931091,-77.39353943,Euthanized,turtle,Reptile,2020,Autumn,October,3,Saturday,5,10
Wildlife Center of Virginia,19-0015195,19-0644,yellow-bellied slider,4/29/2019,37.354074,-77.408059,Released,turtle,Reptile,2019,Spring,April,29,Monday,0,4
Wildlife Center of Virginia,21-0005478,21-0140,eastern screech-owl,2/13/2021,36.70933533,-81.13350677,Released,bird,Bird,2021,Winter,February,13,Saturday,5,2
Wildlife Center of Virginia,19-0049928,19-2503,eastern cottontail,8/6/2019,38.090516,-78.855492,Euthanized,rabbits & hares,Mammal,2019,Summer,August,6,Tuesday,1,8
Wildlife Center of Virginia,17-0022338,17-0969,eastern river cooter,5/17/2017,37.6236801,-77.6223115,Released,turtle,Reptile,2017,Spring,May,17,Wednesday,2,5
Wildlife Center of Virginia,19-0024620,19-1110,virginia opossum,5/26/2019,37.5987119,-77.4727174,Euthanized,marsupial,Mammal,2019,Spring,May,26,Sunday,6,5
Wildlife Center of Virginia,19-0024621,19-1111,virginia opossum,5/26/2019,37.5987119,-77.4727174,Euthanized,marsupial,Mammal,2019,Spring,May,26,Sunday,6,5
Wildlife Center of Virginia,19-0024622,19-1112,virginia opossum,5/26/2019,37.5987119,-77.4727174,Euthanized,marsupial,Mammal,2019,Spring,May,26,Sunday,6,5
Wildlife Center of Virginia,19-0024623,19-1113,virginia opossum,5/26/2019,37.5987119,-77.4727174,Euthanized,marsupial,Mammal,2019,Spring,May,26,Sunday,6,5
Wildlife Center of Virginia,19-0024624,19-1114,virginia opossum,5/26/2019,37.5987119,-77.4727174,Euthanized,marsupial,Mammal,2019,Spring,May,26,Sunday,6,5
Wildlife Center of Virginia,19-0024625,19-1115,virginia opossum,5/26/2019,37.5987119,-77.4727174,Euthanized,marsupial,Mammal,2019,Spring,May,26,Sunday,6,5
Wildlife Center of Virginia,20-0047757,20-2208,woodchuck,6/30/2020,37.2711963,-79.9808253,Died,rodent,Mammal,2020,Summer,June,30,Tuesday,1,6
Wildlife Center of Virginia,18-0030144,18-1201,northern rough-winged swallow,5/31/2018,38.02551,-79.022763,Died,bird,Bird,2018,Spring,May,31,Thursday,3,5
Wildlife Center of Virginia,20-0044728,20-2022,eastern painted turtle,6/22/2020,38.212872,-79.381063,Euthanized,turtle,Reptile,2020,Summer,June,22,Monday,0,6
Wildlife Center of Virginia,18-0118309,18-1828,eastern box turtle,7/4/2018,38.099776,-78.4622188,Euthanized,turtle,Reptile,2018,Summer,July,4,Wednesday,2,7
Wildlife Center of Virginia,21-0074490,21-3666,eastern gray squirrel,11/20/2021,38.06463623,-78.58056641,Euthanized,rodent,Mammal,2021,Autumn,November,20,Saturday,5,11
Wildlife Center of Virginia,16-0006661,16-0073,american mink,2/24/2016,37.8117849,-79.3158679,Released,mink,Mammal,2016,Winter,February,24,Wednesday,2,2
Wildlife Center of Virginia,23-0025908,23-1790,eastern box turtle,6/12/2023,37.95836258,-78.58176422,Euthanized,turtle,Reptile,2023,Spring,June,12,Monday,0,6
Wildlife Center of Virginia,19-0055273,19-2682,mourning dove,8/26/2019,38.0892366,-78.9451982,Euthanized,bird,Bird,2019,Summer,August,26,Monday,0,8
Wildlife Center of Virginia,18-0125740,18-2162,eastern cottontail,7/23/2018,38.2581441,-78.9582051,Euthanized,rabbits & hares,Mammal,2018,Summer,July,23,Monday,0,7
Wildlife Center of Virginia,17-0008543,17-0289,eastern cottontail,3/25/2017,37.8297091,-79.3823254,Euthanized,rabbits & hares,Mammal,2017,Spring,March,25,Saturday,5,3
Wildlife Center of Virginia,20-0046456,20-2121,mallard,6/26/2020,37.6317592,-77.5540917,Euthanized,bird,Bird,2020,Summer,June,26,Friday,4,6
Wildlife Center of Virginia,20-0045604,20-2086,black vulture,6/24/2020,38.1579059,-78.564506,Died,bird,Bird,2020,Summer,June,24,Wednesday,2,6
Wildlife Center of Virginia,23-0032314,23-2265,pileated woodpecker,7/4/2023,37.84865189,-77.86371613,Died,bird,Bird,2023,Summer,July,4,Tuesday,1,7
Wildlife Center of Virginia,16-0065130,16-2160,eastern box turtle,9/23/2016,37.8653372,-78.3276961,Euthanized,turtle,Reptile,2016,Autumn,September,23,Friday,4,9
Wildlife Center of Virginia,19-0033509,19-1742,eastern box turtle,6/19/2019,37.948786,-78.257938,Released,turtle,Reptile,2019,Spring,June,19,Wednesday,2,6
Wildlife Center of Virginia,23-0034283,23-2444,turkey vulture,7/12/2023,37.98996353,-77.23283386,Euthanized,bird,Bird,2023,Summer,July,12,Wednesday,2,7
Wildlife Center of Virginia,20-0087336,20-3707,great horned owl,12/23/2020,38.00284068,-79.04580697,Euthanized,bird,Bird,2020,Winter,December,23,Wednesday,2,12
Wildlife Center of Virginia,22-0044057,22-2630,red-shouldered hawk,8/1/2022,38.03787613,-78.64450836,Euthanized,bird,Bird,2022,Summer,August,1,Monday,0,8
Wildlife Center of Virginia,20-0052461,20-2443,red fox,7/14/2020,38.388127,-78.8617747,Euthanized,fox,Mammal,2020,Summer,July,14,Tuesday,1,7
Wildlife Center of Virginia,23-0073910,23-3194,purple martin,8/28/2023,37.4279747,-79.20900726,Died,bird,Bird,2023,Summer,August,28,Monday,0,8
Wildlife Center of Virginia,18-0027398,18-1072,northern red-bellied cooter,5/23/2018,37.4586094,-77.6550445,Released,turtle,Reptile,2018,Spring,May,23,Wednesday,2,5
Wildlife Center of Virginia,19-0015968,19-0696,raccoon,5/2/2019,38.17247,-78.8474214,Euthanized,raccoon,Mammal,2019,Spring,May,2,Thursday,3,5
Wildlife Center of Virginia,18-0031323,18-1259,turkey vulture,6/3/2018,38.4286883,-78.9137777,Died,bird,Bird,2018,Spring,June,3,Sunday,6,6
Wildlife Center of Virginia,23-0081547,23-3665,eastern box turtle,10/11/2023,38.73630524,-78.64816284,Euthanized,turtle,Reptile,2023,Autumn,October,11,Wednesday,2,10
Wildlife Center of Virginia,17-0017785,17-0789,northern cardinal,5/4/2017,37.8970666,-78.2353632,Died,bird,Bird,2017,Spring,May,4,Thursday,3,5
Wildlife Center of Virginia,23-0019724,23-1302,eastern box turtle,5/22/2023,37.89682388,-78.19048309,Euthanized,turtle,Reptile,2023,Spring,May,22,Monday,0,5
Wildlife Center of Virginia,18-0143168,18-2732,eastern box turtle,9/13/2018,37.9608974,-78.9621359,Transferred,turtle,Reptile,2018,Summer,September,13,Thursday,3,9
Wildlife Center of Virginia,20-0085769,20-3693,eastern screech-owl,12/13/2020,36.9959492,-81.8300894,Euthanized,bird,Bird,2020,Autumn,December,13,Sunday,6,12
Wildlife Center of Virginia,20-0060451,20-2837,eastern screech-owl,8/9/2020,38.069833,-78.413667,Euthanized,bird,Bird,2020,Summer,August,9,Sunday,6,8
Wildlife Center of Virginia,16-0078150,16-2536,barred owl,12/19/2016,36.5611729,-76.783264,Euthanized,owl,Bird,2016,Autumn,December,19,Monday,0,12
Wildlife Center of Virginia,15-0056480,15-2105,snapping turtle,9/30/2015,38.1123302,-78.9996712,Euthanized,turtle,Reptile,2015,Autumn,September,30,Wednesday,2,9
Wildlife Center of Virginia,21-0049609,21-2689,virginia opossum,7/30/2021,37.88323975,-79.38382721,Euthanized,marsupial,Mammal,2021,Summer,July,30,Friday,4,7
Wildlife Center of Virginia,21-0049610,21-2690,virginia opossum,7/30/2021,37.88323975,-79.38382721,Died,marsupial,Mammal,2021,Summer,July,30,Friday,4,7
Wildlife Center of Virginia,21-0049611,21-2691,virginia opossum,7/30/2021,37.88323975,-79.38382721,Died,marsupial,Mammal,2021,Summer,July,30,Friday,4,7
Wildlife Center of Virginia,21-0049612,21-2692,virginia opossum,7/30/2021,37.88323975,-79.38382721,Died,marsupial,Mammal,2021,Summer,July,30,Friday,4,7
Wildlife Center of Virginia,21-0049613,21-2693,virginia opossum,7/30/2021,37.88323975,-79.38382721,Euthanized,marsupial,Mammal,2021,Summer,July,30,Friday,4,7
Wildlife Center of Virginia,21-0049614,21-2694,virginia opossum,7/30/2021,37.88323975,-79.38382721,Died,marsupial,Mammal,2021,Summer,July,30,Friday,4,7
Wildlife Center of Virginia,21-0049615,21-2695,virginia opossum,7/30/2021,37.88323975,-79.38382721,Died,marsupial,Mammal,2021,Summer,July,30,Friday,4,7
Wildlife Center of Virginia,21-0049616,21-2696,virginia opossum,7/30/2021,37.88323975,-79.38382721,Died,marsupial,Mammal,2021,Summer,July,30,Friday,4,7
Wildlife Center of Virginia,21-0049617,21-2697,virginia opossum,7/30/2021,37.88323975,-79.38382721,Euthanized,marsupial,Mammal,2021,Summer,July,30,Friday,4,7
Wildlife Center of Virginia,21-0049618,21-2698,virginia opossum,7/30/2021,37.88323975,-79.38382721,Died,marsupial,Mammal,2021,Summer,July,30,Friday,4,7
Wildlife Center of Virginia,21-0064718,21-3406,chimney swift,10/1/2021,38.14828873,-79.07671356,Euthanized,bird,Bird,2021,Autumn,October,1,Friday,4,10
Wildlife Center of Virginia,19-0060257,19-2869,virginia opossum,9/14/2019,38.0261069,-79.0325237,Euthanized,marsupial,Mammal,2019,Summer,September,14,Saturday,5,9
Wildlife Center of Virginia,18-0150544,18-2939,blue jay,10/18/2018,38.0256649,-79.033318,Euthanized,bird,Bird,2018,Autumn,October,18,Thursday,3,10
Wildlife Center of Virginia,18-0009595,18-0146,tufted titmouse,3/9/2018,38.028908,-78.438477,Euthanized,bird,Bird,2018,Winter,March,9,Friday,4,3
Wildlife Center of Virginia,21-0066704,21-3487,eastern box turtle,10/12/2021,38.18847656,-78.90265656,Euthanized,turtle,Reptile,2021,Autumn,October,12,Tuesday,1,10
Wildlife Center of Virginia,19-0081668,19-3325,red-shouldered hawk,12/26/2019,38.0663966,-78.8897894,Released,bird,Bird,2019,Winter,December,26,Thursday,3,12
Wildlife Center of Virginia,21-0024878,21-1299,red-shouldered hawk,5/20/2021,37.62464523,-77.64431763,Released,bird,Bird,2021,Spring,May,20,Thursday,3,5
Wildlife Center of Virginia,20-0071879,20-3348,great horned owl,9/29/2020,37.5364811,-79.8523713,Euthanized,bird,Bird,2020,Autumn,September,29,Tuesday,1,9
Wildlife Center of Virginia,22-0053769,22-3208,red-eyed vireo,9/17/2022,37.43717957,-79.17205048,Died,bird,Bird,2022,Summer,September,17,Saturday,5,9
Wildlife Center of Virginia,17-0086031,17-2257,bald eagle,9/1/2017,36.7770736,-76.1282064,Died,bird,Bird,2017,Summer,September,1,Friday,4,9
Wildlife Center of Virginia,23-0078009,23-3471,red fox,9/19/2023,37.46704483,-77.81910706,Euthanized,fox,Mammal,2023,Summer,September,19,Tuesday,1,9
Wildlife Center of Virginia,22-0042766,22-2542,eastern box turtle,7/26/2022,38.07198334,-78.41151428,Released,turtle,Reptile,2022,Summer,July,26,Tuesday,1,7
Wildlife Center of Virginia,19-0032071,19-1624,eastern box turtle,6/15/2019,37.9412961,-78.5873094,Euthanized,turtle,Reptile,2019,Spring,June,15,Saturday,5,6
Wildlife Center of Virginia,19-0024395,19-1097,virginia opossum,5/25/2019,38.0332557,-79.0407991,Released,marsupial,Mammal,2019,Spring,May,25,Saturday,5,5
Wildlife Center of Virginia,20-0053917,20-2557,red-eared slider,7/18/2020,38.0373726,-78.4475461,Euthanized,turtle,Reptile,2020,Summer,July,18,Saturday,5,7
Wildlife Center of Virginia,19-0053835,19-2629,woodchuck,8/19/2019,38.065742,-78.887307,Euthanized,rodent,Mammal,2019,Summer,August,19,Monday,0,8
Wildlife Center of Virginia,20-0076252,20-3446,hairy woodpecker,10/17/2020,37.8890048,-79.3707055,Euthanized,bird,Bird,2020,Autumn,October,17,Saturday,5,10
Wildlife Center of Virginia,20-0056285,20-2670,broad-winged hawk,7/26/2020,37.9719139,-78.3951764,Released,bird,Bird,2020,Summer,July,26,Sunday,6,7
Wildlife Center of Virginia,21-0016490,DOA21-0038,virginia opossum,4/27/2021,38.46525574,-78.9040451,Died,marsupial,Mammal,2021,Spring,April,27,Tuesday,1,4
Wildlife Center of Virginia,17-0025662,17-1118,woodchuck,5/25/2017,38.066037,-78.58575,Transferred,rodent,Mammal,2017,Spring,May,25,Thursday,3,5
Wildlife Center of Virginia,22-0000497,22-0006,barred owl,1/4/2022,37.88576126,-78.36975861,Euthanized,owl,Bird,2022,Winter,January,4,Tuesday,1,1
Wildlife Center of Virginia,21-0070425,21-3570,white-throated sparrow,10/29/2021,38.03974152,-78.41894531,Euthanized,bird,Bird,2021,Autumn,October,29,Friday,4,10
Wildlife Center of Virginia,19-0039185,19-1999,eastern painted turtle,7/3/2019,38.29824947,-77.92421593,Euthanized,turtle,Reptile,2019,Summer,July,3,Wednesday,2,7
Wildlife Center of Virginia,20-0055428,20-2631,eastern box turtle,7/23/2020,38.2945446,-77.92722,Euthanized,turtle,Reptile,2020,Summer,July,23,Thursday,3,7
Wildlife Center of Virginia,18-0112926,18-1626,brown thrasher,6/23/2018,38.034241,-78.637896,Released,bird,Bird,2018,Summer,June,23,Saturday,5,6
Wildlife Center of Virginia,19-0069997,19-3111,great horned owl,10/20/2019,38.294552,-78.968096,Died,bird,Bird,2019,Autumn,October,20,Sunday,6,10
Wildlife Center of Virginia,23-0066417,23-2683,snapping turtle,7/24/2023,37.42089462,-79.91029358,Euthanized,turtle,Reptile,2023,Summer,July,24,Monday,0,7
Wildlife Center of Virginia,23-0013120,23-0844,northern cardinal,4/29/2023,37.98450851,-79.19159698,Euthanized,bird,Bird,2023,Spring,April,29,Saturday,5,4
Wildlife Center of Virginia,21-0015255,21-0633,chipping sparrow,4/22/2021,38.55988312,-78.80112457,Died,bird,Bird,2021,Spring,April,22,Thursday,3,4
Wildlife Center of Virginia,14-0043161,14-2070,virginia opossum,9/6/2014,38.559862,-78.801129,Euthanized,marsupial,Mammal,2014,Summer,September,6,Saturday,5,9
Wildlife Center of Virginia,19-0058584,19-2814,mourning dove,9/7/2019,38.190075,-78.9545097,Died,bird,Bird,2019,Summer,September,7,Saturday,5,9
Wildlife Center of Virginia,21-0078672,21-3770,red-shouldered hawk,12/18/2021,38.03381729,-79.04000854,Died,bird,Bird,2021,Autumn,December,18,Saturday,5,12
Wildlife Center of Virginia,14-0048304,14-2246,eastern box turtle,10/11/2014,38.107216,-78.638153,Released,turtle,Reptile,2014,Autumn,October,11,Saturday,5,10
Wildlife Center of Virginia,20-0059077,20-2756,rock dove,8/4/2020,38.06099366,-78.939931,Euthanized,bird,Bird,2020,Summer,August,4,Tuesday,1,8
Wildlife Center of Virginia,21-0080038,21-3799,eastern gray squirrel,12/28/2021,37.23184967,-78.76694489,Euthanized,rodent,Mammal,2021,Winter,December,28,Tuesday,1,12
Wildlife Center of Virginia,21-0051776,21-2830,eastern box turtle,8/8/2021,38.46097946,-78.52936554,Euthanized,turtle,Reptile,2021,Summer,August,8,Sunday,6,8
Wildlife Center of Virginia,23-0029122,23-2037,pileated woodpecker,6/23/2023,38.26777267,-78.40426636,Died,bird,Bird,2023,Summer,June,23,Friday,4,6
Wildlife Center of Virginia,21-0017725,21-0838,northern cardinal,5/1/2021,38.07769775,-78.45785522,Euthanized,bird,Bird,2021,Spring,May,1,Saturday,5,5
Wildlife Center of Virginia,16-0022569,16-0661,eastern box turtle,5/13/2016,38.241102,-79.354085,Euthanized,turtle,Reptile,2016,Spring,May,13,Friday,4,5
Wildlife Center of Virginia,16-0031033,16-0974,northern cardinal,6/3/2016,38.1977031,-79.0138015,Euthanized,bird,Bird,2016,Spring,June,3,Friday,4,6
Wildlife Center of Virginia,20-0054750,20-2604,eastern gray squirrel,7/21/2020,38.217358,-79.120585,Euthanized,rodent,Mammal,2020,Summer,July,21,Tuesday,1,7
Wildlife Center of Virginia,22-0019430,22-1081,snapping turtle,5/16/2022,38.08071518,-78.9235611,Released,turtle,Reptile,2022,Spring,May,16,Monday,0,5
Wildlife Center of Virginia,19-0025290,19-1183,white-tailed deer,5/29/2019,37.9051902,-78.3427968,Euthanized,deer,Mammal,2019,Spring,May,29,Wednesday,2,5
Wildlife Center of Virginia,23-0074091,23-3203,red-tailed hawk,8/29/2023,37.80409622,-77.80131531,Died,bird,Bird,2023,Summer,August,29,Tuesday,1,8
Wildlife Center of Virginia,23-0027906,23-1944,eastern screech-owl,6/19/2023,37.92707443,-79.31990814,Died,bird,Bird,2023,Spring,June,19,Monday,0,6
Wildlife Center of Virginia,21-0037158,21-2052,american crow,6/22/2021,37.52865982,-79.29105377,Euthanized,bird,Bird,2021,Summer,June,22,Tuesday,1,6
Wildlife Center of Virginia,22-0048520,22-2895,eastern box turtle,8/21/2022,37.77343369,-79.04475403,Died,turtle,Reptile,2022,Summer,August,21,Sunday,6,8
Wildlife Center of Virginia,20-0055414,20-2628,eastern box turtle,7/23/2020,37.5868957,-76.7659498,Euthanized,turtle,Reptile,2020,Summer,July,23,Thursday,3,7
Wildlife Center of Virginia,23-0019366,23-1264,european starling,5/20/2023,38.06924057,-78.87787628,Euthanized,bird,Bird,2023,Spring,May,20,Saturday,5,5
Wildlife Center of Virginia,23-0086672,DOA23-0158,fox sparrow,12/2/2023,37.96185303,-78.64007568,Died,bird,Bird,2023,Autumn,December,2,Saturday,5,12
Wildlife Center of Virginia,15-0058768,15-2193,mourning dove,10/23/2015,38.465894,-78.906938,Euthanized,bird,Bird,2015,Autumn,October,23,Friday,4,10
Wildlife Center of Virginia,19-0044271,19-2229,eastern box turtle,7/19/2019,38.251034,-78.99079,Released,turtle,Reptile,2019,Summer,July,19,Friday,4,7
Wildlife Center of Virginia,19-0047599,19-2381,red-tailed hawk,7/29/2019,38.4160416,-78.8365169,Euthanized,bird,Bird,2019,Summer,July,29,Monday,0,7
Wildlife Center of Virginia,23-0028711,23-2003,northern mockingbird,6/22/2023,37.71589279,-78.96868134,Euthanized,bird,Bird,2023,Summer,June,22,Thursday,3,6
Wildlife Center of Virginia,17-0015641,17-0674,virginia opossum,4/28/2017,38.0799721,-78.9281605,Euthanized,marsupial,Mammal,2017,Spring,April,28,Friday,4,4
Wildlife Center of Virginia,22-0063971,22-3625,red-shouldered hawk,12/14/2022,37.71670532,-78.96815491,Euthanized,bird,Bird,2022,Autumn,December,14,Wednesday,2,12
Wildlife Center of Virginia,21-0019211,21-0957,eastern box turtle,5/5/2021,37.73498535,-78.74924469,Died,turtle,Reptile,2021,Spring,May,5,Wednesday,2,5
Wildlife Center of Virginia,19-0042070,19-2138,eastern box turtle,7/12/2019,37.8593975,-79.3974871,Euthanized,turtle,Reptile,2019,Summer,July,12,Friday,4,7
Wildlife Center of Virginia,22-0024165,22-1392,white-tailed deer,5/29/2022,37.7474823,-78.28845215,Euthanized,deer,Mammal,2022,Spring,May,29,Sunday,6,5
Wildlife Center of Virginia,21-0034004,21-1898,eastern box turtle,6/14/2021,37.4121933,-78.35557556,Euthanized,turtle,Reptile,2021,Spring,June,14,Monday,0,6
Wildlife Center of Virginia,19-0054411,19-2647,cooper's hawk,8/22/2019,38.183278,-79.118715,Euthanized,bird,Bird,2019,Summer,August,22,Thursday,3,8
Wildlife Center of Virginia,22-0038644,DOA22-0111,northern cardinal,7/12/2022,38.00358963,-79.13471985,Died,bird,Bird,2022,Summer,July,12,Tuesday,1,7
Wildlife Center of Virginia,20-0083609,20-3634,eastern screech-owl,11/29/2020,36.8908097,-77.6063506,Died,bird,Bird,2020,Autumn,November,29,Sunday,6,11
Wildlife Center of Virginia,20-0011884,20-0222,virginia opossum,3/20/2020,38.4489859,-78.873981,Euthanized,marsupial,Mammal,2020,Winter,March,20,Friday,4,3
Wildlife Center of Virginia,20-0011886,20-0223,virginia opossum,3/20/2020,38.4489859,-78.873981,Euthanized,marsupial,Mammal,2020,Winter,March,20,Friday,4,3
Wildlife Center of Virginia,20-0011887,20-0224,virginia opossum,3/20/2020,38.4489859,-78.873981,Euthanized,marsupial,Mammal,2020,Winter,March,20,Friday,4,3
Wildlife Center of Virginia,17-0027900,17-1215,american crow,5/31/2017,37.935522,-78.598012,Died,bird,Bird,2017,Spring,May,31,Wednesday,2,5
Wildlife Center of Virginia,23-0007149,23-0349,eastern red bat,3/24/2023,37.93555832,-78.59799957,Euthanized,bat,Mammal,2023,Spring,March,24,Friday,4,3
Wildlife Center of Virginia,18-0158408,18-3104,eastern screech-owl,12/3/2018,36.8829687,-80.9841426,Euthanized,bird,Bird,2018,Autumn,December,3,Monday,0,12
Wildlife Center of Virginia,22-0059095,22-3458,eastern painted turtle,10/26/2022,37.81787109,-79.30375671,Euthanized,turtle,Reptile,2022,Autumn,October,26,Wednesday,2,10
Wildlife Center of Virginia,20-0029340,20-1105,red fox,5/19/2020,38.6505303,-78.7215518,Euthanized,fox,Mammal,2020,Spring,May,19,Tuesday,1,5
Wildlife Center of Virginia,21-0066154,21-3460,eastern box turtle,10/9/2021,37.74396515,-78.22341919,Released,turtle,Reptile,2021,Autumn,October,9,Saturday,5,10
Wildlife Center of Virginia,22-0039723,22-2360,eastern box turtle,7/15/2022,37.81739044,-79.48693085,Released,turtle,Reptile,2022,Summer,July,15,Friday,4,7
Wildlife Center of Virginia,17-0028902,17-1262,eastern box turtle,6/2/2017,38.090421,-78.8565689,Euthanized,turtle,Reptile,2017,Spring,June,2,Friday,4,6
Wildlife Center of Virginia,23-0021911,23-1453,northern cardinal,5/29/2023,38.01754379,-78.06115723,Died,bird,Bird,2023,Spring,May,29,Monday,0,5
Wildlife Center of Virginia,20-0059494,DOA20-0121,virginia opossum,8/6/2020,37.9001032,-78.8462439,Died,marsupial,Mammal,2020,Summer,August,6,Thursday,3,8
Wildlife Center of Virginia,18-0160426,18-3140,red-tailed hawk,12/20/2018,37.5620063,-77.4711047,Euthanized,bird,Bird,2018,Autumn,December,20,Thursday,3,12
Wildlife Center of Virginia,22-0048079,22-2853,house sparrow,8/19/2022,38.0812645,-78.92979431,Euthanized,bird,Bird,2022,Summer,August,19,Friday,4,8
Wildlife Center of Virginia,23-0009364,23-0557,eastern gray squirrel,4/10/2023,37.53369904,-77.58772278,Released,rodent,Mammal,2023,Spring,April,10,Monday,0,4
Wildlife Center of Virginia,19-0034245,19-1788,eastern river cooter,6/20/2019,37.9104227,-78.3280454,Euthanized,turtle,Reptile,2019,Spring,June,20,Thursday,3,6
Wildlife Center of Virginia,21-0033440,21-1846,woodchuck,6/12/2021,38.59368134,-78.59004211,Euthanized,rodent,Mammal,2021,Spring,June,12,Saturday,5,6
Wildlife Center of Virginia,21-0018802,21-0914,american crow,5/4/2021,38.44248962,-78.60412598,Euthanized,bird,Bird,2021,Spring,May,4,Tuesday,1,5
Wildlife Center of Virginia,23-0008034,23-0407,canada goose,3/30/2023,37.60840225,-77.52336121,Released,bird,Bird,2023,Spring,March,30,Thursday,3,3
Wildlife Center of Virginia,23-0085475,23-3843,eastern screech-owl,11/12/2023,36.66184235,-78.63915253,Released,bird,Bird,2023,Autumn,November,12,Sunday,6,11
Wildlife Center of Virginia,18-0138061,18-2559,woodchuck,8/27/2018,38.0510965,-78.5456236,Euthanized,rodent,Mammal,2018,Summer,August,27,Monday,0,8
Wildlife Center of Virginia,21-0037326,21-2062,house finch,6/22/2021,38.39864349,-78.85090637,Euthanized,bird,Bird,2021,Summer,June,22,Tuesday,1,6
Wildlife Center of Virginia,20-0074346,20-3403,black vulture,10/8/2020,37.4345119,-79.0965209,Euthanized,bird,Bird,2020,Autumn,October,8,Thursday,3,10
Wildlife Center of Virginia,23-0031207,23-2194,eastern painted turtle,6/30/2023,37.99166107,-78.16535187,Euthanized,turtle,Reptile,2023,Summer,June,30,Friday,4,6
Wildlife Center of Virginia,20-0076513,20-3459,blue jay,10/19/2020,37.237749,-79.1033999,Released,bird,Bird,2020,Autumn,October,19,Monday,0,10
Wildlife Center of Virginia,21-0041851,21-2264,eastern box turtle,7/5/2021,38.42866516,-78.17100525,Euthanized,turtle,Reptile,2021,Summer,July,5,Monday,0,7
Wildlife Center of Virginia,20-0062411,20-2907,red-headed woodpecker,8/16/2020,37.9247155,-78.3474425,Euthanized,bird,Bird,2020,Summer,August,16,Sunday,6,8
Wildlife Center of Virginia,16-0024505,16-0726,virginia opossum,5/18/2016,38.1247235,-79.0667661,Released,marsupial,Mammal,2016,Spring,May,18,Wednesday,2,5
Wildlife Center of Virginia,15-0018221,15-0643,blue jay,5/10/2015,37.9827704,-78.5036574,Released,bird,Bird,2015,Spring,May,10,Sunday,6,5
Wildlife Center of Virginia,17-0018181,17-0814,eastern box turtle,5/5/2017,37.936332,-78.3366758,Released,turtle,Reptile,2017,Spring,May,5,Friday,4,5
Wildlife Center of Virginia,18-0019753,18-0675,eastern gray squirrel,5/5/2018,37.9935182,-78.8385418,Euthanized,rodent,Mammal,2018,Spring,May,5,Saturday,5,5
Wildlife Center of Virginia,22-0033637,22-2043,eastern box turtle,6/27/2022,38.06135941,-78.50901794,Died,turtle,Reptile,2022,Summer,June,27,Monday,0,6
Wildlife Center of Virginia,15-0055771,15-2096,eastern box turtle,9/28/2015,38.7506309,-78.8096683,Euthanized,turtle,Reptile,2015,Autumn,September,28,Monday,0,9
Wildlife Center of Virginia,19-0048562,19-2431,eastern box turtle,8/1/2019,37.8052784,-77.8564477,Released,turtle,Reptile,2019,Summer,August,1,Thursday,3,8
Wildlife Center of Virginia,18-0149975,18-2927,eastern gray squirrel,10/15/2018,38.2480851,-78.1027791,Euthanized,rodent,Mammal,2018,Autumn,October,15,Monday,0,10
Wildlife Center of Virginia,17-0029650,17-1292,coastal plain cooter,6/4/2017,36.7722005,-76.4578034,Released,turtle,Reptile,2017,Spring,June,4,Sunday,6,6
Wildlife Center of Virginia,22-0039643,22-2355,eastern box turtle,7/15/2022,38.72289658,-78.46403503,Euthanized,turtle,Reptile,2022,Summer,July,15,Friday,4,7
Wildlife Center of Virginia,20-0039281,20-1612,eastern box turtle,6/9/2020,38.5224075,-78.2858299,Euthanized,turtle,Reptile,2020,Spring,June,9,Tuesday,1,6
Wildlife Center of Virginia,18-0119092,18-1855,hooded merganser,7/6/2018,37.1550614,-80.3079376,Died,bird,Bird,2018,Summer,July,6,Friday,4,7
Wildlife Center of Virginia,21-0052439,21-2860,virginia opossum,8/11/2021,38.10298538,-78.59133911,Euthanized,marsupial,Mammal,2021,Summer,August,11,Wednesday,2,8
Wildlife Center of Virginia,18-0031861,18-1278,eastern box turtle,6/4/2018,38.1864482,-79.2296537,Euthanized,turtle,Reptile,2018,Spring,June,4,Monday,0,6
Wildlife Center of Virginia,23-0076208,23-3319,eastern box turtle,9/8/2023,37.95474625,-78.47660065,Euthanized,turtle,Reptile,2023,Summer,September,8,Friday,4,9
Wildlife Center of Virginia,22-0026806,22-1566,eastern painted turtle,6/5/2022,38.19073868,-78.840065,Euthanized,turtle,Reptile,2022,Spring,June,5,Sunday,6,6
Wildlife Center of Virginia,16-0004181,16-0028,bald eagle,1/28/2016,37.095901,-77.03507,Died,bird,Bird,2016,Winter,January,28,Thursday,3,1
Wildlife Center of Virginia,19-0073322,19-3169,eastern gray squirrel,11/4/2019,38.0068853,-79.0225111,Euthanized,rodent,Mammal,2019,Autumn,November,4,Monday,0,11
Wildlife Center of Virginia,18-0158737,18-3111,gray fox,12/5/2018,38.6986834,-78.6821786,Died,fox,Mammal,2018,Autumn,December,5,Wednesday,2,12
Wildlife Center of Virginia,20-0034542,20-1371,eastern box turtle,5/30/2020,37.3500518,-77.6241049,Euthanized,turtle,Reptile,2020,Spring,May,30,Saturday,5,5
Wildlife Center of Virginia,19-0069044,19-3088,eastern screech-owl,10/15/2019,38.0768873,-78.8703575,Euthanized,bird,Bird,2019,Autumn,October,15,Tuesday,1,10
Wildlife Center of Virginia,19-0031658,19-1580,barn swallow,6/14/2019,38.629987,-78.433841,Euthanized,bird,Bird,2019,Spring,June,14,Friday,4,6
Wildlife Center of Virginia,22-0064441,22-3661,eastern gray squirrel,12/20/2022,38.07794571,-78.48336792,Euthanized,rodent,Mammal,2022,Autumn,December,20,Tuesday,1,12
Wildlife Center of Virginia,20-0016889,20-0453,raccoon,4/11/2020,38.1265728,-79.0321871,Euthanized,raccoon,Mammal,2020,Spring,April,11,Saturday,5,4
Wildlife Center of Virginia,18-0157494,18-3086,canada goose,11/26/2018,38.0471709,-78.9734761,Euthanized,bird,Bird,2018,Autumn,November,26,Monday,0,11
Wildlife Center of Virginia,18-0122450,18-2020,white-tailed deer,7/15/2018,38.0849759,-78.982067,Euthanized,deer,Mammal,2018,Summer,July,15,Sunday,6,7
Wildlife Center of Virginia,16-0039502,16-1324,eastern painted turtle,6/24/2016,38.10468028,-78.9786954,Released,turtle,Reptile,2016,Summer,June,24,Friday,4,6
Wildlife Center of Virginia,19-0028443,19-1375,virginia opossum,6/6/2019,38.1060773,-78.9806106,Euthanized,marsupial,Mammal,2019,Spring,June,6,Thursday,3,6
Wildlife Center of Virginia,15-0039800,15-1545,virginia opossum,7/14/2015,38.142203,-79.036789,Transferred,marsupial,Mammal,2015,Summer,July,14,Tuesday,1,7
Wildlife Center of Virginia,15-0039801,15-1544,virginia opossum,7/14/2015,38.142203,-79.036789,Transferred,marsupial,Mammal,2015,Summer,July,14,Tuesday,1,7
Wildlife Center of Virginia,15-0039802,15-1543,virginia opossum,7/14/2015,38.142203,-79.036789,Transferred,marsupial,Mammal,2015,Summer,July,14,Tuesday,1,7
Wildlife Center of Virginia,15-0039803,15-1542,virginia opossum,7/14/2015,38.142203,-79.036789,Transferred,marsupial,Mammal,2015,Summer,July,14,Tuesday,1,7
Wildlife Center of Virginia,15-0039804,15-1541,virginia opossum,7/14/2015,38.142203,-79.036789,Transferred,marsupial,Mammal,2015,Summer,July,14,Tuesday,1,7
Wildlife Center of Virginia,15-0039805,15-1540,virginia opossum,7/14/2015,38.142203,-79.036789,Transferred,marsupial,Mammal,2015,Summer,July,14,Tuesday,1,7
Wildlife Center of Virginia,15-0039806,15-1539,virginia opossum,7/14/2015,38.142203,-79.036789,Transferred,marsupial,Mammal,2015,Summer,July,14,Tuesday,1,7
Wildlife Center of Virginia,22-0009556,22-0408,red fox,4/4/2022,38.15739822,-79.06369019,Transferred,fox,Mammal,2022,Spring,April,4,Monday,0,4
Wildlife Center of Virginia,23-0006999,23-0305,red-shouldered hawk,3/23/2023,37.78613663,-78.76023865,Euthanized,bird,Bird,2023,Spring,March,23,Thursday,3,3
Wildlife Center of Virginia,14-0027448,14-1338,virginia opossum,6/21/2014,38.084586,-78.928727,Transferred,marsupial,Mammal,2014,Summer,June,21,Saturday,5,6
Wildlife Center of Virginia,14-0027449,14-1339,virginia opossum,6/21/2014,38.084586,-78.928727,Released,marsupial,Mammal,2014,Summer,June,21,Saturday,5,6
Wildlife Center of Virginia,14-0027450,14-1340,virginia opossum,6/21/2014,38.084586,-78.928727,Died,marsupial,Mammal,2014,Summer,June,21,Saturday,5,6
Wildlife Center of Virginia,14-0027451,14-1341,virginia opossum,6/21/2014,38.084586,-78.928727,Released,marsupial,Mammal,2014,Summer,June,21,Saturday,5,6
Wildlife Center of Virginia,14-0027452,14-1342,virginia opossum,6/21/2014,38.084586,-78.928727,Released,marsupial,Mammal,2014,Summer,June,21,Saturday,5,6
Wildlife Center of Virginia,14-0027453,14-1343,virginia opossum,6/21/2014,38.084586,-78.928727,Released,marsupial,Mammal,2014,Summer,June,21,Saturday,5,6
Wildlife Center of Virginia,14-0027454,14-1344,virginia opossum,6/21/2014,38.084586,-78.928727,Released,marsupial,Mammal,2014,Summer,June,21,Saturday,5,6
Wildlife Center of Virginia,14-0027455,14-1345,virginia opossum,6/21/2014,38.084586,-78.928727,Released,marsupial,Mammal,2014,Summer,June,21,Saturday,5,6
Wildlife Center of Virginia,14-0027456,14-1346,virginia opossum,6/21/2014,38.084586,-78.928727,Transferred,marsupial,Mammal,2014,Summer,June,21,Saturday,5,6
Wildlife Center of Virginia,14-0027457,14-1347,virginia opossum,6/21/2014,38.084586,-78.928727,Euthanized,marsupial,Mammal,2014,Summer,June,21,Saturday,5,6
Wildlife Center of Virginia,17-0023130,17-1015,eastern screech-owl,5/19/2017,38.4339193,-78.7822367,Euthanized,bird,Bird,2017,Spring,May,19,Friday,4,5
Wildlife Center of Virginia,16-0017771,16-0460,snapping turtle,4/29/2016,38.064976,-78.88866,Released,turtle,Reptile,2016,Spring,April,29,Friday,4,4
Wildlife Center of Virginia,23-0008142,23-0412,dekay's brown snake,3/31/2023,37.57195663,-79.29521179,Died,snake,Reptile,2023,Spring,March,31,Friday,4,3
Wildlife Center of Virginia,19-0050949,19-2531,eastern box turtle,8/9/2019,37.6782371,-79.4433397,Released,turtle,Reptile,2019,Summer,August,9,Friday,4,8
Wildlife Center of Virginia,21-0064636,21-3405,american crow,9/30/2021,38.06728363,-78.8824234,Died,bird,Bird,2021,Autumn,September,30,Thursday,3,9
Wildlife Center of Virginia,19-0044715,19-2269,eastern cottontail,7/21/2019,38.0770454,-78.8903863,Died,rabbits & hares,Mammal,2019,Summer,July,21,Sunday,6,7
Wildlife Center of Virginia,18-0120190,18-1918,white-tailed deer,7/9/2018,37.481169,-77.443655,Euthanized,deer,Mammal,2018,Summer,July,9,Monday,0,7
Wildlife Center of Virginia,18-0117848,DOA18-0083,virginia opossum,7/3/2018,37.8879158,-79.4349835,Died,marsupial,Mammal,2018,Summer,July,3,Tuesday,1,7
Wildlife Center of Virginia,23-0006912,23-0294,virginia opossum,3/22/2023,37.88791656,-79.4349823,Euthanized,marsupial,Mammal,2023,Spring,March,22,Wednesday,2,3
Wildlife Center of Virginia,23-0006913,23-0295,virginia opossum,3/22/2023,37.88791656,-79.4349823,Euthanized,marsupial,Mammal,2023,Spring,March,22,Wednesday,2,3
Wildlife Center of Virginia,23-0006914,23-0296,virginia opossum,3/22/2023,37.88791656,-79.4349823,Euthanized,marsupial,Mammal,2023,Spring,March,22,Wednesday,2,3
Wildlife Center of Virginia,23-0006915,23-0297,virginia opossum,3/22/2023,37.88791656,-79.4349823,Euthanized,marsupial,Mammal,2023,Spring,March,22,Wednesday,2,3
Wildlife Center of Virginia,23-0006916,23-0298,virginia opossum,3/22/2023,37.88791656,-79.4349823,Euthanized,marsupial,Mammal,2023,Spring,March,22,Wednesday,2,3
Wildlife Center of Virginia,23-0006917,23-0299,virginia opossum,3/22/2023,37.88791656,-79.4349823,Euthanized,marsupial,Mammal,2023,Spring,March,22,Wednesday,2,3
Wildlife Center of Virginia,23-0006918,23-0300,virginia opossum,3/22/2023,37.88791656,-79.4349823,Euthanized,marsupial,Mammal,2023,Spring,March,22,Wednesday,2,3
Wildlife Center of Virginia,23-0006919,23-0301,virginia opossum,3/22/2023,37.88791656,-79.4349823,Euthanized,marsupial,Mammal,2023,Spring,March,22,Wednesday,2,3
Wildlife Center of Virginia,23-0006920,23-0302,virginia opossum,3/22/2023,37.88791656,-79.4349823,Euthanized,marsupial,Mammal,2023,Spring,March,22,Wednesday,2,3
Wildlife Center of Virginia,23-0006928,DOA23-0016,virginia opossum,3/22/2023,37.88791656,-79.4349823,Died,marsupial,Mammal,2023,Spring,March,22,Wednesday,2,3
Wildlife Center of Virginia,23-0078591,23-3511,eastern box turtle,9/23/2023,37.92814636,-78.10333252,Euthanized,turtle,Reptile,2023,Autumn,September,23,Saturday,5,9
Wildlife Center of Virginia,17-0086275,17-2272,virginia opossum,9/3/2017,38.263966,-78.8270715,Euthanized,marsupial,Mammal,2017,Summer,September,3,Sunday,6,9
Wildlife Center of Virginia,19-0062244,19-2957,eastern box turtle,9/21/2019,37.2886419,-78.3774469,Euthanized,turtle,Reptile,2019,Summer,September,21,Saturday,5,9
Wildlife Center of Virginia,22-0029846,22-1728,snapping turtle,6/15/2022,38.44966507,-78.88169861,Died,turtle,Reptile,2022,Spring,June,15,Wednesday,2,6
Wildlife Center of Virginia,18-0002403,18-0017,eastern screech-owl,1/9/2018,37.948562,-78.47665,Euthanized,bird,Bird,2018,Winter,January,9,Tuesday,1,1
Wildlife Center of Virginia,21-0009756,21-0323,eastern cottontail,3/27/2021,38.57862091,-78.50315094,Euthanized,rabbits & hares,Mammal,2021,Spring,March,27,Saturday,5,3
Wildlife Center of Virginia,23-0085413,23-3839,raccoon,11/10/2023,38.11200714,-78.89118195,Euthanized,raccoon,Mammal,2023,Autumn,November,10,Friday,4,11
Wildlife Center of Virginia,20-0013037,20-0291,american robin,3/29/2020,38.1963244,-79.404557,Released,bird,Bird,2020,Spring,March,29,Sunday,6,3
Wildlife Center of Virginia,15-0008021,15-0155,american robin,3/14/2015,38.069341,-78.664355,Died,bird,Bird,2015,Winter,March,14,Saturday,5,3
Wildlife Center of Virginia,23-0022572,23-1482,eastern box turtle,5/31/2023,37.95301437,-78.46478271,Euthanized,turtle,Reptile,2023,Spring,May,31,Wednesday,2,5
Wildlife Center of Virginia,17-0097783,17-2632,virginia opossum,11/5/2017,38.120548,-78.375443,Euthanized,marsupial,Mammal,2017,Autumn,November,5,Sunday,6,11
Wildlife Center of Virginia,18-0028778,18-1156,european starling,5/28/2018,38.03923918,-78.91379936,Euthanized,bird,Bird,2018,Spring,May,28,Monday,0,5
Wildlife Center of Virginia,23-0012146,23-0755,woodchuck,4/24/2023,38.14585876,-79.07749176,Transferred,rodent,Mammal,2023,Spring,April,24,Monday,0,4
Wildlife Center of Virginia,22-0034152,22-2066,european starling,6/28/2022,38.19652176,-79.40627289,Euthanized,bird,Bird,2022,Summer,June,28,Tuesday,1,6
Wildlife Center of Virginia,19-0037872,19-1947,eastern box turtle,6/29/2019,38.3227373,-78.3207234,Euthanized,turtle,Reptile,2019,Summer,June,29,Saturday,5,6
Wildlife Center of Virginia,19-0002763,19-0054,eastern screech-owl,1/24/2019,37.9947895,-79.6139324,Euthanized,bird,Bird,2019,Winter,January,24,Thursday,3,1
Wildlife Center of Virginia,23-0066170,23-2659,canada goose,7/23/2023,37.56749725,-77.20435333,Euthanized,bird,Bird,2023,Summer,July,23,Sunday,6,7
Wildlife Center of Virginia,14-0029744,14-1478,red fox,6/29/2014,37.9322809,-78.4999094,Euthanized,fox,Mammal,2014,Summer,June,29,Sunday,6,6
Wildlife Center of Virginia,14-0034538,14-1680,virginia opossum,7/20/2014,38.051419,-79.420608,Died,marsupial,Mammal,2014,Summer,July,20,Sunday,6,7
Wildlife Center of Virginia,14-0034539,14-1681,virginia opossum,7/20/2014,38.051419,-79.420608,Died,marsupial,Mammal,2014,Summer,July,20,Sunday,6,7
Wildlife Center of Virginia,14-0034540,14-1682,virginia opossum,7/20/2014,38.051419,-79.420608,Died,marsupial,Mammal,2014,Summer,July,20,Sunday,6,7
Wildlife Center of Virginia,14-0034541,14-1683,virginia opossum,7/20/2014,38.051419,-79.420608,Died,marsupial,Mammal,2014,Summer,July,20,Sunday,6,7
Wildlife Center of Virginia,23-0020060,23-1329,american robin,5/23/2023,38.16337585,-79.09951782,Died,bird,Bird,2023,Spring,May,23,Tuesday,1,5
Wildlife Center of Virginia,22-0016766,22-0928,eastern gray squirrel,5/7/2022,37.51532364,-77.46479797,Euthanized,rodent,Mammal,2022,Spring,May,7,Saturday,5,5
Wildlife Center of Virginia,17-0025386,17-1107,virginia opossum,5/24/2017,37.999439,-78.392977,Euthanized,marsupial,Mammal,2017,Spring,May,24,Wednesday,2,5
Wildlife Center of Virginia,17-0026017,17-1124,eastern painted turtle,5/26/2017,37.8348378,-77.3693461,Euthanized,turtle,Reptile,2017,Spring,May,26,Friday,4,5
Wildlife Center of Virginia,17-0037346,17-1541,raccoon,6/23/2017,38.4090902,-78.9440925,Euthanized,raccoon,Mammal,2017,Summer,June,23,Friday,4,6
Wildlife Center of Virginia,17-0037347,17-1542,raccoon,6/23/2017,38.4090902,-78.9440925,Euthanized,raccoon,Mammal,2017,Summer,June,23,Friday,4,6
Wildlife Center of Virginia,23-0076180,23-3309,virginia opossum,9/8/2023,38.09105301,-78.38922119,Euthanized,marsupial,Mammal,2023,Summer,September,8,Friday,4,9
Wildlife Center of Virginia,23-0028113,23-1957,eastern box turtle,6/20/2023,37.47343063,-77.48257446,Euthanized,turtle,Reptile,2023,Spring,June,20,Tuesday,1,6
Wildlife Center of Virginia,20-0023651,20-0800,eastern box turtle,5/4/2020,37.749801,-79.9920829,Euthanized,turtle,Reptile,2020,Spring,May,4,Monday,0,5
Wildlife Center of Virginia,15-0039902,15-1550,white-tailed deer,7/14/2015,37.926344,-78.614676,Euthanized,deer,Mammal,2015,Summer,July,14,Tuesday,1,7
Wildlife Center of Virginia,21-0030605,21-1652,eastern box turtle,6/4/2021,38.30093002,-77.82234192,Euthanized,turtle,Reptile,2021,Spring,June,4,Friday,4,6
Wildlife Center of Virginia,18-0134172,18-2428,eastern painted turtle,8/14/2018,37.6964374,-77.8897855,Euthanized,turtle,Reptile,2018,Summer,August,14,Tuesday,1,8
Wildlife Center of Virginia,20-0050834,20-2340,white-tailed deer,7/8/2020,38.032467,-78.839127,Euthanized,deer,Mammal,2020,Summer,July,8,Wednesday,2,7
Wildlife Center of Virginia,23-0030181,23-2120,eastern cottontail,6/27/2023,38.59561157,-78.78945923,Euthanized,rabbits & hares,Mammal,2023,Summer,June,27,Tuesday,1,6
Wildlife Center of Virginia,17-0035297,17-1487,northern cardinal,6/19/2017,37.87761,-79.2213055,Died,bird,Bird,2017,Spring,June,19,Monday,0,6
Wildlife Center of Virginia,16-0024979,16-0755,whip-poor-will,5/19/2016,38.193467,-79.8129957,Euthanized,bird,Bird,2016,Spring,May,19,Thursday,3,5
Wildlife Center of Virginia,15-0032870,15-1262,eastern painted turtle,6/21/2015,38.123447,-78.430128,Euthanized,turtle,Reptile,2015,Summer,June,21,Sunday,6,6
Wildlife Center of Virginia,21-0018032,21-0872,red-tailed hawk,5/2/2021,38.52527237,-78.71047211,Euthanized,bird,Bird,2021,Spring,May,2,Sunday,6,5
Wildlife Center of Virginia,14-0057824,14-2407,barred owl,12/21/2014,38.3454874,-78.8874901,Euthanized,owl,Bird,2014,Autumn,December,21,Sunday,6,12
Wildlife Center of Virginia,18-0010818,18-0187,canada goose,3/23/2018,38.0835561,-78.93229,Died,bird,Bird,2018,Spring,March,23,Friday,4,3
Wildlife Center of Virginia,22-0016628,22-0895,eastern cottontail,5/6/2022,37.78899765,-79.43907166,Euthanized,rabbits & hares,Mammal,2022,Spring,May,6,Friday,4,5
Wildlife Center of Virginia,22-0016630,22-0894,eastern cottontail,5/6/2022,37.78899765,-79.43907166,Euthanized,rabbits & hares,Mammal,2022,Spring,May,6,Friday,4,5
Wildlife Center of Virginia,18-0128077,18-2232,american robin,7/27/2018,38.080911,-78.8919781,Euthanized,bird,Bird,2018,Summer,July,27,Friday,4,7
Wildlife Center of Virginia,21-0055868,21-3037,broad-winged hawk,8/23/2021,38.10440826,-78.38748932,Released,bird,Bird,2021,Summer,August,23,Monday,0,8
Wildlife Center of Virginia,16-0028378,16-0880,eastern screech-owl,5/27/2016,38.1238512,-78.7489289,Euthanized,bird,Bird,2016,Spring,May,27,Friday,4,5
Wildlife Center of Virginia,18-0125830,18-2167,broad-winged hawk,7/23/2018,37.3920699,-79.25906,Died,bird,Bird,2018,Summer,July,23,Monday,0,7
Wildlife Center of Virginia,23-0004243,23-0072,red fox,1/26/2023,38.29497147,-77.81322479,Euthanized,fox,Mammal,2023,Winter,January,26,Thursday,3,1
Wildlife Center of Virginia,18-0118914,18-1848,virginia opossum,7/5/2018,37.8712731,-79.3876184,Euthanized,marsupial,Mammal,2018,Summer,July,5,Thursday,3,7
Wildlife Center of Virginia,19-0066839,19-3053,barred owl,10/8/2019,37.7194315,-78.4317531,Released,owl,Bird,2019,Autumn,October,8,Tuesday,1,10
Wildlife Center of Virginia,21-0079248,21-3782,bald eagle,12/21/2021,37.13304138,-75.96751404,Euthanized,bird,Bird,2021,Autumn,December,21,Tuesday,1,12
Wildlife Center of Virginia,14-0006155,14-0176,eastern screech-owl,3/24/2014,37.2626098,-80.2750428,Transferred,bird,Bird,2014,Spring,March,24,Monday,0,3
Wildlife Center of Virginia,22-0061789,22-3552,yellow-bellied sapsucker,11/19/2022,37.61489868,-77.51383972,Euthanized,bird,Bird,2022,Autumn,November,19,Saturday,5,11
Wildlife Center of Virginia,16-0066912,16-2224,snapping turtle,10/3/2016,37.792,-77.924074,Released,turtle,Reptile,2016,Autumn,October,3,Monday,0,10
Wildlife Center of Virginia,23-0069165,23-2856,eastern box turtle,8/5/2023,38.51870728,-78.71969604,Euthanized,turtle,Reptile,2023,Summer,August,5,Saturday,5,8
Wildlife Center of Virginia,19-0074658,19-3203,bald eagle,11/11/2019,37.787527,-76.765962,Died,bird,Bird,2019,Autumn,November,11,Monday,0,11
Wildlife Center of Virginia,20-0039695,20-1656,eastern box turtle,6/11/2020,38.1819665,-78.6149806,Euthanized,turtle,Reptile,2020,Spring,June,11,Thursday,3,6
Wildlife Center of Virginia,16-0078047,16-2532,eastern box turtle,12/18/2016,38.1046369,-78.6061299,Released,turtle,Reptile,2016,Autumn,December,18,Sunday,6,12
Wildlife Center of Virginia,16-0043597,16-1451,american robin,7/5/2016,38.043214,-79.008798,Euthanized,bird,Bird,2016,Summer,July,5,Tuesday,1,7
Wildlife Center of Virginia,22-0013043,22-0597,virginia opossum,4/24/2022,38.41670227,-78.93832397,Euthanized,marsupial,Mammal,2022,Spring,April,24,Sunday,6,4
Wildlife Center of Virginia,22-0058542,22-3443,eastern gray squirrel,10/21/2022,37.78596497,-79.45594788,Released,rodent,Mammal,2022,Autumn,October,21,Friday,4,10
Wildlife Center of Virginia,21-0016048,21-0689,barred owl,4/26/2021,38.0845108,-78.17967987,Euthanized,owl,Bird,2021,Spring,April,26,Monday,0,4
Wildlife Center of Virginia,16-0042440,16-1411,eastern box turtle,7/2/2016,37.4925215,-79.1239817,Euthanized,turtle,Reptile,2016,Summer,July,2,Saturday,5,7
Wildlife Center of Virginia,17-0088667,17-2376,eastern screech-owl,9/14/2017,38.495583,-78.843786,Released,bird,Bird,2017,Summer,September,14,Thursday,3,9
Wildlife Center of Virginia,18-0147388,18-2852,eastern box turtle,10/1/2018,37.98546,-78.3798429,Euthanized,turtle,Reptile,2018,Autumn,October,1,Monday,0,10
Wildlife Center of Virginia,15-0060043,15-2232,eastern cottontail,11/6/2015,38.3594449,-78.8630233,Euthanized,rabbits & hares,Mammal,2015,Autumn,November,6,Friday,4,11
Wildlife Center of Virginia,21-0003756,21-0098,barred owl,1/30/2021,38.40374374,-78.91094971,Released,owl,Bird,2021,Winter,January,30,Saturday,5,1
Wildlife Center of Virginia,19-0081110,19-3306,eastern screech-owl,12/20/2019,38.3986648,-78.3659067,Euthanized,bird,Bird,2019,Autumn,December,20,Friday,4,12
Wildlife Center of Virginia,21-0077905,21-3737,eastern screech-owl,12/10/2021,37.06368637,-78.63371277,Died,bird,Bird,2021,Autumn,December,10,Friday,4,12
Wildlife Center of Virginia,22-0019674,22-1100,eastern box turtle,5/17/2022,37.53144073,-78.24750519,Died,turtle,Reptile,2022,Spring,May,17,Tuesday,1,5
Wildlife Center of Virginia,20-0013334,20-0307,snapping turtle,3/30/2020,38.3147622,-79.0790693,Euthanized,turtle,Reptile,2020,Spring,March,30,Monday,0,3
Wildlife Center of Virginia,20-0033704,20-1290,eastern box turtle,5/29/2020,38.1265619,-78.4449093,Died,turtle,Reptile,2020,Spring,May,29,Friday,4,5
Wildlife Center of Virginia,15-0024753,15-0899,common musk turtle,5/29/2015,37.53437,-77.4482423,Euthanized,turtle,Reptile,2015,Spring,May,29,Friday,4,5
Wildlife Center of Virginia,18-0004424,DOA18-0001,bald eagle,1/11/2018,36.7870049,-76.5862413,Died,bird,Bird,2018,Winter,January,11,Thursday,3,1
Wildlife Center of Virginia,19-0061436,19-2935,eastern box turtle,9/18/2019,37.5464564,-77.5690526,Released,turtle,Reptile,2019,Summer,September,18,Wednesday,2,9
Wildlife Center of Virginia,23-0073075,23-3142,eastern box turtle,8/24/2023,37.76875305,-78.48162079,Euthanized,turtle,Reptile,2023,Summer,August,24,Thursday,3,8
Wildlife Center of Virginia,14-0011459,14-0415,virginia opossum,4/29/2014,37.8335158,-79.7754831,Died,marsupial,Mammal,2014,Spring,April,29,Tuesday,1,4
Wildlife Center of Virginia,14-0011460,14-0416,virginia opossum,4/29/2014,37.8335158,-79.7754831,Released,marsupial,Mammal,2014,Spring,April,29,Tuesday,1,4
Wildlife Center of Virginia,14-0011462,14-0417,virginia opossum,4/29/2014,37.8335158,-79.7754831,Released,marsupial,Mammal,2014,Spring,April,29,Tuesday,1,4
Wildlife Center of Virginia,14-0011464,14-0418,virginia opossum,4/29/2014,37.8335158,-79.7754831,Released,marsupial,Mammal,2014,Spring,April,29,Tuesday,1,4
Wildlife Center of Virginia,14-0011465,14-0419,virginia opossum,4/29/2014,37.8335158,-79.7754831,Died,marsupial,Mammal,2014,Spring,April,29,Tuesday,1,4
Wildlife Center of Virginia,14-0011467,14-0420,virginia opossum,4/29/2014,37.8335158,-79.7754831,Released,marsupial,Mammal,2014,Spring,April,29,Tuesday,1,4
Wildlife Center of Virginia,18-0009781,18-0155,cooper's hawk,3/12/2018,37.973262,-79.13717,Euthanized,bird,Bird,2018,Winter,March,12,Monday,0,3
Wildlife Center of Virginia,19-0069801,19-3101,eastern cottontail,10/19/2019,37.8956065,-78.2119519,Euthanized,rabbits & hares,Mammal,2019,Autumn,October,19,Saturday,5,10
Wildlife Center of Virginia,17-0005276,17-0128,black vulture,2/19/2017,37.426684,-79.189108,Euthanized,bird,Bird,2017,Winter,February,19,Sunday,6,2
Wildlife Center of Virginia,18-0131379,18-2344,eastern box turtle,8/5/2018,37.4268493,-79.1891743,Euthanized,turtle,Reptile,2018,Summer,August,5,Sunday,6,8
Wildlife Center of Virginia,23-0081460,23-3661,barn owl,10/11/2023,38.03117752,-78.99856567,Died,owl,Bird,2023,Autumn,October,11,Wednesday,2,10
Wildlife Center of Virginia,22-0019695,22-1111,eastern painted turtle,5/17/2022,38.14387512,-79.03488922,Euthanized,turtle,Reptile,2022,Spring,May,17,Tuesday,1,5
Wildlife Center of Virginia,18-0153375,18-2998,white-tailed deer,11/2/2018,37.8472029,-79.3516146,Euthanized,deer,Mammal,2018,Autumn,November,2,Friday,4,11
Wildlife Center of Virginia,18-0141817,18-2672,snapping turtle,9/7/2018,37.2645438,-80.0049031,Transferred,turtle,Reptile,2018,Summer,September,7,Friday,4,9
Wildlife Center of Virginia,21-0046667,21-2512,virginia opossum,7/20/2021,38.27603912,-79.01025391,Transferred,marsupial,Mammal,2021,Summer,July,20,Tuesday,1,7
Wildlife Center of Virginia,21-0046668,21-2513,virginia opossum,7/20/2021,38.27603912,-79.01025391,Died,marsupial,Mammal,2021,Summer,July,20,Tuesday,1,7
Wildlife Center of Virginia,21-0046669,21-2514,virginia opossum,7/20/2021,38.27603912,-79.01025391,Transferred,marsupial,Mammal,2021,Summer,July,20,Tuesday,1,7
Wildlife Center of Virginia,21-0046670,21-2515,virginia opossum,7/20/2021,38.27603912,-79.01025391,Transferred,marsupial,Mammal,2021,Summer,July,20,Tuesday,1,7
Wildlife Center of Virginia,21-0046671,21-2516,virginia opossum,7/20/2021,38.27603912,-79.01025391,Transferred,marsupial,Mammal,2021,Summer,July,20,Tuesday,1,7
Wildlife Center of Virginia,21-0046672,21-2517,virginia opossum,7/20/2021,38.27603912,-79.01025391,Transferred,marsupial,Mammal,2021,Summer,July,20,Tuesday,1,7
Wildlife Center of Virginia,21-0046673,21-2518,virginia opossum,7/20/2021,38.27603912,-79.01025391,Transferred,marsupial,Mammal,2021,Summer,July,20,Tuesday,1,7
Wildlife Center of Virginia,21-0046674,21-2519,virginia opossum,7/20/2021,38.27603912,-79.01025391,Died,marsupial,Mammal,2021,Summer,July,20,Tuesday,1,7
Wildlife Center of Virginia,21-0046675,21-2520,virginia opossum,7/20/2021,38.27603912,-79.01025391,Transferred,marsupial,Mammal,2021,Summer,July,20,Tuesday,1,7
Wildlife Center of Virginia,21-0046676,21-2521,virginia opossum,7/20/2021,38.27603912,-79.01025391,Died,marsupial,Mammal,2021,Summer,July,20,Tuesday,1,7
Wildlife Center of Virginia,21-0046677,21-2522,virginia opossum,7/20/2021,38.27603912,-79.01025391,Died,marsupial,Mammal,2021,Summer,July,20,Tuesday,1,7
Wildlife Center of Virginia,21-0046679,DOA21-0123,virginia opossum,7/20/2021,38.27603912,-79.01025391,Died,marsupial,Mammal,2021,Summer,July,20,Tuesday,1,7
Wildlife Center of Virginia,23-0074338,23-3209,eastern box turtle,8/30/2023,37.94454956,-78.36811066,Euthanized,turtle,Reptile,2023,Summer,August,30,Wednesday,2,8
Wildlife Center of Virginia,17-0092011,17-2500,eastern cottontail,10/2/2017,37.2663902,-78.3993937,Euthanized,rabbits & hares,Mammal,2017,Autumn,October,2,Monday,0,10
Wildlife Center of Virginia,18-0011830,18-0228,eastern screech-owl,3/30/2018,38.1917528,-79.0102856,Euthanized,bird,Bird,2018,Spring,March,30,Friday,4,3
Wildlife Center of Virginia,16-0078617,16-2544,eastern screech-owl,12/23/2016,36.9723515,-79.8529374,Died,bird,Bird,2016,Winter,December,23,Friday,4,12
Wildlife Center of Virginia,22-0029372,22-1710,canada goose,6/13/2022,38.4024086,-78.20142365,Euthanized,bird,Bird,2022,Spring,June,13,Monday,0,6
Wildlife Center of Virginia,23-0068545,23-2806,eastern box turtle,8/2/2023,37.36352539,-79.05258942,Released,turtle,Reptile,2023,Summer,August,2,Wednesday,2,8
Wildlife Center of Virginia,21-0058348,21-3143,snapping turtle,9/2/2021,37.03760529,-78.16709137,Released,turtle,Reptile,2021,Summer,September,2,Thursday,3,9
Wildlife Center of Virginia,17-0106958,17-2752,eastern gray squirrel,12/23/2017,38.08694,-78.4538387,Euthanized,rodent,Mammal,2017,Winter,December,23,Saturday,5,12
Wildlife Center of Virginia,23-0008932,23-0490,eastern screech-owl,4/6/2023,38.54653931,-78.56819153,Euthanized,bird,Bird,2023,Spring,April,6,Thursday,3,4
Wildlife Center of Virginia,16-0036061,16-1208,eastern box turtle,6/16/2016,37.235384,-79.966731,Transferred,turtle,Reptile,2016,Spring,June,16,Thursday,3,6
Wildlife Center of Virginia,19-0073246,19-3165,raccoon,11/3/2019,37.5601297,-77.4859774,Euthanized,raccoon,Mammal,2019,Autumn,November,3,Sunday,6,11
Wildlife Center of Virginia,21-0046180,21-2475,virginia opossum,7/18/2021,37.4192543,-79.21191406,Euthanized,marsupial,Mammal,2021,Summer,July,18,Sunday,6,7
Wildlife Center of Virginia,21-0008890,21-0262,virginia opossum,3/19/2021,38.04012299,-78.9267807,Euthanized,marsupial,Mammal,2021,Winter,March,19,Friday,4,3
Wildlife Center of Virginia,21-0008913,21-0264,virginia opossum,3/19/2021,38.04012299,-78.9267807,Euthanized,marsupial,Mammal,2021,Winter,March,19,Friday,4,3
Wildlife Center of Virginia,21-0008914,21-0265,virginia opossum,3/19/2021,38.04012299,-78.9267807,Euthanized,marsupial,Mammal,2021,Winter,March,19,Friday,4,3
Wildlife Center of Virginia,21-0008915,21-0266,virginia opossum,3/19/2021,38.04012299,-78.9267807,Euthanized,marsupial,Mammal,2021,Winter,March,19,Friday,4,3
Wildlife Center of Virginia,21-0008916,21-0267,virginia opossum,3/19/2021,38.04012299,-78.9267807,Euthanized,marsupial,Mammal,2021,Winter,March,19,Friday,4,3
Wildlife Center of Virginia,21-0008917,21-0268,virginia opossum,3/19/2021,38.04012299,-78.9267807,Euthanized,marsupial,Mammal,2021,Winter,March,19,Friday,4,3
Wildlife Center of Virginia,21-0008918,21-0270,virginia opossum,3/19/2021,38.04012299,-78.9267807,Euthanized,marsupial,Mammal,2021,Winter,March,19,Friday,4,3
Wildlife Center of Virginia,21-0008919,21-0271,virginia opossum,3/19/2021,38.04012299,-78.9267807,Euthanized,marsupial,Mammal,2021,Winter,March,19,Friday,4,3
Wildlife Center of Virginia,21-0008920,21-0272,virginia opossum,3/19/2021,38.04012299,-78.9267807,Euthanized,marsupial,Mammal,2021,Winter,March,19,Friday,4,3
Wildlife Center of Virginia,21-0008921,21-0273,virginia opossum,3/19/2021,38.04012299,-78.9267807,Euthanized,marsupial,Mammal,2021,Winter,March,19,Friday,4,3
Wildlife Center of Virginia,21-0008922,21-0269,virginia opossum,3/19/2021,38.04012299,-78.9267807,Euthanized,marsupial,Mammal,2021,Winter,March,19,Friday,4,3
Wildlife Center of Virginia,23-0023124,23-1514,eastern box turtle,6/1/2023,37.91188812,-77.78722382,Died,turtle,Reptile,2023,Spring,June,1,Thursday,3,6
Wildlife Center of Virginia,18-0032076,18-1284,virginia opossum,6/5/2018,38.1036954,-78.8515169,Euthanized,marsupial,Mammal,2018,Spring,June,5,Tuesday,1,6
Wildlife Center of Virginia,19-0027066,19-1297,american robin,6/3/2019,38.221917,-79.154082,Euthanized,bird,Bird,2019,Spring,June,3,Monday,0,6
Wildlife Center of Virginia,19-0020366,19-0945,bog turtle,5/14/2019,36.90035156,-80.25534906,Released,turtle,Reptile,2019,Spring,May,14,Tuesday,1,5
Wildlife Center of Virginia,23-0018475,23-1196,eastern box turtle,5/18/2023,36.98125076,-77.09516907,Died,turtle,Reptile,2023,Spring,May,18,Thursday,3,5
Wildlife Center of Virginia,23-0031863,DOA23-0095,virginia opossum,7/3/2023,38.0937767,-78.84726715,Died,marsupial,Mammal,2023,Summer,July,3,Monday,0,7
Wildlife Center of Virginia,21-0047985,DOA21-0124,virginia opossum,7/24/2021,38.35269165,-78.86237335,Died,marsupial,Mammal,2021,Summer,July,24,Saturday,5,7
Wildlife Center of Virginia,16-0034689,16-1170,whip-poor-will,6/13/2016,37.6390365,-78.8907614,Euthanized,bird,Bird,2016,Spring,June,13,Monday,0,6
Wildlife Center of Virginia,23-0024299,23-1614,great horned owl,6/6/2023,38.19797134,-79.20713806,Euthanized,bird,Bird,2023,Spring,June,6,Tuesday,1,6
Wildlife Center of Virginia,21-0055803,21-3032,bald eagle,8/23/2021,37.84159088,-77.99505615,Euthanized,bird,Bird,2021,Summer,August,23,Monday,0,8
Wildlife Center of Virginia,22-0057228,22-3369,eastern river cooter,10/10/2022,37.23661804,-80.00411224,Transferred,turtle,Reptile,2022,Autumn,October,10,Monday,0,10
Wildlife Center of Virginia,20-0080183,20-3548,barred owl,11/7/2020,38.66324997,-78.37215424,Euthanized,owl,Bird,2020,Autumn,November,7,Saturday,5,11
Wildlife Center of Virginia,18-0028475,18-1141,black vulture,5/27/2018,37.1284926,-81.4856667,Euthanized,bird,Bird,2018,Spring,May,27,Sunday,6,5
Wildlife Center of Virginia,21-0044877,21-2408,eastern box turtle,7/14/2021,37.88815689,-78.97250366,Released,turtle,Reptile,2021,Summer,July,14,Wednesday,2,7
Wildlife Center of Virginia,16-0018602,16-0493,virginia opossum,5/1/2016,37.9275721,-78.202399,Died,marsupial,Mammal,2016,Spring,May,1,Sunday,6,5
Wildlife Center of Virginia,16-0018603,16-0494,virginia opossum,5/1/2016,37.9275721,-78.202399,Released,marsupial,Mammal,2016,Spring,May,1,Sunday,6,5
Wildlife Center of Virginia,23-0016470,23-1052,osprey,5/11/2023,37.18139267,-78.23849487,Euthanized,bird,Bird,2023,Spring,May,11,Thursday,3,5
Wildlife Center of Virginia,21-0078182,21-3747,eastern screech-owl,12/13/2021,37.23722458,-80.47592926,Transferred,bird,Bird,2021,Autumn,December,13,Monday,0,12
Wildlife Center of Virginia,23-0012775,23-0822,barred owl,4/27/2023,37.24863052,-77.28904724,Euthanized,owl,Bird,2023,Spring,April,27,Thursday,3,4
Wildlife Center of Virginia,21-0068635,21-3535,eastern box turtle,10/22/2021,37.44218826,-79.15734863,Euthanized,turtle,Reptile,2021,Autumn,October,22,Friday,4,10
Wildlife Center of Virginia,22-0026447,22-1523,eastern box turtle,6/3/2022,37.46327209,-77.61321259,Euthanized,turtle,Reptile,2022,Spring,June,3,Friday,4,6
Wildlife Center of Virginia,23-0012783,23-0823,red-tailed hawk,4/27/2023,37.5123558,-77.68830872,Died,bird,Bird,2023,Spring,April,27,Thursday,3,4
Wildlife Center of Virginia,22-0046175,22-2744,eastern box turtle,8/11/2022,37.60750961,-79.43083191,Euthanized,turtle,Reptile,2022,Summer,August,11,Thursday,3,8
Wildlife Center of Virginia,23-0031751,23-2236,eastern box turtle,7/2/2023,37.61094284,-77.70295715,Released,turtle,Reptile,2023,Summer,July,2,Sunday,6,7
Wildlife Center of Virginia,23-0020360,23-1345,barred owl,5/24/2023,37.61646652,-77.75413513,Died,owl,Bird,2023,Spring,May,24,Wednesday,2,5
Wildlife Center of Virginia,19-0014191,19-0569,eastern box turtle,4/25/2019,37.6598263,-77.4580936,Released,turtle,Reptile,2019,Spring,April,25,Thursday,3,4
Wildlife Center of Virginia,23-0033935,23-2416,eastern box turtle,7/10/2023,37.67159271,-79.63285065,Euthanized,turtle,Reptile,2023,Summer,July,10,Monday,0,7
Wildlife Center of Virginia,22-0023651,22-1342,eastern box turtle,5/27/2022,37.67638016,-77.5847168,Euthanized,turtle,Reptile,2022,Spring,May,27,Friday,4,5
Wildlife Center of Virginia,23-0004184,23-0066,barred owl,1/25/2023,37.69139481,-77.50122833,Released,owl,Bird,2023,Winter,January,25,Wednesday,2,1
Wildlife Center of Virginia,23-0076707,23-3360,eastern box turtle,9/11/2023,37.69600677,-79.02970886,Euthanized,turtle,Reptile,2023,Summer,September,11,Monday,0,9
Wildlife Center of Virginia,23-0017974,23-1161,snapping turtle,5/16/2023,37.78279114,-77.800354,Euthanized,turtle,Reptile,2023,Spring,May,16,Tuesday,1,5
Wildlife Center of Virginia,23-0029717,23-2100,red-shouldered hawk,6/26/2023,37.78747559,-79.59519958,Released,bird,Bird,2023,Summer,June,26,Monday,0,6
Wildlife Center of Virginia,22-0016569,22-0880,eastern box turtle,5/6/2022,37.88923264,-78.76170349,Died,turtle,Reptile,2022,Spring,May,6,Friday,4,5
Wildlife Center of Virginia,23-0032307,23-2262,eastern box turtle,7/4/2023,37.97013474,-78.1919632,Died,turtle,Reptile,2023,Summer,July,4,Tuesday,1,7
Wildlife Center of Virginia,23-0071881,23-3048,eastern box turtle,8/17/2023,37.99237061,-78.90039825,Died,turtle,Reptile,2023,Summer,August,17,Thursday,3,8
Wildlife Center of Virginia,21-0031905,21-1747,red-eared slider,6/8/2021,38.4251976,-78.85984802,Euthanized,turtle,Reptile,2021,Spring,June,8,Tuesday,1,6
Wildlife Center of Virginia,19-0016548,19-0746,mourning dove,5/4/2019,38.21579,-78.8328377,Euthanized,bird,Bird,2019,Spring,May,4,Saturday,5,5
Wildlife Center of Virginia,21-0028925,21-1553,snapping turtle,5/31/2021,38.20571899,-78.83376312,Released,turtle,Reptile,2021,Spring,May,31,Monday,0,5
Wildlife Center of Virginia,18-0130426,18-2298,red-tailed hawk,8/2/2018,38.2507788,-78.9804118,Euthanized,bird,Bird,2018,Summer,August,2,Thursday,3,8
Wildlife Center of Virginia,20-0025723,20-0918,bald eagle,5/10/2020,36.80787501,-76.35660729,Released,bird,Bird,2020,Spring,May,10,Sunday,6,5
Wildlife Center of Virginia,19-0022805,19-1036,bald eagle,5/21/2019,37.5162718,-76.6220573,Died,bird,Bird,2019,Spring,May,21,Tuesday,1,5
Wildlife Center of Virginia,21-0008976,21-0275,turkey vulture,3/19/2021,37.82521057,-78.27439117,Euthanized,bird,Bird,2021,Winter,March,19,Friday,4,3
Wildlife Center of Virginia,22-0043730,22-2583,eastern cottontail,7/31/2022,38.07542419,-79.0851593,Euthanized,rabbits & hares,Mammal,2022,Summer,July,31,Sunday,6,7
Wildlife Center of Virginia,20-0065151,20-3035,eastern box turtle,8/28/2020,37.4521348,-77.5554747,Euthanized,turtle,Reptile,2020,Summer,August,28,Friday,4,8
Wildlife Center of Virginia,16-0079197,16-2566,red-tailed hawk,12/28/2016,37.8893251,-79.51079877,Euthanized,bird,Bird,2016,Winter,December,28,Wednesday,2,12
Wildlife Center of Virginia,15-0046252,15-1775,white-tailed deer,8/9/2015,38.00050992,-78.85903358,Euthanized,deer,Mammal,2015,Summer,August,9,Sunday,6,8
Wildlife Center of Virginia,20-0019213,20-0555,mourning dove,4/19/2020,38.257637,-78.997055,Euthanized,bird,Bird,2020,Spring,April,19,Sunday,6,4
Wildlife Center of Virginia,15-0043644,15-1672,white-tailed deer,7/29/2015,38.102344,-78.493773,Euthanized,deer,Mammal,2015,Summer,July,29,Wednesday,2,7
Wildlife Center of Virginia,16-0073675,16-2432,eastern screech-owl,11/13/2016,38.1105019,-78.374741,Euthanized,bird,Bird,2016,Autumn,November,13,Sunday,6,11
Wildlife Center of Virginia,20-0026259,DOA20-0042,eastern cottontail,5/12/2020,37.9102898,-78.8715853,Died,rabbits & hares,Mammal,2020,Spring,May,12,Tuesday,1,5
Wildlife Center of Virginia,20-0026289,20-0942,eastern cottontail,5/12/2020,37.9102898,-78.8715853,Transferred,rabbits & hares,Mammal,2020,Spring,May,12,Tuesday,1,5
Wildlife Center of Virginia,20-0026290,20-0943,eastern cottontail,5/12/2020,37.9102898,-78.8715853,Transferred,rabbits & hares,Mammal,2020,Spring,May,12,Tuesday,1,5
Wildlife Center of Virginia,20-0026291,20-0944,eastern cottontail,5/12/2020,37.9102898,-78.8715853,Euthanized,rabbits & hares,Mammal,2020,Spring,May,12,Tuesday,1,5
Wildlife Center of Virginia,21-0064722,21-3407,virginia opossum,10/1/2021,38.20160675,-79.00691986,Euthanized,marsupial,Mammal,2021,Autumn,October,1,Friday,4,10
Wildlife Center of Virginia,23-0020714,23-1364,eastern painted turtle,5/25/2023,38.00680923,-79.07707977,Released,turtle,Reptile,2023,Spring,May,25,Thursday,3,5
Wildlife Center of Virginia,22-0046272,22-2753,eastern box turtle,8/11/2022,38.02378464,-78.52325439,Released,turtle,Reptile,2022,Summer,August,11,Thursday,3,8
Wildlife Center of Virginia,22-0046273,22-2754,eastern box turtle,8/11/2022,38.02378464,-78.52325439,Released,turtle,Reptile,2022,Summer,August,11,Thursday,3,8
Wildlife Center of Virginia,23-0016014,23-1023,barred owl,5/10/2023,38.05360031,-78.481987,Euthanized,owl,Bird,2023,Spring,May,10,Wednesday,2,5
Wildlife Center of Virginia,23-0019706,23-1297,snapping turtle,5/22/2023,38.05755997,-78.65773773,Euthanized,turtle,Reptile,2023,Spring,May,22,Monday,0,5
Wildlife Center of Virginia,23-0015894,23-1020,northern cardinal,5/9/2023,38.07098389,-78.89992523,Euthanized,bird,Bird,2023,Spring,May,9,Tuesday,1,5
Wildlife Center of Virginia,23-0033598,23-2398,eastern box turtle,7/10/2023,38.08040619,-78.53916168,Euthanized,turtle,Reptile,2023,Summer,July,10,Monday,0,7
Wildlife Center of Virginia,23-0032219,23-2260,eastern box turtle,7/3/2023,38.08946609,-78.46958923,Released,turtle,Reptile,2023,Summer,July,3,Monday,0,7
Wildlife Center of Virginia,22-0026439,22-1514,eastern painted turtle,6/3/2022,38.16051865,-78.96189117,Released,turtle,Reptile,2022,Spring,June,3,Friday,4,6
Wildlife Center of Virginia,23-0021764,23-1443,snapping turtle,5/28/2023,38.16738892,-78.8874054,Euthanized,turtle,Reptile,2023,Spring,May,28,Sunday,6,5
Wildlife Center of Virginia,23-0021871,23-1447,common raven,5/29/2023,38.28501511,-79.74864197,Euthanized,bird,Bird,2023,Spring,May,29,Monday,0,5
Wildlife Center of Virginia,23-0070682,23-2975,eastern box turtle,8/12/2023,38.41048431,-78.84753418,Euthanized,turtle,Reptile,2023,Summer,August,12,Saturday,5,8
Wildlife Center of Virginia,23-0014390,23-0921,baltimore oriole,5/4/2023,38.58134079,-78.82846832,Euthanized,bird,Bird,2023,Spring,May,4,Thursday,3,5
Wildlife Center of Virginia,14-0058046,14-2419,red-shouldered hawk,12/26/2014,38.2703059,-78.4236947,Euthanized,bird,Bird,2014,Winter,December,26,Friday,4,12
Wildlife Center of Virginia,21-0053518,21-2900,mourning dove,8/14/2021,38.06056976,-78.71110535,Euthanized,bird,Bird,2021,Summer,August,14,Saturday,5,8
Wildlife Center of Virginia,22-0036705,22-2198,american robin,7/6/2022,37.56274796,-77.48764801,Died,bird,Bird,2022,Summer,July,6,Wednesday,2,7
Wildlife Center of Virginia,16-0060860,16-2013,virginia opossum,9/3/2016,38.397989,-78.915206,Euthanized,marsupial,Mammal,2016,Summer,September,3,Saturday,5,9
Wildlife Center of Virginia,23-0029673,23-2092,eastern box turtle,6/26/2023,38.11137772,-78.37223053,Euthanized,turtle,Reptile,2023,Summer,June,26,Monday,0,6
Wildlife Center of Virginia,23-0083592,23-3741,barred owl,10/24/2023,37.33649445,-76.79656219,Released,owl,Bird,2023,Autumn,October,24,Tuesday,1,10
Wildlife Center of Virginia,18-0147472,18-2856,great horned owl,10/2/2018,38.2020547,-79.1695729,Died,bird,Bird,2018,Autumn,October,2,Tuesday,1,10
Wildlife Center of Virginia,20-0046466,20-2123,eastern box turtle,6/26/2020,37.7380619,-77.9413032,Released,turtle,Reptile,2020,Summer,June,26,Friday,4,6
Wildlife Center of Virginia,21-0068089,21-3522,eastern screech-owl,10/20/2021,37.92888641,-78.40481567,Released,bird,Bird,2021,Autumn,October,20,Wednesday,2,10
Wildlife Center of Virginia,19-0002579,19-0047,virginia opossum,1/22/2019,38.4017232,-78.7185468,Euthanized,marsupial,Mammal,2019,Winter,January,22,Tuesday,1,1
Wildlife Center of Virginia,21-0042604,21-2294,red fox,7/7/2021,37.77981949,-78.45082855,Euthanized,fox,Mammal,2021,Summer,July,7,Wednesday,2,7
Wildlife Center of Virginia,18-0143629,18-2758,virginia opossum,9/16/2018,38.645131,-78.772086,Euthanized,marsupial,Mammal,2018,Summer,September,16,Sunday,6,9
Wildlife Center of Virginia,15-0025067,15-0908,eastern box turtle,5/30/2015,38.111389,-78.369277,Euthanized,turtle,Reptile,2015,Spring,May,30,Saturday,5,5
Wildlife Center of Virginia,22-0062130,22-3572,dark-eyed junco,11/25/2022,37.91439056,-78.94376373,Euthanized,bird,Bird,2022,Autumn,November,25,Friday,4,11
Wildlife Center of Virginia,20-0083550,20-3631,eastern gray squirrel,11/29/2020,37.9921524,-78.3639785,Euthanized,rodent,Mammal,2020,Autumn,November,29,Sunday,6,11
Wildlife Center of Virginia,20-0043749,20-1980,eastern box turtle,6/20/2020,37.96608288,-78.62011522,Euthanized,turtle,Reptile,2020,Spring,June,20,Saturday,5,6
Wildlife Center of Virginia,15-0004578,15-0092,red-tailed hawk,2/10/2015,38.2511269,-79.071106,Euthanized,bird,Bird,2015,Winter,February,10,Tuesday,1,2
Wildlife Center of Virginia,23-0019529,23-1286,eastern box turtle,5/21/2023,37.50117111,-79.03797913,Released,turtle,Reptile,2023,Spring,May,21,Sunday,6,5
Wildlife Center of Virginia,20-0013420,DOA20-0023,downy woodpecker,3/31/2020,38.1252788,-78.4465999,Died,bird,Bird,2020,Spring,March,31,Tuesday,1,3
Wildlife Center of Virginia,22-0022178,22-1274,eastern box turtle,5/23/2022,38.12527847,-78.44660187,Euthanized,turtle,Reptile,2022,Spring,May,23,Monday,0,5
Wildlife Center of Virginia,21-0057274,21-3092,northern cardinal,8/29/2021,38.02926636,-78.62892914,Released,bird,Bird,2021,Summer,August,29,Sunday,6,8
Wildlife Center of Virginia,20-0046846,20-2143,white-tailed deer,6/27/2020,38.4404795,-78.7820594,Euthanized,deer,Mammal,2020,Summer,June,27,Saturday,5,6
Wildlife Center of Virginia,21-0000461,21-0006,eastern screech-owl,1/3/2021,37.76880264,-79.49504089,Released,bird,Bird,2021,Winter,January,3,Sunday,6,1
Wildlife Center of Virginia,22-0028881,22-1684,eastern box turtle,6/12/2022,37.92674637,-78.44332886,Euthanized,turtle,Reptile,2022,Spring,June,12,Sunday,6,6
Wildlife Center of Virginia,23-0004271,23-0073,tufted titmouse,1/27/2023,37.92674637,-78.44332886,Died,bird,Bird,2023,Winter,January,27,Friday,4,1
Wildlife Center of Virginia,17-0026346,17-1142,common grackle,5/27/2017,38.0340333,-78.4782227,Died,bird,Bird,2017,Spring,May,27,Saturday,5,5
Wildlife Center of Virginia,15-0034639,15-1327,big brown bat,6/26/2015,36.7851893,-76.2749137,Euthanized,bats,Mammal,2015,Summer,June,26,Friday,4,6
Wildlife Center of Virginia,21-0047353,21-2557,red fox,7/22/2021,38.24145126,-78.97490692,Euthanized,fox,Mammal,2021,Summer,July,22,Thursday,3,7
Wildlife Center of Virginia,23-0073064,23-3141,virginia opossum,8/24/2023,37.90516663,-78.30524445,Died,marsupial,Mammal,2023,Summer,August,24,Thursday,3,8
Wildlife Center of Virginia,14-0030873,14-1537,snapping turtle,7/4/2014,38.07832742,-78.48518529,Released,turtle,Reptile,2014,Summer,July,4,Friday,4,7
Wildlife Center of Virginia,21-0037129,21-2050,white-tailed deer,6/22/2021,38.08023453,-78.21816254,Euthanized,deer,Mammal,2021,Summer,June,22,Tuesday,1,6
Wildlife Center of Virginia,17-0008307,17-0280,eastern phoebe,3/23/2017,38.296866,-78.4411342,Released,bird,Bird,2017,Spring,March,23,Thursday,3,3
Wildlife Center of Virginia,20-0009588,20-0117,red-tailed hawk,2/21/2020,38.285349,-78.9093598,Released,bird,Bird,2020,Winter,February,21,Friday,4,2
Wildlife Center of Virginia,17-0026380,17-1148,eastern box turtle,5/27/2017,38.146502,-78.836087,Euthanized,turtle,Reptile,2017,Spring,May,27,Saturday,5,5
Wildlife Center of Virginia,23-0028452,DOA23-0087,virginia opossum,6/21/2023,38.13327026,-79.06054688,Died,marsupial,Mammal,2023,Summer,June,21,Wednesday,2,6
Wildlife Center of Virginia,23-0028453,23-1985,virginia opossum,6/21/2023,38.13327026,-79.06054688,Released,marsupial,Mammal,2023,Summer,June,21,Wednesday,2,6
Wildlife Center of Virginia,23-0081062,23-3632,eastern box turtle,10/7/2023,38.29219055,-78.17505646,Euthanized,turtle,Reptile,2023,Autumn,October,7,Saturday,5,10
Wildlife Center of Virginia,21-0068023,21-3520,striped skunk,10/19/2021,38.44192505,-78.86058044,Euthanized,skunk,Mammal,2021,Autumn,October,19,Tuesday,1,10
Wildlife Center of Virginia,20-0028140,20-1024,snapping turtle,5/16/2020,38.0289808,-78.758178,Euthanized,turtle,Reptile,2020,Spring,May,16,Saturday,5,5
Wildlife Center of Virginia,23-0081036,23-3629,turkey vulture,10/6/2023,38.31202316,-78.93706512,Euthanized,bird,Bird,2023,Autumn,October,6,Friday,4,10
Wildlife Center of Virginia,22-0013674,DOA22-0027,virginia opossum,4/26/2022,37.78007126,-79.43861389,Died,marsupial,Mammal,2022,Spring,April,26,Tuesday,1,4
Wildlife Center of Virginia,22-0013678,22-0666,virginia opossum,4/26/2022,37.78007126,-79.43861389,Released,marsupial,Mammal,2022,Spring,April,26,Tuesday,1,4
Wildlife Center of Virginia,22-0013679,22-0667,virginia opossum,4/26/2022,37.78007126,-79.43861389,Died,marsupial,Mammal,2022,Spring,April,26,Tuesday,1,4
Wildlife Center of Virginia,22-0013680,22-0665,virginia opossum,4/26/2022,37.78007126,-79.43861389,Euthanized,marsupial,Mammal,2022,Spring,April,26,Tuesday,1,4
Wildlife Center of Virginia,22-0013681,22-0664,virginia opossum,4/26/2022,37.78007126,-79.43861389,Euthanized,marsupial,Mammal,2022,Spring,April,26,Tuesday,1,4
Wildlife Center of Virginia,22-0013687,DOA22-0028,virginia opossum,4/26/2022,37.78007126,-79.43861389,Died,marsupial,Mammal,2022,Spring,April,26,Tuesday,1,4
Wildlife Center of Virginia,22-0013688,DOA22-0040,virginia opossum,4/26/2022,37.78007126,-79.43861389,Died,marsupial,Mammal,2022,Spring,April,26,Tuesday,1,4
Wildlife Center of Virginia,22-0013689,DOA22-0030,virginia opossum,4/26/2022,37.78007126,-79.43861389,Died,marsupial,Mammal,2022,Spring,April,26,Tuesday,1,4
Wildlife Center of Virginia,20-0010341,20-0139,big brown bat,3/4/2020,38.1625461,-79.0749676,Euthanized,bats,Mammal,2020,Winter,March,4,Wednesday,2,3
Wildlife Center of Virginia,18-0130948,18-2327,eastern box turtle,8/4/2018,38.0347548,-78.4835436,Euthanized,turtle,Reptile,2018,Summer,August,4,Saturday,5,8
Wildlife Center of Virginia,20-0013562,20-0317,eastern gray squirrel,3/31/2020,37.7996798,-78.4953754,Euthanized,rodent,Mammal,2020,Spring,March,31,Tuesday,1,3
Wildlife Center of Virginia,22-0036605,22-2193,northern cardinal,7/6/2022,37.48360443,-77.60418701,Euthanized,bird,Bird,2022,Summer,July,6,Wednesday,2,7
Wildlife Center of Virginia,22-0049567,DOA22-0131,carolina wren,8/26/2022,38.03013611,-78.46810913,Died,bird,Bird,2022,Summer,August,26,Friday,4,8
Wildlife Center of Virginia,19-0079331,19-3287,eastern screech-owl,12/10/2019,38.0066722,-79.1544564,Released,bird,Bird,2019,Autumn,December,10,Tuesday,1,12
Wildlife Center of Virginia,21-0078410,21-3758,sharp-shinned hawk,12/15/2021,38.00667191,-79.15444183,Died,bird,Bird,2021,Autumn,December,15,Wednesday,2,12
Wildlife Center of Virginia,19-0016449,19-0730,eastern painted turtle,5/4/2019,38.1550045,-78.9156705,Released,turtle,Reptile,2019,Spring,May,4,Saturday,5,5
Wildlife Center of Virginia,21-0007761,21-0224,eastern gray squirrel,3/9/2021,37.92742157,-78.51817322,Euthanized,rodent,Mammal,2021,Winter,March,9,Tuesday,1,3
Wildlife Center of Virginia,22-0014658,22-0741,virginia opossum,4/30/2022,38.1546669,-79.07833862,Euthanized,marsupial,Mammal,2022,Spring,April,30,Saturday,5,4
Wildlife Center of Virginia,22-0014659,22-0742,virginia opossum,4/30/2022,38.1546669,-79.07833862,Euthanized,marsupial,Mammal,2022,Spring,April,30,Saturday,5,4
Wildlife Center of Virginia,22-0014660,22-0743,virginia opossum,4/30/2022,38.1546669,-79.07833862,Euthanized,marsupial,Mammal,2022,Spring,April,30,Saturday,5,4
Wildlife Center of Virginia,22-0014661,22-0744,virginia opossum,4/30/2022,38.1546669,-79.07833862,Euthanized,marsupial,Mammal,2022,Spring,April,30,Saturday,5,4
Wildlife Center of Virginia,22-0014664,22-0745,virginia opossum,4/30/2022,38.1546669,-79.07833862,Euthanized,marsupial,Mammal,2022,Spring,April,30,Saturday,5,4
Wildlife Center of Virginia,22-0014666,DOA22-0034,virginia opossum,4/30/2022,38.1546669,-79.07833862,Died,marsupial,Mammal,2022,Spring,April,30,Saturday,5,4
Wildlife Center of Virginia,22-0054109,22-3226,turkey vulture,9/19/2022,38.13989639,-78.19498444,Euthanized,bird,Bird,2022,Summer,September,19,Monday,0,9
Wildlife Center of Virginia,16-0061847,16-2063,black vulture,9/8/2016,37.863591,-77.8851379,Euthanized,bird,Bird,2016,Summer,September,8,Thursday,3,9
Wildlife Center of Virginia,16-0003050,16-0019,eastern screech-owl,1/20/2016,38.157477,-78.671912,Released,bird,Bird,2016,Winter,January,20,Wednesday,2,1
Wildlife Center of Virginia,23-0023916,23-1584,house finch,6/4/2023,37.57704163,-77.47936249,Released,bird,Bird,2023,Spring,June,4,Sunday,6,6
Wildlife Center of Virginia,18-0140101,18-2631,eastern box turtle,9/2/2018,37.7359099,-77.963691,Euthanized,turtle,Reptile,2018,Summer,September,2,Sunday,6,9
Wildlife Center of Virginia,18-0030706,18-1221,snapping turtle,6/1/2018,38.504478,-78.8920739,Euthanized,turtle,Reptile,2018,Spring,June,1,Friday,4,6
Wildlife Center of Virginia,19-0072035,19-3138,eastern box turtle,10/28/2019,38.3908061,-78.3082592,Released,turtle,Reptile,2019,Autumn,October,28,Monday,0,10
Wildlife Center of Virginia,23-0083293,23-3722,northern black racer,10/21/2023,37.84297562,-78.50973511,Euthanized,snake,Reptile,2023,Autumn,October,21,Saturday,5,10
Wildlife Center of Virginia,19-0011463,19-0421,red fox,4/15/2019,38.1498707,-78.4435101,Euthanized,fox,Mammal,2019,Spring,April,15,Monday,0,4
Wildlife Center of Virginia,21-0073010,21-3631,barred owl,11/11/2021,37.551651,-77.58139801,Died,owl,Bird,2021,Autumn,November,11,Thursday,3,11
Wildlife Center of Virginia,18-0113746,18-1653,blue jay,6/25/2018,38.0858707,-78.9222164,Euthanized,bird,Bird,2018,Summer,June,25,Monday,0,6
Wildlife Center of Virginia,22-0047130,22-2817,northern cardinal,8/15/2022,38.15400314,-78.48082733,Died,bird,Bird,2022,Summer,August,15,Monday,0,8
Wildlife Center of Virginia,22-0026270,22-1501,eastern box turtle,6/3/2022,37.35465622,-78.97597504,Euthanized,turtle,Reptile,2022,Spring,June,3,Friday,4,6
Wildlife Center of Virginia,18-0032815,18-1324,eastern painted turtle,6/6/2018,37.8747744,-79.4517886,Euthanized,turtle,Reptile,2018,Spring,June,6,Wednesday,2,6
Wildlife Center of Virginia,17-0003239,17-0074,raccoon,1/23/2017,38.076976,-78.486958,Euthanized,raccoon,Mammal,2017,Winter,January,23,Monday,0,1
Wildlife Center of Virginia,17-0038645,17-1581,american crow,6/26/2017,37.2827,-80.4275,Transferred,bird,Bird,2017,Summer,June,26,Monday,0,6
Wildlife Center of Virginia,20-0081669,20-3596,eastern gray squirrel,11/16/2020,38.4541868,-78.8665388,Died,rodent,Mammal,2020,Autumn,November,16,Monday,0,11
Wildlife Center of Virginia,14-0038152,14-1833,tree swallow,8/7/2014,38.164194,-79.0671735,Died,bird,Bird,2014,Summer,August,7,Thursday,3,8
Wildlife Center of Virginia,21-0004726,21-0110,eastern gray squirrel,2/5/2021,38.06655884,-78.89600372,Euthanized,rodent,Mammal,2021,Winter,February,5,Friday,4,2
Wildlife Center of Virginia,23-0031716,23-2233,eastern box turtle,7/2/2023,37.83880234,-77.99767303,Euthanized,turtle,Reptile,2023,Summer,July,2,Sunday,6,7
Wildlife Center of Virginia,16-0055352,16-1835,red-tailed hawk,8/13/2016,37.566926,-77.49197,Released,bird,Bird,2016,Summer,August,13,Saturday,5,8
Wildlife Center of Virginia,20-0065975,20-3075,black vulture,9/2/2020,37.91967868,-78.55155366,Euthanized,bird,Bird,2020,Summer,September,2,Wednesday,2,9
Wildlife Center of Virginia,17-0103674,17-2703,eastern screech-owl,12/2/2017,38.1532635,-78.5626588,Died,bird,Bird,2017,Autumn,December,2,Saturday,5,12
Wildlife Center of Virginia,19-0001043,19-0018,eastern screech-owl,1/8/2019,38.1533224,-78.5629577,Euthanized,bird,Bird,2019,Winter,January,8,Tuesday,1,1
Wildlife Center of Virginia,18-0022252,18-0757,virginia opossum,5/11/2018,38.1700997,-78.3515202,Euthanized,marsupial,Mammal,2018,Spring,May,11,Friday,4,5
Wildlife Center of Virginia,22-0065207,22-3700,eastern screech-owl,12/30/2022,38.14240265,-79.15492249,Released,bird,Bird,2022,Winter,December,30,Friday,4,12
Wildlife Center of Virginia,22-0006363,22-0172,virginia opossum,3/3/2022,38.14819336,-79.097229,Euthanized,marsupial,Mammal,2022,Winter,March,3,Thursday,3,3
Wildlife Center of Virginia,21-0017211,21-0788,northern cardinal,4/29/2021,37.98654556,-78.02002716,Euthanized,bird,Bird,2021,Spring,April,29,Thursday,3,4
Wildlife Center of Virginia,20-0037530,20-1555,eastern painted turtle,6/6/2020,38.0483243,-78.4681957,Euthanized,turtle,Reptile,2020,Spring,June,6,Saturday,5,6
Wildlife Center of Virginia,22-0062062,22-3569,eastern screech-owl,11/24/2022,38.11734772,-78.64422607,Released,bird,Bird,2022,Autumn,November,24,Thursday,3,11
Wildlife Center of Virginia,17-0097116,17-2615,eastern screech-owl,11/1/2017,38.1570589,-79.063571,Released,bird,Bird,2017,Autumn,November,1,Wednesday,2,11
Wildlife Center of Virginia,16-0031494,16-1013,eastern ratsnake,6/5/2016,38.03458029,-78.83995588,Euthanized,snake,Reptile,2016,Spring,June,5,Sunday,6,6
Wildlife Center of Virginia,19-0057086,19-2753,eastern phoebe,9/1/2019,38.1543637,-78.5688376,Euthanized,bird,Bird,2019,Summer,September,1,Sunday,6,9
Wildlife Center of Virginia,17-0034900,17-1482,northern cardinal,6/18/2017,37.6302291,-77.515138,Euthanized,bird,Bird,2017,Spring,June,18,Sunday,6,6
Wildlife Center of Virginia,21-0011373,21-0413,eastern cottontail,4/5/2021,38.25333023,-78.44888306,Euthanized,rabbits & hares,Mammal,2021,Spring,April,5,Monday,0,4
Wildlife Center of Virginia,23-0035018,23-2483,virginia opossum,7/15/2023,37.94633484,-78.63832855,Euthanized,marsupial,Mammal,2023,Summer,July,15,Saturday,5,7
Wildlife Center of Virginia,16-0044651,16-1492,mourning dove,7/9/2016,38.4601541,-78.5796184,Euthanized,bird,Bird,2016,Summer,July,9,Saturday,5,7
Wildlife Center of Virginia,16-0077681,16-2521,eastern screech-owl,12/15/2016,38.6212335,-78.5401634,Euthanized,bird,Bird,2016,Autumn,December,15,Thursday,3,12
Wildlife Center of Virginia,23-0010110,23-0614,snapping turtle,4/14/2023,38.16283035,-78.29721832,Released,turtle,Reptile,2023,Spring,April,14,Friday,4,4
Wildlife Center of Virginia,17-0105070,17-2721,eastern screech-owl,12/10/2017,37.2391206,-80.0097169,Died,bird,Bird,2017,Autumn,December,10,Sunday,6,12
Wildlife Center of Virginia,21-0052647,21-2868,snapping turtle,8/11/2021,37.30144501,-80.03456116,Euthanized,turtle,Reptile,2021,Summer,August,11,Wednesday,2,8
Wildlife Center of Virginia,19-0056727,19-2729,eastern screech-owl,8/30/2019,37.9306407,-78.8166069,Euthanized,bird,Bird,2019,Summer,August,30,Friday,4,8
Wildlife Center of Virginia,22-0052152,22-3120,red-tailed hawk,9/9/2022,38.05156326,-79.06964874,Euthanized,bird,Bird,2022,Summer,September,9,Friday,4,9
Wildlife Center of Virginia,23-0069618,23-2908,eastern box turtle,8/7/2023,37.66094208,-77.62849426,Euthanized,turtle,Reptile,2023,Summer,August,7,Monday,0,8
Wildlife Center of Virginia,14-0050107,14-2282,northern cardinal,10/24/2014,38.0902342,-78.9004048,Euthanized,bird,Bird,2014,Autumn,October,24,Friday,4,10
Wildlife Center of Virginia,19-0008946,19-0248,eastern box turtle,4/1/2019,36.7044256,-78.8810099,Transferred,turtle,Reptile,2019,Spring,April,1,Monday,0,4
Wildlife Center of Virginia,21-0026732,21-1422,eastern box turtle,5/25/2021,38.51353073,-79.05004883,Euthanized,turtle,Reptile,2021,Spring,May,25,Tuesday,1,5
Wildlife Center of Virginia,21-0016887,21-0744,eastern ratsnake,4/28/2021,38.11096191,-78.95227051,Euthanized,snake,Reptile,2021,Spring,April,28,Wednesday,2,4
Wildlife Center of Virginia,23-0020850,23-1379,american crow,5/25/2023,37.00164795,-79.31879425,Died,bird,Bird,2023,Spring,May,25,Thursday,3,5
Wildlife Center of Virginia,21-0067147,21-3504,eastern painted turtle,10/15/2021,38.16603851,-78.29389954,Euthanized,turtle,Reptile,2021,Autumn,October,15,Friday,4,10
Wildlife Center of Virginia,22-0051771,22-3095,eastern box turtle,9/7/2022,38.03677368,-78.34229279,Euthanized,turtle,Reptile,2022,Summer,September,7,Wednesday,2,9
Wildlife Center of Virginia,20-0068114,20-3205,eastern box turtle,9/13/2020,38.2435995,-78.4508381,Euthanized,turtle,Reptile,2020,Summer,September,13,Sunday,6,9
Wildlife Center of Virginia,17-0091169,17-2469,bald eagle,9/27/2017,37.1215137,-76.3418663,Released,bird,Bird,2017,Autumn,September,27,Wednesday,2,9
Wildlife Center of Virginia,16-0054381,16-1813,american black bear,8/9/2016,37.8267043,-80.0623819,Released,bear,Mammal,2016,Summer,August,9,Tuesday,1,8
Wildlife Center of Virginia,19-0044622,19-2252,eastern box turtle,7/20/2019,37.9926081,-79.16142514,Released,turtle,Reptile,2019,Summer,July,20,Saturday,5,7
Wildlife Center of Virginia,22-0034633,22-2100,cedar waxwing,6/30/2022,38.02189636,-78.88002014,Transferred,bird,Bird,2022,Summer,June,30,Thursday,3,6
Wildlife Center of Virginia,18-0007223,18-0072,virginia opossum,2/6/2018,38.020794,-78.8805367,Euthanized,marsupial,Mammal,2018,Winter,February,6,Tuesday,1,2
Wildlife Center of Virginia,16-0048494,16-1648,eastern screech-owl,7/22/2016,37.319968,-79.994997,Euthanized,bird,Bird,2016,Summer,July,22,Friday,4,7
Wildlife Center of Virginia,23-0015348,DOA23-0048,eastern box turtle,5/8/2023,38.06727219,-78.6571579,Died,turtle,Reptile,2023,Spring,May,8,Monday,0,5
Wildlife Center of Virginia,22-0041488,22-2469,eastern box turtle,7/22/2022,37.84268188,-79.5710907,Euthanized,turtle,Reptile,2022,Summer,July,22,Friday,4,7
Wildlife Center of Virginia,22-0005252,22-0118,eastern gray squirrel,2/18/2022,37.85367584,-78.08004761,Euthanized,rodent,Mammal,2022,Winter,February,18,Friday,4,2
Wildlife Center of Virginia,16-0008937,16-0121,common snapping turtle,3/16/2016,38.056267,-78.658896,Euthanized,turtle,Reptile,2016,Winter,March,16,Wednesday,2,3
Wildlife Center of Virginia,19-0029604,19-1470,white-tailed deer,6/9/2019,37.9016083,-79.2481036,Died,deer,Mammal,2019,Spring,June,9,Sunday,6,6
Wildlife Center of Virginia,18-0128211,18-2233,eastern box turtle,7/28/2018,37.31516014,-79.22660154,Euthanized,turtle,Reptile,2018,Summer,July,28,Saturday,5,7
Wildlife Center of Virginia,21-0079271,21-3783,red-tailed hawk,12/22/2021,37.32786942,-79.15712738,Euthanized,bird,Bird,2021,Winter,December,22,Wednesday,2,12
Wildlife Center of Virginia,16-0075838,16-2480,barred owl,12/1/2016,36.9778416,-80.1974234,Died,owl,Bird,2016,Autumn,December,1,Thursday,3,12
Wildlife Center of Virginia,23-0005707,23-0164,virginia opossum,3/3/2023,37.26715851,-79.10176849,Euthanized,marsupial,Mammal,2023,Winter,March,3,Friday,4,3
Wildlife Center of Virginia,17-0007418,17-0240,eastern screech-owl,3/16/2017,38.2023467,-79.0072309,Released,bird,Bird,2017,Winter,March,16,Thursday,3,3
Wildlife Center of Virginia,17-0048939,17-1927,eastern box turtle,7/22/2017,37.6341928,-79.5273394,Euthanized,turtle,Reptile,2017,Summer,July,22,Saturday,5,7
Wildlife Center of Virginia,21-0054636,21-2968,eastern box turtle,8/18/2021,37.63576126,-79.52144623,Released,turtle,Reptile,2021,Summer,August,18,Wednesday,2,8
Wildlife Center of Virginia,21-0005152,21-0119,red-shouldered hawk,2/8/2021,38.06864166,-78.84081268,Died,bird,Bird,2021,Winter,February,8,Monday,0,2
Wildlife Center of Virginia,23-0001831,23-0030,ring-billed gull,1/12/2023,37.50326538,-77.47615814,Euthanized,bird,Bird,2023,Winter,January,12,Thursday,3,1
Wildlife Center of Virginia,18-0013902,18-0324,american robin,4/12/2018,38.4420514,-78.8634553,Died,bird,Bird,2018,Spring,April,12,Thursday,3,4
Wildlife Center of Virginia,22-0049767,22-2965,eastern box turtle,8/27/2022,38.11808777,-78.66143799,Released,turtle,Reptile,2022,Summer,August,27,Saturday,5,8
Wildlife Center of Virginia,21-0009292,21-0297,eastern gray squirrel,3/23/2021,37.85274887,-79.45843506,Died,rodent,Mammal,2021,Spring,March,23,Tuesday,1,3
Wildlife Center of Virginia,20-0029692,20-1130,eastern cottontail,5/20/2020,37.4443735,-79.1201358,Released,rabbits & hares,Mammal,2020,Spring,May,20,Wednesday,2,5
Wildlife Center of Virginia,23-0006607,23-0248,northern cardinal,3/18/2023,38.16621017,-78.57183075,Euthanized,bird,Bird,2023,Winter,March,18,Saturday,5,3
Wildlife Center of Virginia,19-0026096,19-1233,barred owl,5/31/2019,37.2469158,-77.2161408,Euthanized,owl,Bird,2019,Spring,May,31,Friday,4,5
Wildlife Center of Virginia,23-0024290,23-1613,virginia opossum,6/6/2023,37.42372131,-79.01348114,Euthanized,marsupial,Mammal,2023,Spring,June,6,Tuesday,1,6
Wildlife Center of Virginia,22-0028121,22-1617,american robin,6/9/2022,38.11233521,-79.07301331,Euthanized,bird,Bird,2022,Spring,June,9,Thursday,3,6
Wildlife Center of Virginia,23-0017850,23-1155,american robin,5/16/2023,38.0700264,-78.66394043,Euthanized,bird,Bird,2023,Spring,May,16,Tuesday,1,5
Wildlife Center of Virginia,21-0056446,21-3062,raccoon,8/25/2021,37.50702286,-78.4061203,Euthanized,raccoon,Mammal,2021,Summer,August,25,Wednesday,2,8
Wildlife Center of Virginia,19-0047770,19-2402,white-tailed deer,7/30/2019,38.1716679,-78.837771,Euthanized,deer,Mammal,2019,Summer,July,30,Tuesday,1,7
Wildlife Center of Virginia,21-0034770,21-1928,virginia opossum,6/16/2021,38.35225296,-78.93508148,Euthanized,marsupial,Mammal,2021,Spring,June,16,Wednesday,2,6
Wildlife Center of Virginia,21-0034771,21-1929,virginia opossum,6/16/2021,38.35225296,-78.93508148,Euthanized,marsupial,Mammal,2021,Spring,June,16,Wednesday,2,6
Wildlife Center of Virginia,21-0034773,21-1930,virginia opossum,6/16/2021,38.35225296,-78.93508148,Euthanized,marsupial,Mammal,2021,Spring,June,16,Wednesday,2,6
Wildlife Center of Virginia,21-0034774,21-1931,virginia opossum,6/16/2021,38.35225296,-78.93508148,Euthanized,marsupial,Mammal,2021,Spring,June,16,Wednesday,2,6
Wildlife Center of Virginia,21-0034775,21-1932,virginia opossum,6/16/2021,38.35225296,-78.93508148,Euthanized,marsupial,Mammal,2021,Spring,June,16,Wednesday,2,6
Wildlife Center of Virginia,21-0034776,21-1933,virginia opossum,6/16/2021,38.35225296,-78.93508148,Euthanized,marsupial,Mammal,2021,Spring,June,16,Wednesday,2,6
Wildlife Center of Virginia,21-0034778,21-1934,virginia opossum,6/16/2021,38.35225296,-78.93508148,Euthanized,marsupial,Mammal,2021,Spring,June,16,Wednesday,2,6
Wildlife Center of Virginia,21-0034779,21-1935,virginia opossum,6/16/2021,38.35225296,-78.93508148,Euthanized,marsupial,Mammal,2021,Spring,June,16,Wednesday,2,6
Wildlife Center of Virginia,21-0034781,21-1936,virginia opossum,6/16/2021,38.35225296,-78.93508148,Euthanized,marsupial,Mammal,2021,Spring,June,16,Wednesday,2,6
Wildlife Center of Virginia,21-0034782,21-1937,virginia opossum,6/16/2021,38.35225296,-78.93508148,Euthanized,marsupial,Mammal,2021,Spring,June,16,Wednesday,2,6
Wildlife Center of Virginia,21-0034800,DOA21-0081,virginia opossum,6/16/2021,38.35225296,-78.93508148,Died,marsupial,Mammal,2021,Spring,June,16,Wednesday,2,6
Wildlife Center of Virginia,21-0037672,21-2067,american crow,6/23/2021,37.38340378,-79.18710327,Euthanized,bird,Bird,2021,Summer,June,23,Wednesday,2,6
Wildlife Center of Virginia,18-0150373,18-2937,eastern screech-owl,10/17/2018,38.200068,-79.149478,Euthanized,bird,Bird,2018,Autumn,October,17,Wednesday,2,10
Wildlife Center of Virginia,21-0027229,21-1438,black vulture,5/26/2021,37.38516617,-79.1107254,Euthanized,bird,Bird,2021,Spring,May,26,Wednesday,2,5
Wildlife Center of Virginia,14-0009745,14-0348,mallard,4/21/2014,37.9035483,-78.4365063,Released,bird,Bird,2014,Spring,April,21,Monday,0,4
Wildlife Center of Virginia,15-0047356,15-1817,white-tailed deer,8/15/2015,38.041509,-78.6359166,Euthanized,deer,Mammal,2015,Summer,August,15,Saturday,5,8
Wildlife Center of Virginia,16-0044925,16-1507,gray catbird,7/10/2016,38.047837,-79.101423,Euthanized,bird,Bird,2016,Summer,July,10,Sunday,6,7
Wildlife Center of Virginia,23-0031945,23-2253,eastern box turtle,7/3/2023,37.49889374,-79.10792542,Euthanized,turtle,Reptile,2023,Summer,July,3,Monday,0,7
Wildlife Center of Virginia,23-0071670,DOA23-0128,eastern box turtle,8/16/2023,38.16947174,-78.46614075,Died,turtle,Reptile,2023,Summer,August,16,Wednesday,2,8
Wildlife Center of Virginia,23-0079901,23-3584,ring-necked dove,10/1/2023,38.40899277,-78.98857117,Euthanized,bird,Bird,2023,Autumn,October,1,Sunday,6,10
Wildlife Center of Virginia,22-0025575,22-1458,eastern box turtle,6/1/2022,37.24710464,-78.43907166,Died,turtle,Reptile,2022,Spring,June,1,Wednesday,2,6
Wildlife Center of Virginia,22-0013410,DOA22-0026,virginia opossum,4/25/2022,38.36963272,-78.73331451,Died,marsupial,Mammal,2022,Spring,April,25,Monday,0,4
Wildlife Center of Virginia,21-0001577,21-0017,common garter snake,1/9/2021,38.3883719,-78.4326515,Died,snake,Reptile,2021,Winter,January,9,Saturday,5,1
Wildlife Center of Virginia,23-0003968,23-0064,eastern screech-owl,1/23/2023,37.34626007,-79.05168152,Euthanized,bird,Bird,2023,Winter,January,23,Monday,0,1
Wildlife Center of Virginia,17-0086055,17-2259,eastern box turtle,9/1/2017,37.2557989,-80.0299136,Euthanized,turtle,Reptile,2017,Summer,September,1,Friday,4,9
Wildlife Center of Virginia,22-0030887,22-1827,eastern screech-owl,6/18/2022,38.37023926,-78.67459869,Died,bird,Bird,2022,Spring,June,18,Saturday,5,6
Wildlife Center of Virginia,14-0057384,14-2390,eastern gray squirrel,12/16/2014,38.171217,-78.415209,Released,rodent,Mammal,2014,Autumn,December,16,Tuesday,1,12
Wildlife Center of Virginia,17-0041354,17-1669,eastern box turtle,7/2/2017,37.2096,-80.544,Euthanized,turtle,Reptile,2017,Summer,July,2,Sunday,6,7
Wildlife Center of Virginia,22-0003091,22-0046,white-throated sparrow,1/21/2022,37.95687485,-78.65794373,Euthanized,bird,Bird,2022,Winter,January,21,Friday,4,1
Wildlife Center of Virginia,18-0025160,DOA18-0042,snapping turtle,5/18/2018,38.029953,-78.722359,Died,turtle,Reptile,2018,Spring,May,18,Friday,4,5
Wildlife Center of Virginia,21-0053976,21-2932,barred owl,8/16/2021,37.2627182,-80.15518188,Died,owl,Bird,2021,Summer,August,16,Monday,0,8
Wildlife Center of Virginia,17-0082267,17-2139,red-tailed hawk,8/17/2017,38.075445,-79.399749,Euthanized,bird,Bird,2017,Summer,August,17,Thursday,3,8
Wildlife Center of Virginia,23-0030329,23-2139,eastern box turtle,6/27/2023,37.85050964,-78.0036087,Died,turtle,Reptile,2023,Summer,June,27,Tuesday,1,6
Wildlife Center of Virginia,20-0037079,20-1517,eastern painted turtle,6/5/2020,38.0255062,-78.3329717,Euthanized,turtle,Reptile,2020,Spring,June,5,Friday,4,6
Wildlife Center of Virginia,23-0034005,23-2430,eastern box turtle,7/11/2023,37.35589218,-78.97568512,Euthanized,turtle,Reptile,2023,Summer,July,11,Tuesday,1,7
Wildlife Center of Virginia,23-0017270,23-1119,eastern box turtle,5/14/2023,37.73074341,-78.03234863,Died,turtle,Reptile,2023,Spring,May,14,Sunday,6,5
Wildlife Center of Virginia,23-0027423,23-1892,eastern box turtle,6/17/2023,37.90613174,-78.29937744,Released,turtle,Reptile,2023,Spring,June,17,Saturday,5,6
Wildlife Center of Virginia,16-0000292,16-0005,eastern screech-owl,1/4/2016,38.258109,-78.8248383,Euthanized,bird,Bird,2016,Winter,January,4,Monday,0,1
Wildlife Center of Virginia,18-0146136,18-2820,eastern box turtle,9/26/2018,38.2257545,-79.170836,Transferred,turtle,Reptile,2018,Autumn,September,26,Wednesday,2,9
Wildlife Center of Virginia,21-0013301,21-0512,eastern cottontail,4/14/2021,38.24887085,-79.12433624,Euthanized,rabbits & hares,Mammal,2021,Spring,April,14,Wednesday,2,4
Wildlife Center of Virginia,14-0054378,14-2342,eastern gray squirrel,11/21/2014,38.2488699,-79.124336,Euthanized,rodent,Mammal,2014,Autumn,November,21,Friday,4,11
Wildlife Center of Virginia,14-0048916,14-2254,merlin,10/16/2014,38.020393,-78.982283,Died,bird,Bird,2014,Autumn,October,16,Thursday,3,10
Wildlife Center of Virginia,19-0044643,19-2263,fowler's toad,7/20/2019,37.784999,-79.4181135,Euthanized,frogs & toads,Amphibian,2019,Summer,July,20,Saturday,5,7
Wildlife Center of Virginia,22-0018381,DOA22-0046,eastern ratsnake,5/12/2022,38.02215958,-78.44384003,Died,snake,Reptile,2022,Spring,May,12,Thursday,3,5
Wildlife Center of Virginia,23-0080385,23-3604,eastern box turtle,10/3/2023,37.66122818,-77.60288239,Euthanized,turtle,Reptile,2023,Autumn,October,3,Tuesday,1,10
Wildlife Center of Virginia,20-0043351,20-1958,red-headed woodpecker,6/19/2020,37.6593007,-77.6512748,Released,bird,Bird,2020,Spring,June,19,Friday,4,6
Wildlife Center of Virginia,21-0007507,21-0215,virginia opossum,3/7/2021,38.00699997,-78.48442841,Euthanized,marsupial,Mammal,2021,Winter,March,7,Sunday,6,3
Wildlife Center of Virginia,23-0005210,23-0122,bald eagle,2/19/2023,37.57835388,-79.87612152,Died,bird,Bird,2023,Winter,February,19,Sunday,6,2
Wildlife Center of Virginia,20-0072793,20-3366,eastern gray squirrel,10/2/2020,38.0255226,-78.4763266,Euthanized,rodent,Mammal,2020,Autumn,October,2,Friday,4,10
Wildlife Center of Virginia,20-0074998,20-3419,raccoon,10/11/2020,37.994333,-78.976761,Euthanized,raccoon,Mammal,2020,Autumn,October,11,Sunday,6,10
Wildlife Center of Virginia,21-0022501,21-1178,red fox,5/14/2021,37.14982605,-79.03627777,Euthanized,fox,Mammal,2021,Spring,May,14,Friday,4,5
Wildlife Center of Virginia,22-0026793,22-1564,eastern river cooter,6/5/2022,37.63520813,-77.26958466,Euthanized,turtle,Reptile,2022,Spring,June,5,Sunday,6,6
Wildlife Center of Virginia,16-0044840,16-1495,eastern box turtle,7/10/2016,37.9702856,-78.8421271,Euthanized,turtle,Reptile,2016,Summer,July,10,Sunday,6,7
Wildlife Center of Virginia,22-0019696,22-1099,brown thrasher,5/17/2022,38.61340714,-78.0660553,Released,bird,Bird,2022,Spring,May,17,Tuesday,1,5
Wildlife Center of Virginia,20-0012456,20-0258,northern cardinal,3/24/2020,37.3183157,-77.4569073,Died,bird,Bird,2020,Spring,March,24,Tuesday,1,3
Wildlife Center of Virginia,18-0144936,18-2793,snapping turtle,9/20/2018,38.037025,-78.9240366,Euthanized,turtle,Reptile,2018,Summer,September,20,Thursday,3,9
Wildlife Center of Virginia,19-0077951,19-3270,virginia opossum,12/3/2019,37.9064585,-78.6807037,Euthanized,marsupial,Mammal,2019,Autumn,December,3,Tuesday,1,12
Wildlife Center of Virginia,18-0022767,18-0804,eastern box turtle,5/13/2018,37.814397,-78.681656,Euthanized,turtle,Reptile,2018,Spring,May,13,Sunday,6,5
Wildlife Center of Virginia,22-0061839,22-3556,cooper's hawk,11/21/2022,38.02476501,-78.47690582,Died,bird,Bird,2022,Autumn,November,21,Monday,0,11
Wildlife Center of Virginia,22-0014417,22-0730,canada goose,4/29/2022,37.45285416,-77.4254837,Euthanized,bird,Bird,2022,Spring,April,29,Friday,4,4
Wildlife Center of Virginia,16-0008137,16-0100,mourning dove,3/11/2016,38.3568877,-78.6765693,Euthanized,bird,Bird,2016,Winter,March,11,Friday,4,3
Wildlife Center of Virginia,17-0105030,17-2720,eastern screech-owl,12/9/2017,37.923768,-79.170991,Euthanized,bird,Bird,2017,Autumn,December,9,Saturday,5,12
Wildlife Center of Virginia,16-0006767,16-0077,eastern screech-owl,2/25/2016,37.9060091,-79.4218581,Euthanized,bird,Bird,2016,Winter,February,25,Thursday,3,2
Wildlife Center of Virginia,22-0021159,22-1196,eastern box turtle,5/20/2022,37.24621964,-78.44326782,Released,turtle,Reptile,2022,Spring,May,20,Friday,4,5
Wildlife Center of Virginia,17-0087918,17-2348,eastern screech-owl,9/10/2017,38.6692981,-78.5195514,Euthanized,bird,Bird,2017,Summer,September,10,Sunday,6,9
Wildlife Center of Virginia,21-0013822,21-0546,raccoon,4/17/2021,38.17641449,-78.59688568,Euthanized,raccoon,Mammal,2021,Spring,April,17,Saturday,5,4
Wildlife Center of Virginia,21-0002749,21-0047,northern cardinal,1/17/2021,38.1620339,-79.0908291,Died,bird,Bird,2021,Winter,January,17,Sunday,6,1
Wildlife Center of Virginia,22-0041388,22-2447,virginia opossum,7/21/2022,38.12304688,-79.11082458,Transferred,marsupial,Mammal,2022,Summer,July,21,Thursday,3,7
Wildlife Center of Virginia,23-0021578,23-1432,eastern box turtle,5/28/2023,37.70996857,-78.05108643,Euthanized,turtle,Reptile,2023,Spring,May,28,Sunday,6,5
Wildlife Center of Virginia,15-0065858,15-2323,eastern screech-owl,12/23/2015,37.503317,-79.868186,Euthanized,bird,Bird,2015,Winter,December,23,Wednesday,2,12
Wildlife Center of Virginia,18-0154106,18-3015,bald eagle,11/5/2018,38.6092714,-78.5428987,Euthanized,bird,Bird,2018,Autumn,November,5,Monday,0,11
Wildlife Center of Virginia,23-0007014,23-0321,northern mockingbird,3/23/2023,37.41189957,-79.15383911,Released,bird,Bird,2023,Spring,March,23,Thursday,3,3
Wildlife Center of Virginia,19-0074383,19-3199,red-shouldered hawk,11/10/2019,38.1753242,-78.2850752,Released,bird,Bird,2019,Autumn,November,10,Sunday,6,11
Wildlife Center of Virginia,19-0005757,19-0126,barred owl,3/2/2019,37.2002034,-80.0169607,Euthanized,owl,Bird,2019,Winter,March,2,Saturday,5,3
Wildlife Center of Virginia,16-0042686,16-1422,mallard,7/2/2016,38.1578919,-79.080515,Euthanized,bird,Bird,2016,Summer,July,2,Saturday,5,7
Wildlife Center of Virginia,18-0147042,18-2843,eastern box turtle,9/29/2018,38.2664442,-78.3885883,Euthanized,turtle,Reptile,2018,Autumn,September,29,Saturday,5,9
Wildlife Center of Virginia,20-0038447,20-1594,red-bellied woodpecker,6/8/2020,38.4616577,-78.9148345,Died,bird,Bird,2020,Spring,June,8,Monday,0,6
Wildlife Center of Virginia,20-0034456,20-1354,snapping turtle,5/30/2020,38.0691142,-78.6874566,Euthanized,turtle,Reptile,2020,Spring,May,30,Saturday,5,5
Wildlife Center of Virginia,18-0131884,18-2361,northern mockingbird,8/7/2018,38.0693683,-78.6861413,Transferred,bird,Bird,2018,Summer,August,7,Tuesday,1,8
Wildlife Center of Virginia,20-0029687,20-1119,virginia opossum,5/20/2020,38.4492888,-78.651024,Released,marsupial,Mammal,2020,Spring,May,20,Wednesday,2,5
Wildlife Center of Virginia,16-0016997,16-0428,black vulture,4/27/2016,37.96121,-77.913492,Died,bird,Bird,2016,Spring,April,27,Wednesday,2,4
Wildlife Center of Virginia,16-0075286,16-2471,eastern gray squirrel,11/27/2016,38.456198,-78.871397,Euthanized,rodent,Mammal,2016,Autumn,November,27,Sunday,6,11
Wildlife Center of Virginia,16-0019443,16-0535,turkey vulture,5/4/2016,38.04583,-79.0146112,Euthanized,bird,Bird,2016,Spring,May,4,Wednesday,2,5
Wildlife Center of Virginia,23-0081998,23-3686,eastern box turtle,10/14/2023,37.30213928,-78.47246552,Euthanized,turtle,Reptile,2023,Autumn,October,14,Saturday,5,10
Wildlife Center of Virginia,17-0101092,17-2681,virginia opossum,11/21/2017,39.1912505,-78.1599666,Transferred,marsupial,Mammal,2017,Autumn,November,21,Tuesday,1,11
Wildlife Center of Virginia,23-0032601,23-2285,eastern painted turtle,7/5/2023,38.05076599,-78.68197632,Euthanized,turtle,Reptile,2023,Summer,July,5,Wednesday,2,7
Wildlife Center of Virginia,17-0026807,17-1177,eastern box turtle,5/28/2017,37.6847639,-77.6245351,Euthanized,turtle,Reptile,2017,Spring,May,28,Sunday,6,5
Wildlife Center of Virginia,21-0059339,21-3172,eastern box turtle,9/6/2021,38.25312424,-78.43801117,Euthanized,turtle,Reptile,2021,Summer,September,6,Monday,0,9
Wildlife Center of Virginia,23-0010671,23-0677,northern cardinal,4/17/2023,38.31519318,-78.87133026,Euthanized,bird,Bird,2023,Spring,April,17,Monday,0,4
Wildlife Center of Virginia,19-0059715,19-2850,eastern box turtle,9/11/2019,38.0759254,-78.8342606,Euthanized,turtle,Reptile,2019,Summer,September,11,Wednesday,2,9
Wildlife Center of Virginia,21-0063025,21-3343,eastern box turtle,9/22/2021,37.97218704,-78.68035889,Euthanized,turtle,Reptile,2021,Summer,September,22,Wednesday,2,9
Wildlife Center of Virginia,23-0085650,23-3849,eastern box turtle,11/13/2023,37.8127327,-79.33729553,Euthanized,turtle,Reptile,2023,Autumn,November,13,Monday,0,11
Wildlife Center of Virginia,19-0001861,19-0031,bald eagle,1/15/2019,37.006942,-76.41698,Euthanized,bird,Bird,2019,Winter,January,15,Tuesday,1,1
Wildlife Center of Virginia,19-0012026,19-0455,virginia opossum,4/17/2019,38.076188,-78.833585,Euthanized,marsupial,Mammal,2019,Spring,April,17,Wednesday,2,4
Wildlife Center of Virginia,21-0005747,21-0154,striped skunk,2/16/2021,38.07607269,-78.83368683,Euthanized,skunk,Mammal,2021,Winter,February,16,Tuesday,1,2
Wildlife Center of Virginia,21-0038592,21-2123,northern cardinal,6/26/2021,38.02640152,-78.69274902,Euthanized,bird,Bird,2021,Summer,June,26,Saturday,5,6
Wildlife Center of Virginia,21-0038014,DOA21-0099,woodchuck,6/23/2021,38.06919479,-78.6917038,Died,rodent,Mammal,2021,Summer,June,23,Wednesday,2,6
Wildlife Center of Virginia,18-0015755,18-0450,eastern gray squirrel,4/21/2018,38.0632919,-78.894761,Euthanized,rodent,Mammal,2018,Spring,April,21,Saturday,5,4
Wildlife Center of Virginia,15-0058622,15-2186,eastern cottontail,10/21/2015,38.442654,-78.869829,Euthanized,rabbits & hares,Mammal,2015,Autumn,October,21,Wednesday,2,10
Wildlife Center of Virginia,23-0081999,23-3687,red-shouldered hawk,10/14/2023,38.6511879,-78.78266144,Euthanized,bird,Bird,2023,Autumn,October,14,Saturday,5,10
Wildlife Center of Virginia,21-0029417,21-1579,woodchuck,6/1/2021,38.40074921,-78.95410156,Died,rodent,Mammal,2021,Spring,June,1,Tuesday,1,6
Wildlife Center of Virginia,20-0039771,20-1678,eastern cottontail,6/11/2020,38.0303982,-79.0281969,Euthanized,rabbits & hares,Mammal,2020,Spring,June,11,Thursday,3,6
Wildlife Center of Virginia,21-0019791,21-1023,eastern cottontail,5/7/2021,38.44269943,-78.8693161,Euthanized,rabbits & hares,Mammal,2021,Spring,May,7,Friday,4,5
Wildlife Center of Virginia,19-0052703,19-2596,yellow-billed cuckoo,8/15/2019,37.7543108,-79.994962,Died,bird,Bird,2019,Summer,August,15,Thursday,3,8
Wildlife Center of Virginia,22-0039858,22-2368,virginia opossum,7/16/2022,37.92844391,-78.35082245,Euthanized,marsupial,Mammal,2022,Summer,July,16,Saturday,5,7
Wildlife Center of Virginia,22-0039860,DOA22-0114,virginia opossum,7/16/2022,37.92844391,-78.35082245,Died,marsupial,Mammal,2022,Summer,July,16,Saturday,5,7
Wildlife Center of Virginia,22-0039861,DOA22-0115,virginia opossum,7/16/2022,37.92844391,-78.35082245,Died,marsupial,Mammal,2022,Summer,July,16,Saturday,5,7
Wildlife Center of Virginia,22-0039862,DOA22-0116,virginia opossum,7/16/2022,37.92844391,-78.35082245,Died,marsupial,Mammal,2022,Summer,July,16,Saturday,5,7
Wildlife Center of Virginia,22-0039863,DOA22-0117,virginia opossum,7/16/2022,37.92844391,-78.35082245,Died,marsupial,Mammal,2022,Summer,July,16,Saturday,5,7
Wildlife Center of Virginia,23-0015247,23-0991,indigo bunting,5/8/2023,38.06897736,-78.69661713,Released,bird,Bird,2023,Spring,May,8,Monday,0,5
Wildlife Center of Virginia,23-0028316,23-1979,american crow,6/20/2023,37.21360779,-78.54683685,Died,bird,Bird,2023,Spring,June,20,Tuesday,1,6
Wildlife Center of Virginia,18-0024422,18-0901,snapping turtle,5/17/2018,38.047223,-78.986692,Euthanized,turtle,Reptile,2018,Spring,May,17,Thursday,3,5
Wildlife Center of Virginia,18-0014881,18-0371,eastern cottontail,4/17/2018,38.1563685,-79.0979521,Euthanized,rabbits & hares,Mammal,2018,Spring,April,17,Tuesday,1,4
Wildlife Center of Virginia,21-0037323,21-2060,red-eared slider,6/22/2021,37.67453384,-77.54734039,Euthanized,turtle,Reptile,2021,Summer,June,22,Tuesday,1,6
Wildlife Center of Virginia,21-0055215,21-2997,eastern box turtle,8/20/2021,37.82487106,-78.70180511,Released,turtle,Reptile,2021,Summer,August,20,Friday,4,8
Wildlife Center of Virginia,19-0010908,19-0382,mourning dove,4/12/2019,38.3068169,-78.1935269,Euthanized,bird,Bird,2019,Spring,April,12,Friday,4,4
Wildlife Center of Virginia,20-0080941,20-3566,eastern box turtle,11/11/2020,37.3279884,-78.8025375,Euthanized,turtle,Reptile,2020,Autumn,November,11,Wednesday,2,11
Wildlife Center of Virginia,17-0002561,17-0057,barred owl,1/17/2017,37.4918352,-77.11783,Euthanized,owl,Bird,2017,Winter,January,17,Tuesday,1,1
Wildlife Center of Virginia,22-0042630,22-2522,turkey vulture,7/26/2022,37.77396011,-78.25246429,Died,bird,Bird,2022,Summer,July,26,Tuesday,1,7
Wildlife Center of Virginia,21-0017643,21-0825,eastern cottontail,5/1/2021,38.24318695,-79.20902252,Died,rabbits & hares,Mammal,2021,Spring,May,1,Saturday,5,5
Wildlife Center of Virginia,21-0048709,21-2640,american robin,7/26/2021,38.06403351,-78.69844818,Euthanized,bird,Bird,2021,Summer,July,26,Monday,0,7
Wildlife Center of Virginia,16-0015737,16-0378,eastern box turtle,4/23/2016,38.181211,-78.972018,Died,turtle,Reptile,2016,Spring,April,23,Saturday,5,4
Wildlife Center of Virginia,19-0075561,19-3223,barn owl,11/17/2019,38.5144264,-78.8678444,Released,owl,Bird,2019,Autumn,November,17,Sunday,6,11
Wildlife Center of Virginia,18-0126300,18-2189,northern cardinal,7/24/2018,37.9864069,-78.8293205,Died,bird,Bird,2018,Summer,July,24,Tuesday,1,7
Wildlife Center of Virginia,18-0155273,18-3033,eastern box turtle,11/10/2018,37.0661453,-81.9279916,Transferred,turtle,Reptile,2018,Autumn,November,10,Saturday,5,11
Wildlife Center of Virginia,21-0078022,21-3741,eastern gray squirrel,12/12/2021,38.20750046,-79.01119995,Euthanized,rodent,Mammal,2021,Autumn,December,12,Sunday,6,12
Wildlife Center of Virginia,14-0057846,14-2408,eastern screech-owl,12/22/2014,36.7769166,-80.7099363,Released,bird,Bird,2014,Winter,December,22,Monday,0,12
Wildlife Center of Virginia,23-0020735,23-1367,northern cardinal,5/25/2023,38.05306625,-78.50937653,Euthanized,bird,Bird,2023,Spring,May,25,Thursday,3,5
Wildlife Center of Virginia,22-0041696,22-2478,eastern box turtle,7/22/2022,37.6015358,-78.3589859,Released,turtle,Reptile,2022,Summer,July,22,Friday,4,7
Wildlife Center of Virginia,22-0013069,22-0598,virginia opossum,4/24/2022,38.38013077,-79.01634216,Died,marsupial,Mammal,2022,Spring,April,24,Sunday,6,4
Wildlife Center of Virginia,22-0013070,22-0599,virginia opossum,4/24/2022,38.38013077,-79.01634216,Euthanized,marsupial,Mammal,2022,Spring,April,24,Sunday,6,4
Wildlife Center of Virginia,22-0013072,22-0600,virginia opossum,4/24/2022,38.38013077,-79.01634216,Euthanized,marsupial,Mammal,2022,Spring,April,24,Sunday,6,4
Wildlife Center of Virginia,22-0013073,22-0601,virginia opossum,4/24/2022,38.38013077,-79.01634216,Died,marsupial,Mammal,2022,Spring,April,24,Sunday,6,4
Wildlife Center of Virginia,22-0013074,22-0602,virginia opossum,4/24/2022,38.38013077,-79.01634216,Died,marsupial,Mammal,2022,Spring,April,24,Sunday,6,4
Wildlife Center of Virginia,22-0013076,22-0603,virginia opossum,4/24/2022,38.38013077,-79.01634216,Died,marsupial,Mammal,2022,Spring,April,24,Sunday,6,4
Wildlife Center of Virginia,22-0013077,22-0604,virginia opossum,4/24/2022,38.38013077,-79.01634216,Died,marsupial,Mammal,2022,Spring,April,24,Sunday,6,4
Wildlife Center of Virginia,22-0013078,22-0605,virginia opossum,4/24/2022,38.38013077,-79.01634216,Died,marsupial,Mammal,2022,Spring,April,24,Sunday,6,4
Wildlife Center of Virginia,22-0013079,22-0606,virginia opossum,4/24/2022,38.38013077,-79.01634216,Euthanized,marsupial,Mammal,2022,Spring,April,24,Sunday,6,4
Wildlife Center of Virginia,20-0068687,20-3234,eastern cottontail,9/16/2020,38.029895,-78.7018049,Died,rabbits & hares,Mammal,2020,Summer,September,16,Wednesday,2,9
Wildlife Center of Virginia,18-0147542,18-2858,eastern box turtle,10/2/2018,37.7338268,-78.1006939,Euthanized,turtle,Reptile,2018,Autumn,October,2,Tuesday,1,10
Wildlife Center of Virginia,16-0039553,16-1326,common snapping turtle,6/24/2016,37.5738351,-79.7288695,Euthanized,turtle,Reptile,2016,Summer,June,24,Friday,4,6
Wildlife Center of Virginia,21-0032877,21-1807,eastern box turtle,6/10/2021,38.36197281,-78.46587372,Euthanized,turtle,Reptile,2021,Spring,June,10,Thursday,3,6
Wildlife Center of Virginia,21-0046119,21-2474,eastern box turtle,7/18/2021,38.29098129,-78.18340302,Euthanized,turtle,Reptile,2021,Summer,July,18,Sunday,6,7
Wildlife Center of Virginia,20-0035888,20-1472,pileated woodpecker,6/3/2020,38.05209,-78.7054133,Euthanized,bird,Bird,2020,Spring,June,3,Wednesday,2,6
Wildlife Center of Virginia,17-0020075,17-0869,american robin,5/11/2017,38.7883939,-77.0688909,Died,bird,Bird,2017,Spring,May,11,Thursday,3,5
Wildlife Center of Virginia,19-0018799,19-0856,eastern box turtle,5/10/2019,38.531842,-78.901875,Euthanized,turtle,Reptile,2019,Spring,May,10,Friday,4,5
Wildlife Center of Virginia,23-0078651,23-3515,eastern box turtle,9/23/2023,38.04722977,-78.70722961,Euthanized,turtle,Reptile,2023,Autumn,September,23,Saturday,5,9
Wildlife Center of Virginia,22-0038934,DOA22-0112,eastern box turtle,7/13/2022,37.75611115,-78.77809906,Died,turtle,Reptile,2022,Summer,July,13,Wednesday,2,7
Wildlife Center of Virginia,18-0019664,18-0668,eastern box turtle,5/5/2018,38.00376793,-78.52224817,Euthanized,turtle,Reptile,2018,Spring,May,5,Saturday,5,5
Wildlife Center of Virginia,19-0050596,19-2516,eastern box turtle,8/8/2019,38.01141608,-78.49785194,Euthanized,turtle,Reptile,2019,Summer,August,8,Thursday,3,8
Wildlife Center of Virginia,21-0043046,21-2313,eastern box turtle,7/8/2021,38.0112114,-78.49913788,Euthanized,turtle,Reptile,2021,Summer,July,8,Thursday,3,7
Wildlife Center of Virginia,22-0007482,22-0235,house finch,3/17/2022,38.00957108,-78.50722504,Euthanized,bird,Bird,2022,Winter,March,17,Thursday,3,3
Wildlife Center of Virginia,20-0048836,20-2244,eastern box turtle,7/2/2020,37.8070239,-78.4990989,Euthanized,turtle,Reptile,2020,Summer,July,2,Thursday,3,7
Wildlife Center of Virginia,17-0025655,17-1117,eastern gray squirrel,5/25/2017,38.1494726,-79.0765891,Died,rodent,Mammal,2017,Spring,May,25,Thursday,3,5
Wildlife Center of Virginia,21-0038642,21-2108,virginia opossum,6/26/2021,37.81212234,-79.48223877,Euthanized,marsupial,Mammal,2021,Summer,June,26,Saturday,5,6
Wildlife Center of Virginia,21-0038643,21-2109,virginia opossum,6/26/2021,37.81212234,-79.48223877,Euthanized,marsupial,Mammal,2021,Summer,June,26,Saturday,5,6
Wildlife Center of Virginia,21-0038644,21-2110,virginia opossum,6/26/2021,37.81212234,-79.48223877,Euthanized,marsupial,Mammal,2021,Summer,June,26,Saturday,5,6
Wildlife Center of Virginia,21-0038645,21-2111,virginia opossum,6/26/2021,37.81212234,-79.48223877,Euthanized,marsupial,Mammal,2021,Summer,June,26,Saturday,5,6
Wildlife Center of Virginia,21-0038646,21-2112,virginia opossum,6/26/2021,37.81212234,-79.48223877,Euthanized,marsupial,Mammal,2021,Summer,June,26,Saturday,5,6
Wildlife Center of Virginia,21-0038648,DOA21-0103,virginia opossum,6/26/2021,37.81212234,-79.48223877,Died,marsupial,Mammal,2021,Summer,June,26,Saturday,5,6
Wildlife Center of Virginia,18-0009099,18-0124,raccoon,3/5/2018,37.9982299,-79.0068544,Euthanized,raccoon,Mammal,2018,Winter,March,5,Monday,0,3
Wildlife Center of Virginia,19-0077584,19-3258,bald eagle,11/30/2019,38.2741247,-77.4980432,Died,bird,Bird,2019,Autumn,November,30,Saturday,5,11
Wildlife Center of Virginia,21-0047140,21-2547,northern cardinal,7/21/2021,38.0617981,-78.89337158,Euthanized,bird,Bird,2021,Summer,July,21,Wednesday,2,7
Wildlife Center of Virginia,21-0003442,21-0089,red-shouldered hawk,1/26/2021,37.6839233,-80.1036326,Euthanized,bird,Bird,2021,Winter,January,26,Tuesday,1,1
Wildlife Center of Virginia,19-0033258,19-1717,common grackle,6/18/2019,38.3227609,-78.8509813,Euthanized,bird,Bird,2019,Spring,June,18,Tuesday,1,6
Wildlife Center of Virginia,21-0011734,21-0446,northern cardinal,4/6/2021,38.74342346,-78.64213562,Released,bird,Bird,2021,Spring,April,6,Tuesday,1,4
Wildlife Center of Virginia,17-0023007,17-1010,white-tailed deer,5/18/2017,38.164538,-78.825208,Euthanized,deer,Mammal,2017,Spring,May,18,Thursday,3,5
Wildlife Center of Virginia,22-0049440,22-2936,red-tailed hawk,8/25/2022,37.62519836,-77.30332184,Euthanized,bird,Bird,2022,Summer,August,25,Thursday,3,8
Wildlife Center of Virginia,23-0006166,23-0215,turkey vulture,3/10/2023,37.47863388,-78.55528259,Euthanized,bird,Bird,2023,Winter,March,10,Friday,4,3
Wildlife Center of Virginia,17-0028658,17-1249,eastern painted turtle,6/1/2017,38.070133,-78.712583,Euthanized,turtle,Reptile,2017,Spring,June,1,Thursday,3,6
Wildlife Center of Virginia,18-0146766,18-2828,broad-winged hawk,9/28/2018,38.0888535,-78.2908675,Died,bird,Bird,2018,Autumn,September,28,Friday,4,9
Wildlife Center of Virginia,19-0000852,19-0010,barred owl,1/6/2019,38.2021683,-78.4416891,Euthanized,owl,Bird,2019,Winter,January,6,Sunday,6,1
Wildlife Center of Virginia,22-0056794,22-3349,eastern box turtle,10/6/2022,38.20273209,-78.44129944,Euthanized,turtle,Reptile,2022,Autumn,October,6,Thursday,3,10
Wildlife Center of Virginia,18-0128023,DOA18-0106,virginia opossum,7/27/2018,38.1296527,-78.7141774,Died,marsupial,Mammal,2018,Summer,July,27,Friday,4,7
Wildlife Center of Virginia,23-0001428,23-0020,barred owl,1/9/2023,37.52518845,-79.86605835,Died,owl,Bird,2023,Winter,January,9,Monday,0,1
Wildlife Center of Virginia,23-0005509,23-0147,bald eagle,2/27/2023,37.41857147,-77.71302795,Euthanized,bird,Bird,2023,Winter,February,27,Monday,0,2
Wildlife Center of Virginia,16-0042470,16-1413,red fox,7/2/2016,37.8670835,-78.4585911,Euthanized,fox,Mammal,2016,Summer,July,2,Saturday,5,7
Wildlife Center of Virginia,17-0008074,17-0266,cooper's hawk,3/22/2017,38.0351295,-78.4859189,Euthanized,bird,Bird,2017,Spring,March,22,Wednesday,2,3
Wildlife Center of Virginia,17-0004562,17-0108,domestic rabbit,2/8/2017,38.075197,-78.876084,Transferred,rabbits & hares,Mammal,2017,Winter,February,8,Wednesday,2,2
Wildlife Center of Virginia,15-0017002,15-0545,eastern box turtle,5/6/2015,37.348246,-79.301156,Euthanized,turtle,Reptile,2015,Spring,May,6,Wednesday,2,5
Wildlife Center of Virginia,19-0045062,19-2286,raccoon,7/22/2019,37.9918672,-79.1368171,Euthanized,raccoon,Mammal,2019,Summer,July,22,Monday,0,7
Wildlife Center of Virginia,20-0044170,20-2003,eastern box turtle,6/22/2020,37.9813445,-78.7090549,Euthanized,turtle,Reptile,2020,Summer,June,22,Monday,0,6
Wildlife Center of Virginia,18-0117885,18-1820,northern flicker,7/3/2018,38.0226304,-78.4732271,Euthanized,bird,Bird,2018,Summer,July,3,Tuesday,1,7
Wildlife Center of Virginia,16-0046721,16-1577,common snapping turtle,7/15/2016,37.2093954,-80.0438871,Released,turtle,Reptile,2016,Summer,July,15,Friday,4,7
Wildlife Center of Virginia,20-0065436,20-3050,snapping turtle,8/30/2020,38.15533,-79.072937,Released,turtle,Reptile,2020,Summer,August,30,Sunday,6,8
Wildlife Center of Virginia,22-0023153,22-1308,snapping turtle,5/26/2022,38.4925499,-78.81939697,Euthanized,turtle,Reptile,2022,Spring,May,26,Thursday,3,5
Wildlife Center of Virginia,22-0044654,22-2655,eastern american toad,8/4/2022,37.90457153,-78.33885956,Euthanized,toad,Amphibian,2022,Summer,August,4,Thursday,3,8
Wildlife Center of Virginia,16-0023796,16-0691,virginia opossum,5/16/2016,37.6163587,-79.4798911,Released,marsupial,Mammal,2016,Spring,May,16,Monday,0,5
Wildlife Center of Virginia,16-0023799,16-0692,virginia opossum,5/16/2016,37.6163587,-79.4798911,Released,marsupial,Mammal,2016,Spring,May,16,Monday,0,5
Wildlife Center of Virginia,16-0023817,16-0693,virginia opossum,5/16/2016,37.6163587,-79.4798911,Released,marsupial,Mammal,2016,Spring,May,16,Monday,0,5
Wildlife Center of Virginia,16-0023819,16-0694,virginia opossum,5/16/2016,37.6163587,-79.4798911,Released,marsupial,Mammal,2016,Spring,May,16,Monday,0,5
Wildlife Center of Virginia,16-0023821,16-0695,virginia opossum,5/16/2016,37.6163587,-79.4798911,Released,marsupial,Mammal,2016,Spring,May,16,Monday,0,5
Wildlife Center of Virginia,23-0031775,23-2238,eastern box turtle,7/2/2023,38.13173294,-77.52128601,Euthanized,turtle,Reptile,2023,Summer,July,2,Sunday,6,7
Wildlife Center of Virginia,22-0063463,22-3614,eastern screech-owl,12/11/2022,37.00550461,-81.79684448,Released,bird,Bird,2022,Autumn,December,11,Sunday,6,12
Wildlife Center of Virginia,22-0025621,22-1457,eastern box turtle,6/1/2022,37.89125443,-79.26392365,Euthanized,turtle,Reptile,2022,Spring,June,1,Wednesday,2,6
Wildlife Center of Virginia,19-0040178,19-2066,virginia opossum,7/6/2019,37.924438,-78.8522208,Euthanized,marsupial,Mammal,2019,Summer,July,6,Saturday,5,7
Wildlife Center of Virginia,16-0043682,16-1454,eastern ratsnake,7/6/2016,38.03473,-78.893468,Euthanized,snake,Reptile,2016,Summer,July,6,Wednesday,2,7
Wildlife Center of Virginia,17-0088492,17-2371,eastern gray squirrel,9/13/2017,38.4436691,-78.8480022,Euthanized,rodent,Mammal,2017,Summer,September,13,Wednesday,2,9
Wildlife Center of Virginia,16-0014232,16-0313,eastern cottontail,4/19/2016,38.441017,-78.868006,Euthanized,rabbits & hares,Mammal,2016,Spring,April,19,Tuesday,1,4
Wildlife Center of Virginia,19-0064760,19-3015,eastern box turtle,10/1/2019,37.9306819,-78.8388173,Released,turtle,Reptile,2019,Autumn,October,1,Tuesday,1,10
Wildlife Center of Virginia,14-0047073,14-2211,eastern box turtle,9/30/2014,38.230961,-78.4767312,Died,turtle,Reptile,2014,Autumn,September,30,Tuesday,1,9
Wildlife Center of Virginia,14-0029582,14-1457,blue jay,6/28/2014,38.06141,-78.893852,Euthanized,bird,Bird,2014,Summer,June,28,Saturday,5,6
Wildlife Center of Virginia,20-0039000,20-1618,american toad,6/9/2020,37.235363,-80.188301,Died,frogs & toads,Amphibian,2020,Spring,June,9,Tuesday,1,6
Wildlife Center of Virginia,19-0010326,19-0337,northern cardinal,4/9/2019,37.6829329,-79.4399551,Euthanized,bird,Bird,2019,Spring,April,9,Tuesday,1,4
Wildlife Center of Virginia,15-0054025,15-2048,northern black racer,9/18/2015,38.7359742,-78.5375347,Released,snake,Reptile,2015,Summer,September,18,Friday,4,9
Wildlife Center of Virginia,15-0048734,15-1867,eastern box turtle,8/22/2015,38.7359742,-78.5375347,Released,turtle,Reptile,2015,Summer,August,22,Saturday,5,8
Wildlife Center of Virginia,20-0025004,20-0880,whip-poor-will,5/8/2020,37.7625749,-80.1222151,Died,bird,Bird,2020,Spring,May,8,Friday,4,5
Wildlife Center of Virginia,21-0055345,21-3002,eastern box turtle,8/21/2021,38.18363953,-78.2578125,Released,turtle,Reptile,2021,Summer,August,21,Saturday,5,8
Wildlife Center of Virginia,20-0085293,20-3685,red-shouldered hawk,12/10/2020,37.92516708,-79.20251465,Released,bird,Bird,2020,Autumn,December,10,Thursday,3,12
Wildlife Center of Virginia,22-0048277,22-2876,red-tailed hawk,8/20/2022,37.99566269,-78.72227478,Died,bird,Bird,2022,Summer,August,20,Saturday,5,8
Wildlife Center of Virginia,18-0111507,18-1571,eastern box turtle,6/20/2018,38.089998,-78.274586,Euthanized,turtle,Reptile,2018,Spring,June,20,Wednesday,2,6
Wildlife Center of Virginia,23-0014663,23-0940,bald eagle,5/5/2023,38.07096481,-77.01934052,Died,bird,Bird,2023,Spring,May,5,Friday,4,5
Wildlife Center of Virginia,17-0083900,17-2191,american crow,8/23/2017,38.336022,-78.411864,Released,bird,Bird,2017,Summer,August,23,Wednesday,2,8
Wildlife Center of Virginia,23-0033166,23-2351,virginia opossum,7/7/2023,38.53972626,-78.84147644,Transferred,marsupial,Mammal,2023,Summer,July,7,Friday,4,7
Wildlife Center of Virginia,23-0033167,23-2352,virginia opossum,7/7/2023,38.53972626,-78.84147644,Transferred,marsupial,Mammal,2023,Summer,July,7,Friday,4,7
Wildlife Center of Virginia,23-0033168,23-2353,virginia opossum,7/7/2023,38.53972626,-78.84147644,Transferred,marsupial,Mammal,2023,Summer,July,7,Friday,4,7
Wildlife Center of Virginia,23-0033169,23-2354,virginia opossum,7/7/2023,38.53972626,-78.84147644,Transferred,marsupial,Mammal,2023,Summer,July,7,Friday,4,7
Wildlife Center of Virginia,23-0033170,23-2355,virginia opossum,7/7/2023,38.53972626,-78.84147644,Transferred,marsupial,Mammal,2023,Summer,July,7,Friday,4,7
Wildlife Center of Virginia,23-0033171,23-2356,virginia opossum,7/7/2023,38.53972626,-78.84147644,Transferred,marsupial,Mammal,2023,Summer,July,7,Friday,4,7
Wildlife Center of Virginia,23-0033172,23-2357,virginia opossum,7/7/2023,38.53972626,-78.84147644,Died,marsupial,Mammal,2023,Summer,July,7,Friday,4,7
Wildlife Center of Virginia,23-0033173,23-2358,virginia opossum,7/7/2023,38.53972626,-78.84147644,Transferred,marsupial,Mammal,2023,Summer,July,7,Friday,4,7
Wildlife Center of Virginia,16-0022516,16-0651,virginia opossum,5/13/2016,37.849383,-78.573856,Euthanized,marsupial,Mammal,2016,Spring,May,13,Friday,4,5
Wildlife Center of Virginia,20-0027093,20-0989,red fox,5/14/2020,38.1812449,-78.915341,Euthanized,fox,Mammal,2020,Spring,May,14,Thursday,3,5
Wildlife Center of Virginia,23-0005079,DOA23-0007,virginia opossum,2/15/2023,38.1812439,-78.91534424,Died,marsupial,Mammal,2023,Winter,February,15,Wednesday,2,2
Wildlife Center of Virginia,15-0009245,15-0190,american robin,3/26/2015,38.0569752,-79.0137247,Released,bird,Bird,2015,Spring,March,26,Thursday,3,3
Wildlife Center of Virginia,22-0002460,22-0036,eastern gray squirrel,1/18/2022,38.02661133,-78.04802704,Euthanized,rodent,Mammal,2022,Winter,January,18,Tuesday,1,1
Wildlife Center of Virginia,15-0008059,15-0156,red-shouldered hawk,3/15/2015,38.041319,-78.732346,Died,bird,Bird,2015,Winter,March,15,Sunday,6,3
Wildlife Center of Virginia,21-0039443,21-2151,eastern box turtle,6/28/2021,38.04178619,-78.73207855,Euthanized,turtle,Reptile,2021,Summer,June,28,Monday,0,6
Wildlife Center of Virginia,18-0146247,18-2821,white-tailed deer,9/26/2018,37.3660293,-79.434328,Euthanized,deer,Mammal,2018,Autumn,September,26,Wednesday,2,9
Wildlife Center of Virginia,21-0009512,21-0309,eastern screech-owl,3/25/2021,36.62482452,-80.33338928,Released,bird,Bird,2021,Spring,March,25,Thursday,3,3
Wildlife Center of Virginia,21-0053538,21-2908,sora,8/14/2021,37.76085663,-78.87084198,Died,bird,Bird,2021,Summer,August,14,Saturday,5,8
Wildlife Center of Virginia,19-0072336,19-3143,eastern screech-owl,10/29/2019,38.5344755,-78.9221722,Died,bird,Bird,2019,Autumn,October,29,Tuesday,1,10
Wildlife Center of Virginia,23-0083359,23-3724,red-tailed hawk,10/22/2023,37.69387817,-77.72209167,Euthanized,bird,Bird,2023,Autumn,October,22,Sunday,6,10
Wildlife Center of Virginia,23-0065460,23-2595,raccoon,7/20/2023,38.00874329,-78.46369171,Euthanized,raccoon,Mammal,2023,Summer,July,20,Thursday,3,7
Wildlife Center of Virginia,23-0084989,23-3812,eastern gray squirrel,11/6/2023,37.16762924,-78.12615204,Euthanized,rodent,Mammal,2023,Autumn,November,6,Monday,0,11
Wildlife Center of Virginia,22-0037037,22-2223,red-shouldered hawk,7/7/2022,37.84144592,-78.47010803,Euthanized,bird,Bird,2022,Summer,July,7,Thursday,3,7
Wildlife Center of Virginia,20-0066065,20-3091,eastern box turtle,9/2/2020,38.0401009,-78.7385208,Euthanized,turtle,Reptile,2020,Summer,September,2,Wednesday,2,9
Wildlife Center of Virginia,16-0069924,16-2320,eastern cottontail,10/20/2016,38.2537417,-78.4416856,Euthanized,rabbits & hares,Mammal,2016,Autumn,October,20,Thursday,3,10
Wildlife Center of Virginia,15-0057276,15-2140,eastern box turtle,10/7/2015,39.0225786,-78.3124896,Euthanized,turtle,Reptile,2015,Autumn,October,7,Wednesday,2,10
Wildlife Center of Virginia,23-0002233,23-0038,red-shouldered hawk,1/14/2023,37.78891754,-78.38127899,Euthanized,bird,Bird,2023,Winter,January,14,Saturday,5,1
Wildlife Center of Virginia,17-0097267,17-2620,eastern cottontail,11/1/2017,37.8973864,-78.8940108,Euthanized,rabbits & hares,Mammal,2017,Autumn,November,1,Wednesday,2,11
Wildlife Center of Virginia,22-0007673,22-0250,eastern screech-owl,3/19/2022,38.5711441,-78.55448151,Euthanized,bird,Bird,2022,Winter,March,19,Saturday,5,3
Wildlife Center of Virginia,14-0027426,14-1335,mourning dove,6/20/2014,38.0502904,-78.7577603,Euthanized,bird,Bird,2014,Spring,June,20,Friday,4,6
Wildlife Center of Virginia,15-0059241,15-2215,red-tailed hawk,10/28/2015,37.7324989,-78.8961147,Euthanized,bird,Bird,2015,Autumn,October,28,Wednesday,2,10
Wildlife Center of Virginia,18-0007372,18-0073,eastern cottontail,2/8/2018,37.7324989,-78.8961147,Euthanized,rabbits & hares,Mammal,2018,Winter,February,8,Thursday,3,2
Wildlife Center of Virginia,19-0032341,19-1652,common box turtle,6/16/2019,37.7324989,-78.8961147,Euthanized,turtle,Reptile,2019,Spring,June,16,Sunday,6,6
Wildlife Center of Virginia,21-0008133,21-0237,virginia opossum,3/13/2021,38.00618744,-78.7338562,Euthanized,marsupial,Mammal,2021,Winter,March,13,Saturday,5,3
Wildlife Center of Virginia,19-0038900,19-1985,eastern gray squirrel,7/2/2019,37.3271697,-79.0195867,Euthanized,rodent,Mammal,2019,Summer,July,2,Tuesday,1,7
Wildlife Center of Virginia,20-0068441,20-3223,eastern box turtle,9/14/2020,38.06795,-78.4755275,Released,turtle,Reptile,2020,Summer,September,14,Monday,0,9
Wildlife Center of Virginia,23-0033064,23-2339,eastern box turtle,7/7/2023,37.53939819,-79.12969971,Released,turtle,Reptile,2023,Summer,July,7,Friday,4,7
Wildlife Center of Virginia,14-0042520,14-2042,barn owl,9/2/2014,38.092046,-78.97492,Euthanized,owl,Bird,2014,Summer,September,2,Tuesday,1,9
Wildlife Center of Virginia,19-0028520,19-1380,red-tailed hawk,6/6/2019,37.8506803,-79.4277327,Euthanized,bird,Bird,2019,Spring,June,6,Thursday,3,6
Wildlife Center of Virginia,18-0159557,18-3121,eastern screech-owl,12/12/2018,38.2277477,-78.9531823,Released,bird,Bird,2018,Autumn,December,12,Wednesday,2,12
Wildlife Center of Virginia,20-0037684,20-1563,white-tailed deer,6/6/2020,38.1066271,-78.8322569,Euthanized,deer,Mammal,2020,Spring,June,6,Saturday,5,6
Wildlife Center of Virginia,23-0085785,23-3851,barred owl,11/14/2023,36.62542725,-78.55506897,Euthanized,owl,Bird,2023,Autumn,November,14,Tuesday,1,11
Wildlife Center of Virginia,22-0029431,22-1715,eastern painted turtle,6/14/2022,38.34135818,-78.70889282,Euthanized,turtle,Reptile,2022,Spring,June,14,Tuesday,1,6
Wildlife Center of Virginia,20-0029303,20-1102,eastern screech-owl,5/19/2020,37.0979438,-81.8214334,Euthanized,bird,Bird,2020,Spring,May,19,Tuesday,1,5
Wildlife Center of Virginia,17-0085146,17-2226,white-footed mouse,8/28/2017,38.2081942,-78.3850152,Died,rodent,Mammal,2017,Summer,August,28,Monday,0,8
Wildlife Center of Virginia,21-0014265,21-0583,eastern gray squirrel,4/19/2021,37.75485229,-78.98503113,Died,rodent,Mammal,2021,Spring,April,19,Monday,0,4
Wildlife Center of Virginia,23-0035073,23-2493,eastern box turtle,7/15/2023,37.23563004,-78.54125977,Euthanized,turtle,Reptile,2023,Summer,July,15,Saturday,5,7
Wildlife Center of Virginia,19-0033609,19-1720,pileated woodpecker,6/19/2019,37.9076598,-79.1969318,Released,bird,Bird,2019,Spring,June,19,Wednesday,2,6
Wildlife Center of Virginia,18-0032699,18-1321,american robin,6/6/2018,38.844069,-78.4159258,Euthanized,bird,Bird,2018,Spring,June,6,Wednesday,2,6
Wildlife Center of Virginia,21-0007197,21-0193,tufted titmouse,3/1/2021,38.04265213,-78.62684631,Died,bird,Bird,2021,Winter,March,1,Monday,0,3
Wildlife Center of Virginia,14-0039289,14-1883,eastern box turtle,8/13/2014,37.62441,-77.344925,Released,turtle,Reptile,2014,Summer,August,13,Wednesday,2,8
Wildlife Center of Virginia,20-0042920,20-1808,american black bear,6/18/2020,38.7734642,-78.49856567,Released,bear,Mammal,2020,Spring,June,18,Thursday,3,6
Wildlife Center of Virginia,16-0055304,16-1831,eastern screech-owl,8/13/2016,38.109577,-78.938485,Released,bird,Bird,2016,Summer,August,13,Saturday,5,8
Wildlife Center of Virginia,23-0017295,23-1120,mallard,5/14/2023,37.4041748,-77.7596283,Released,bird,Bird,2023,Spring,May,14,Sunday,6,5
Wildlife Center of Virginia,22-0023849,22-1350,indigo bunting,5/28/2022,38.22993469,-78.62673187,Died,bird,Bird,2022,Spring,May,28,Saturday,5,5
Wildlife Center of Virginia,20-0060067,20-2805,mallard,8/7/2020,37.6142734,-77.4989802,Euthanized,bird,Bird,2020,Summer,August,7,Friday,4,8
Wildlife Center of Virginia,16-0020744,16-0594,eastern box turtle,5/9/2016,37.7180595,-79.105216,Euthanized,turtle,Reptile,2016,Spring,May,9,Monday,0,5
Wildlife Center of Virginia,20-0051410,20-2374,eastern gray squirrel,7/10/2020,38.0726469,-78.8919389,Euthanized,rodent,Mammal,2020,Summer,July,10,Friday,4,7
Wildlife Center of Virginia,22-0063491,22-3616,red-shouldered hawk,12/11/2022,38.09192657,-78.54410553,Euthanized,bird,Bird,2022,Autumn,December,11,Sunday,6,12
Wildlife Center of Virginia,18-0009849,18-0158,eastern screech-owl,3/13/2018,37.92756,-78.3287511,Euthanized,bird,Bird,2018,Winter,March,13,Tuesday,1,3
Wildlife Center of Virginia,17-0092113,17-2501,striped skunk,10/3/2017,37.7762362,-79.4508825,Euthanized,skunk,Mammal,2017,Autumn,October,3,Tuesday,1,10
Wildlife Center of Virginia,22-0052214,22-3130,northern black racer,9/9/2022,38.01212692,-78.74251556,Died,snake,Reptile,2022,Summer,September,9,Friday,4,9
Wildlife Center of Virginia,21-0074632,21-3668,red-shouldered hawk,11/21/2021,37.35705948,-79.66370392,Euthanized,bird,Bird,2021,Autumn,November,21,Sunday,6,11
Wildlife Center of Virginia,23-0033310,23-2375,northern mockingbird,7/8/2023,38.01261139,-77.52049255,Released,bird,Bird,2023,Summer,July,8,Saturday,5,7
Wildlife Center of Virginia,17-0036468,17-1520,eastern box turtle,6/21/2017,37.7995633,-78.7084302,Released,turtle,Reptile,2017,Summer,June,21,Wednesday,2,6
Wildlife Center of Virginia,17-0013868,17-0542,eastern gray squirrel,4/21/2017,38.3817335,-78.2015586,Died,rodent,Mammal,2017,Spring,April,21,Friday,4,4
Wildlife Center of Virginia,19-0025862,19-1218,raccoon,5/30/2019,38.055876,-78.45455,Euthanized,raccoon,Mammal,2019,Spring,May,30,Thursday,3,5
Wildlife Center of Virginia,19-0060304,DOA19-0093,woodchuck,9/14/2019,38.0807124,-78.9906187,Died,rodent,Mammal,2019,Summer,September,14,Saturday,5,9
Wildlife Center of Virginia,17-0009173,17-0323,raccoon,3/29/2017,37.8386,-78.491614,Euthanized,raccoon,Mammal,2017,Spring,March,29,Wednesday,2,3
Wildlife Center of Virginia,18-0030475,18-1207,eastern box turtle,5/31/2018,38.1559617,-78.2498187,Euthanized,turtle,Reptile,2018,Spring,May,31,Thursday,3,5
Wildlife Center of Virginia,22-0048103,22-2856,virginia opossum,8/19/2022,38.23402786,-78.59650421,Died,marsupial,Mammal,2022,Summer,August,19,Friday,4,8
Wildlife Center of Virginia,22-0048105,22-2857,virginia opossum,8/19/2022,38.23402786,-78.59650421,Died,marsupial,Mammal,2022,Summer,August,19,Friday,4,8
Wildlife Center of Virginia,22-0048106,22-2858,virginia opossum,8/19/2022,38.23402786,-78.59650421,Died,marsupial,Mammal,2022,Summer,August,19,Friday,4,8
Wildlife Center of Virginia,22-0048127,22-2859,virginia opossum,8/19/2022,38.23402786,-78.59650421,Died,marsupial,Mammal,2022,Summer,August,19,Friday,4,8
Wildlife Center of Virginia,20-0058122,20-2719,white-tailed deer,8/1/2020,38.2182889,-78.9950277,Euthanized,deer,Mammal,2020,Summer,August,1,Saturday,5,8
Wildlife Center of Virginia,17-0054840,17-2069,virginia opossum,8/9/2017,38.099672,-79.133906,Euthanized,marsupial,Mammal,2017,Summer,August,9,Wednesday,2,8
Wildlife Center of Virginia,22-0038018,22-2286,virginia opossum,7/10/2022,37.60458374,-77.30513763,Euthanized,marsupial,Mammal,2022,Summer,July,10,Sunday,6,7
Wildlife Center of Virginia,22-0038023,22-2287,virginia opossum,7/10/2022,37.60458374,-77.30513763,Transferred,marsupial,Mammal,2022,Summer,July,10,Sunday,6,7
Wildlife Center of Virginia,22-0038025,22-2288,virginia opossum,7/10/2022,37.60458374,-77.30513763,Transferred,marsupial,Mammal,2022,Summer,July,10,Sunday,6,7
Wildlife Center of Virginia,22-0038027,22-2289,virginia opossum,7/10/2022,37.60458374,-77.30513763,Transferred,marsupial,Mammal,2022,Summer,July,10,Sunday,6,7
Wildlife Center of Virginia,22-0038029,22-2290,virginia opossum,7/10/2022,37.60458374,-77.30513763,Transferred,marsupial,Mammal,2022,Summer,July,10,Sunday,6,7
Wildlife Center of Virginia,22-0038030,22-2291,virginia opossum,7/10/2022,37.60458374,-77.30513763,Transferred,marsupial,Mammal,2022,Summer,July,10,Sunday,6,7
Wildlife Center of Virginia,22-0038031,22-2292,virginia opossum,7/10/2022,37.60458374,-77.30513763,Transferred,marsupial,Mammal,2022,Summer,July,10,Sunday,6,7
Wildlife Center of Virginia,22-0038032,22-2293,virginia opossum,7/10/2022,37.60458374,-77.30513763,Transferred,marsupial,Mammal,2022,Summer,July,10,Sunday,6,7
Wildlife Center of Virginia,22-0038034,22-2294,virginia opossum,7/10/2022,37.60458374,-77.30513763,Transferred,marsupial,Mammal,2022,Summer,July,10,Sunday,6,7
Wildlife Center of Virginia,22-0038035,22-2295,virginia opossum,7/10/2022,37.60458374,-77.30513763,Transferred,marsupial,Mammal,2022,Summer,July,10,Sunday,6,7
Wildlife Center of Virginia,22-0038036,22-2296,virginia opossum,7/10/2022,37.60458374,-77.30513763,Transferred,marsupial,Mammal,2022,Summer,July,10,Sunday,6,7
Wildlife Center of Virginia,15-0014019,15-0420,woodchuck,4/24/2015,37.9397172,-79.2334513,Transferred,rodent,Mammal,2015,Spring,April,24,Friday,4,4
Wildlife Center of Virginia,23-0012602,23-0796,red-tailed hawk,4/26/2023,37.54059601,-77.42189789,Released,bird,Bird,2023,Spring,April,26,Wednesday,2,4
Wildlife Center of Virginia,20-0058752,20-2750,eastern cottontail,8/3/2020,38.117332,-79.168508,Euthanized,rabbits & hares,Mammal,2020,Summer,August,3,Monday,0,8
Wildlife Center of Virginia,23-0077975,23-3467,red-tailed hawk,9/18/2023,38.52481079,-78.94285583,Euthanized,bird,Bird,2023,Summer,September,18,Monday,0,9
Wildlife Center of Virginia,20-0065356,20-3049,northern cardinal,8/29/2020,38.0685141,-78.7137187,Euthanized,bird,Bird,2020,Summer,August,29,Saturday,5,8
Wildlife Center of Virginia,22-0013309,22-0621,virginia opossum,4/25/2022,37.97782135,-78.46749878,Transferred,marsupial,Mammal,2022,Spring,April,25,Monday,0,4
Wildlife Center of Virginia,22-0013310,22-0622,virginia opossum,4/25/2022,37.97782135,-78.46749878,Transferred,marsupial,Mammal,2022,Spring,April,25,Monday,0,4
Wildlife Center of Virginia,22-0013311,22-0623,virginia opossum,4/25/2022,37.97782135,-78.46749878,Transferred,marsupial,Mammal,2022,Spring,April,25,Monday,0,4
Wildlife Center of Virginia,22-0013312,22-0624,virginia opossum,4/25/2022,37.97782135,-78.46749878,Transferred,marsupial,Mammal,2022,Spring,April,25,Monday,0,4
Wildlife Center of Virginia,20-0002719,20-0028,eastern screech-owl,1/13/2020,38.2976872,-78.8309376,Euthanized,bird,Bird,2020,Winter,January,13,Monday,0,1
Wildlife Center of Virginia,21-0051947,21-2836,northern mockingbird,8/9/2021,38.08306503,-78.22253418,Euthanized,bird,Bird,2021,Summer,August,9,Monday,0,8
Wildlife Center of Virginia,22-0051233,22-3048,red-tailed hawk,9/4/2022,37.10471344,-78.3626709,Euthanized,bird,Bird,2022,Summer,September,4,Sunday,6,9
Wildlife Center of Virginia,20-0025406,20-0897,ring-billed gull,5/9/2020,37.1506465,-80.5824476,Died,bird,Bird,2020,Spring,May,9,Saturday,5,5
Wildlife Center of Virginia,16-0031339,16-1008,eastern box turtle,6/4/2016,38.0325017,-78.8508143,Euthanized,turtle,Reptile,2016,Spring,June,4,Saturday,5,6
Wildlife Center of Virginia,18-0122901,18-2045,eastern box turtle,7/16/2018,38.0147974,-78.5464091,Died,turtle,Reptile,2018,Summer,July,16,Monday,0,7
Wildlife Center of Virginia,23-0029349,23-2052,eastern mud turtle,6/24/2023,37.57860184,-77.07949066,Died,turtle,Reptile,2023,Summer,June,24,Saturday,5,6
Wildlife Center of Virginia,20-0060335,20-2812,red-shouldered hawk,8/8/2020,37.6296341,-77.3644005,Euthanized,bird,Bird,2020,Summer,August,8,Saturday,5,8
Wildlife Center of Virginia,15-0066233,15-2334,eastern screech-owl,12/28/2015,38.2983549,-78.4583181,Euthanized,bird,Bird,2015,Winter,December,28,Monday,0,12
Wildlife Center of Virginia,23-0010752,23-0679,eastern gray squirrel,4/17/2023,37.61494446,-77.36849213,Euthanized,rodent,Mammal,2023,Spring,April,17,Monday,0,4
Wildlife Center of Virginia,21-0055359,21-3008,snapping turtle,8/21/2021,38.08424377,-79.06259155,Released,turtle,Reptile,2021,Summer,August,21,Saturday,5,8
Wildlife Center of Virginia,23-0022727,23-1489,blue jay,5/31/2023,38.07769012,-79.05194855,Released,bird,Bird,2023,Spring,May,31,Wednesday,2,5
Wildlife Center of Virginia,23-0075595,23-3279,great horned owl,9/5/2023,37.38586807,-77.04790497,Euthanized,bird,Bird,2023,Summer,September,5,Tuesday,1,9
Wildlife Center of Virginia,17-0041322,17-1667,barn owl,7/2/2017,38.4656477,-78.9829977,Died,owl,Bird,2017,Summer,July,2,Sunday,6,7
Wildlife Center of Virginia,20-0006319,20-0063,red-shouldered hawk,1/27/2020,37.358467,-79.219615,Euthanized,bird,Bird,2020,Winter,January,27,Monday,0,1
Wildlife Center of Virginia,16-0037743,16-1255,eastern painted turtle,6/20/2016,38.3970707,-79.0739567,Euthanized,turtle,Reptile,2016,Spring,June,20,Monday,0,6
Wildlife Center of Virginia,21-0077757,21-3728,barred owl,12/8/2021,38.01759338,-77.92085266,Released,owl,Bird,2021,Autumn,December,8,Wednesday,2,12
Wildlife Center of Virginia,19-0063567,19-2986,eastern box turtle,9/27/2019,37.230164,-79.0773788,Released,turtle,Reptile,2019,Autumn,September,27,Friday,4,9
Wildlife Center of Virginia,18-0115684,18-1707,eastern gray squirrel,6/28/2018,38.162663,-78.974556,Euthanized,rodent,Mammal,2018,Summer,June,28,Thursday,3,6
Wildlife Center of Virginia,18-0116164,18-1729,virginia opossum,6/30/2018,38.0910434,-78.9431654,Euthanized,marsupial,Mammal,2018,Summer,June,30,Saturday,5,6
Wildlife Center of Virginia,16-0067984,16-2267,eastern cottontail,10/10/2016,38.122492,-79.079026,Released,rabbits & hares,Mammal,2016,Autumn,October,10,Monday,0,10
Wildlife Center of Virginia,17-0034816,17-1478,snapping turtle,6/17/2017,38.3384458,-78.8201998,Euthanized,turtle,Reptile,2017,Spring,June,17,Saturday,5,6
Wildlife Center of Virginia,18-0153822,18-3007,sora,11/4/2018,38.3782564,-78.9803234,Died,bird,Bird,2018,Autumn,November,4,Sunday,6,11
Wildlife Center of Virginia,21-0009576,21-0314,northern cardinal,3/26/2021,38.3506546,-78.94345093,Died,bird,Bird,2021,Spring,March,26,Friday,4,3
Wildlife Center of Virginia,19-0078626,19-3280,northern cardinal,12/6/2019,38.4430604,-78.916669,Euthanized,bird,Bird,2019,Autumn,December,6,Friday,4,12
Wildlife Center of Virginia,20-0053195,20-2489,eastern cottontail,7/16/2020,38.1398224,-78.8408523,Died,rabbits & hares,Mammal,2020,Summer,July,16,Thursday,3,7
Wildlife Center of Virginia,19-0081379,19-3311,eastern screech-owl,12/22/2019,38.139589,-78.879428,Released,bird,Bird,2019,Winter,December,22,Sunday,6,12
Wildlife Center of Virginia,21-0078556,21-3768,red-tailed hawk,12/17/2021,37.44460297,-79.47479248,Euthanized,bird,Bird,2021,Autumn,December,17,Friday,4,12
Wildlife Center of Virginia,21-0078095,21-3745,virginia opossum,12/12/2021,38.53978348,-78.93391418,Euthanized,marsupial,Mammal,2021,Autumn,December,12,Sunday,6,12
Wildlife Center of Virginia,18-0012534,18-0268,osprey,4/4/2018,37.25767,-76.493206,Died,bird,Bird,2018,Spring,April,4,Wednesday,2,4
Wildlife Center of Virginia,18-0004563,18-0047,eastern screech-owl,1/23/2018,38.6974527,-78.7996185,Released,bird,Bird,2018,Winter,January,23,Tuesday,1,1
Wildlife Center of Virginia,23-0086593,23-3909,eastern gray squirrel,11/30/2023,38.12197495,-79.0793457,Euthanized,rodent,Mammal,2023,Autumn,November,30,Thursday,3,11
Wildlife Center of Virginia,22-0019493,22-1095,eastern box turtle,5/16/2022,37.66486359,-78.95259857,Died,turtle,Reptile,2022,Spring,May,16,Monday,0,5
Wildlife Center of Virginia,21-0003435,21-0088,eastern screech-owl,1/25/2021,37.19179535,-80.09179688,Died,bird,Bird,2021,Winter,January,25,Monday,0,1
Wildlife Center of Virginia,17-0034781,17-1473,american crow,6/17/2017,37.7202869,-78.8002712,Released,bird,Bird,2017,Spring,June,17,Saturday,5,6
Wildlife Center of Virginia,16-0015364,16-0353,blue jay,4/22/2016,38.121065,-79.075614,Died,bird,Bird,2016,Spring,April,22,Friday,4,4
Wildlife Center of Virginia,20-0005516,20-0046,red-tailed hawk,1/23/2020,37.8586744,-78.8092092,Euthanized,bird,Bird,2020,Winter,January,23,Thursday,3,1
Wildlife Center of Virginia,16-0045963,16-1537,eastern cottontail,7/13/2016,38.2853802,-78.9286684,Euthanized,rabbits & hares,Mammal,2016,Summer,July,13,Wednesday,2,7
Wildlife Center of Virginia,19-0019850,19-0923,mallard,5/13/2019,38.4289668,-78.8629276,Euthanized,bird,Bird,2019,Spring,May,13,Monday,0,5
Wildlife Center of Virginia,22-0000074,22-0001,eastern gray squirrel,1/1/2022,37.95751953,-78.52927399,Euthanized,rodent,Mammal,2022,Winter,January,1,Saturday,5,1
Wildlife Center of Virginia,17-0089090,17-2382,eastern box turtle,9/16/2017,37.9266389,-78.3582743,Euthanized,turtle,Reptile,2017,Summer,September,16,Saturday,5,9
Wildlife Center of Virginia,20-0006082,20-0057,raccoon,1/26/2020,38.056583,-78.456342,Transferred,raccoon,Mammal,2020,Winter,January,26,Sunday,6,1
Wildlife Center of Virginia,17-0088004,17-2350,house finch,9/10/2017,37.512152,-77.17949,Died,bird,Bird,2017,Summer,September,10,Sunday,6,9
Wildlife Center of Virginia,21-0022700,21-1198,virginia opossum,5/15/2021,38.23404694,-79.12623596,Released,marsupial,Mammal,2021,Spring,May,15,Saturday,5,5
Wildlife Center of Virginia,16-0068782,16-2289,eastern box turtle,10/13/2016,37.6991101,-78.9973235,Died,turtle,Reptile,2016,Autumn,October,13,Thursday,3,10
Wildlife Center of Virginia,18-0155937,18-3055,eastern gray squirrel,11/14/2018,38.06607155,-78.87742125,Euthanized,rodent,Mammal,2018,Autumn,November,14,Wednesday,2,11
Wildlife Center of Virginia,23-0081906,23-3678,bald eagle,10/13/2023,37.41234589,-77.13056183,Euthanized,bird,Bird,2023,Autumn,October,13,Friday,4,10
Wildlife Center of Virginia,23-0017261,23-1109,yellow-bellied slider,5/14/2023,38.06118774,-78.6432724,Euthanized,turtle,Reptile,2023,Spring,May,14,Sunday,6,5
Wildlife Center of Virginia,23-0069389,23-2890,eastern box turtle,8/6/2023,37.85144424,-77.90900421,Died,turtle,Reptile,2023,Summer,August,6,Sunday,6,8
Wildlife Center of Virginia,22-0039588,22-2354,house finch,7/15/2022,38.44650269,-78.85295105,Euthanized,bird,Bird,2022,Summer,July,15,Friday,4,7
Wildlife Center of Virginia,22-0028687,DOA22-0086,eastern cottontail,6/11/2022,37.90631485,-78.32401276,Died,rabbits & hares,Mammal,2022,Spring,June,11,Saturday,5,6
Wildlife Center of Virginia,17-0008009,17-0264,eastern cottontail,3/22/2017,38.394992,-78.9556895,Euthanized,rabbits & hares,Mammal,2017,Spring,March,22,Wednesday,2,3
Wildlife Center of Virginia,18-0010877,18-0189,rock dove,3/23/2018,38.4353112,-78.8717785,Euthanized,bird,Bird,2018,Spring,March,23,Friday,4,3
Wildlife Center of Virginia,18-0035002,18-1414,european starling,6/12/2018,38.5423039,-78.796867,Euthanized,bird,Bird,2018,Spring,June,12,Tuesday,1,6
Wildlife Center of Virginia,23-0077260,23-3391,eastern painted turtle,9/14/2023,38.54255676,-78.79607391,Euthanized,turtle,Reptile,2023,Summer,September,14,Thursday,3,9
Wildlife Center of Virginia,21-0037979,21-2076,turkey vulture,6/24/2021,38.16030502,-79.07893372,Died,bird,Bird,2021,Summer,June,24,Thursday,3,6
Wildlife Center of Virginia,20-0085758,20-3692,eastern screech-owl,12/13/2020,37.41630554,-79.23387909,Released,bird,Bird,2020,Autumn,December,13,Sunday,6,12
Wildlife Center of Virginia,21-0005243,21-0121,raccoon,2/10/2021,38.00857544,-78.83638763,Euthanized,raccoon,Mammal,2021,Winter,February,10,Wednesday,2,2
Wildlife Center of Virginia,19-0015077,19-0632,eastern cottontail,4/29/2019,38.4411395,-78.8831789,Euthanized,rabbits & hares,Mammal,2019,Spring,April,29,Monday,0,4
Wildlife Center of Virginia,22-0050708,22-3023,american goldfinch,9/1/2022,38.15960312,-78.47303772,Euthanized,bird,Bird,2022,Summer,September,1,Thursday,3,9
Wildlife Center of Virginia,23-0009018,23-0501,virginia opossum,4/7/2023,37.9527626,-78.83412933,Euthanized,marsupial,Mammal,2023,Spring,April,7,Friday,4,4
Wildlife Center of Virginia,21-0042469,21-2290,eastern cottontail,7/6/2021,37.79318619,-79.46327972,Euthanized,rabbits & hares,Mammal,2021,Summer,July,6,Tuesday,1,7
Wildlife Center of Virginia,19-0023667,19-1063,raccoon,5/23/2019,38.0180944,-78.468068,Euthanized,raccoon,Mammal,2019,Spring,May,23,Thursday,3,5
Wildlife Center of Virginia,16-0073786,16-2435,ring-necked pheasant,11/14/2016,38.4675101,-79.014885,Euthanized,bird,Bird,2016,Autumn,November,14,Monday,0,11
Wildlife Center of Virginia,23-0078277,23-3482,virginia opossum,9/20/2023,37.77553558,-79.43201447,Euthanized,marsupial,Mammal,2023,Summer,September,20,Wednesday,2,9
Wildlife Center of Virginia,20-0076473,20-3452,eastern gray squirrel,10/19/2020,38.175489,-78.842684,Euthanized,rodent,Mammal,2020,Autumn,October,19,Monday,0,10
Wildlife Center of Virginia,18-0015491,18-0420,wild turkey,4/20/2018,38.4335434,-78.878366,Euthanized,bird,Bird,2018,Spring,April,20,Friday,4,4
Wildlife Center of Virginia,21-0036814,21-2042,eastern painted turtle,6/21/2021,37.90779495,-79.23041534,Euthanized,turtle,Reptile,2021,Summer,June,21,Monday,0,6
Wildlife Center of Virginia,21-0020614,21-1098,american robin,5/10/2021,38.16057968,-79.04775238,Euthanized,bird,Bird,2021,Spring,May,10,Monday,0,5
Wildlife Center of Virginia,22-0028653,22-1659,woodchuck,6/11/2022,38.05781174,-78.94482422,Euthanized,rodent,Mammal,2022,Spring,June,11,Saturday,5,6
Wildlife Center of Virginia,23-0032308,23-2261,northern mockingbird,7/4/2023,38.06554413,-78.71056366,Euthanized,bird,Bird,2023,Summer,July,4,Tuesday,1,7
Wildlife Center of Virginia,23-0065962,23-2629,wood thrush,7/22/2023,37.85796738,-78.80340576,Euthanized,thrush,Bird,2023,Summer,July,22,Saturday,5,7
Wildlife Center of Virginia,17-0084900,17-2216,eastern box turtle,8/27/2017,37.746617,-78.883473,Euthanized,turtle,Reptile,2017,Summer,August,27,Sunday,6,8
Wildlife Center of Virginia,14-0002859,14-0091,eastern screech-owl,2/9/2014,37.150896,-80.542641,Euthanized,bird,Bird,2014,Winter,February,9,Sunday,6,2
Wildlife Center of Virginia,23-0030020,23-2108,eastern box turtle,6/27/2023,37.81351471,-78.50080872,Euthanized,turtle,Reptile,2023,Summer,June,27,Tuesday,1,6
Wildlife Center of Virginia,22-0031007,22-1845,mourning dove,6/19/2022,37.54895401,-77.45157623,Euthanized,bird,Bird,2022,Spring,June,19,Sunday,6,6
Wildlife Center of Virginia,23-0001445,23-0022,bald eagle,1/9/2023,37.43955612,-77.28723145,Euthanized,bird,Bird,2023,Winter,January,9,Monday,0,1
Wildlife Center of Virginia,16-0043817,16-1461,eastern box turtle,7/6/2016,37.8307929,-78.7408881,Died,turtle,Reptile,2016,Summer,July,6,Wednesday,2,7
Wildlife Center of Virginia,22-0003796,22-0056,eastern cottontail,1/25/2022,37.60194016,-79.50346375,Euthanized,rabbits & hares,Mammal,2022,Winter,January,25,Tuesday,1,1
Wildlife Center of Virginia,20-0007509,20-0070,eastern cottontail,1/31/2020,38.2648598,-78.6201257,Euthanized,rabbits & hares,Mammal,2020,Winter,January,31,Friday,4,1
Wildlife Center of Virginia,23-0076395,23-3339,eastern box turtle,9/9/2023,37.80067062,-78.71616364,Euthanized,turtle,Reptile,2023,Summer,September,9,Saturday,5,9
Wildlife Center of Virginia,18-0161064,18-3152,eastern american toad,12/26/2018,38.05702814,-78.70031307,Released,toad,Amphibian,2018,Winter,December,26,Wednesday,2,12
Wildlife Center of Virginia,20-0058203,20-2722,cooper's hawk,8/1/2020,37.6286299,-77.3855554,Died,bird,Bird,2020,Summer,August,1,Saturday,5,8
Wildlife Center of Virginia,18-0009437,18-0140,striped skunk,3/8/2018,37.9739069,-78.8377368,Euthanized,skunk,Mammal,2018,Winter,March,8,Thursday,3,3
Wildlife Center of Virginia,14-0031669,14-1575,eastern box turtle,7/8/2014,38.2886215,-77.9104535,Released,turtle,Reptile,2014,Summer,July,8,Tuesday,1,7
Wildlife Center of Virginia,20-0065786,20-3072,eastern box turtle,9/1/2020,38.0603954,-78.4560784,Euthanized,turtle,Reptile,2020,Summer,September,1,Tuesday,1,9
Wildlife Center of Virginia,21-0037623,21-2072,eastern box turtle,6/23/2021,38.08148956,-79.0876236,Euthanized,turtle,Reptile,2021,Summer,June,23,Wednesday,2,6
Wildlife Center of Virginia,20-0056973,20-2684,eastern painted turtle,7/28/2020,38.03184584,-78.7758223,Euthanized,turtle,Reptile,2020,Summer,July,28,Tuesday,1,7
Wildlife Center of Virginia,17-0046751,17-1839,virginia opossum,7/17/2017,38.1492435,-79.0803495,Euthanized,marsupial,Mammal,2017,Summer,July,17,Monday,0,7
Wildlife Center of Virginia,17-0089133,17-2386,mourning dove,9/16/2017,38.2949468,-78.8162787,Euthanized,bird,Bird,2017,Summer,September,16,Saturday,5,9
Wildlife Center of Virginia,21-0028176,21-1489,eastern gray squirrel,5/28/2021,38.44710159,-78.84584808,Euthanized,rodent,Mammal,2021,Spring,May,28,Friday,4,5
Wildlife Center of Virginia,23-0022707,23-1486,virginia opossum,5/31/2023,38.47068024,-79.01839447,Released,marsupial,Mammal,2023,Spring,May,31,Wednesday,2,5
Wildlife Center of Virginia,23-0022708,23-1487,virginia opossum,5/31/2023,38.47068024,-79.01839447,Released,marsupial,Mammal,2023,Spring,May,31,Wednesday,2,5
Wildlife Center of Virginia,23-0004688,23-0098,eastern screech-owl,2/6/2023,38.21295929,-79.20785522,Euthanized,bird,Bird,2023,Winter,February,6,Monday,0,2
Wildlife Center of Virginia,23-0008876,23-0487,virginia opossum,4/6/2023,38.47062683,-79.019104,Euthanized,marsupial,Mammal,2023,Spring,April,6,Thursday,3,4
Wildlife Center of Virginia,23-0008877,23-0488,virginia opossum,4/6/2023,38.47062683,-79.019104,Euthanized,marsupial,Mammal,2023,Spring,April,6,Thursday,3,4
Wildlife Center of Virginia,21-0029458,21-1593,domestic duck,6/1/2021,38.38625717,-78.93898773,Euthanized,bird,Bird,2021,Spring,June,1,Tuesday,1,6
Wildlife Center of Virginia,15-0064340,15-2301,raccoon,12/12/2015,38.063257,-78.913682,Euthanized,raccoon,Mammal,2015,Autumn,December,12,Saturday,5,12
Wildlife Center of Virginia,22-0024127,22-1371,european starling,5/29/2022,37.95801544,-78.83286285,Euthanized,bird,Bird,2022,Spring,May,29,Sunday,6,5
Wildlife Center of Virginia,16-0005545,16-0063,eastern screech-owl,2/17/2016,38.192725,-78.870626,Released,bird,Bird,2016,Winter,February,17,Wednesday,2,2
Wildlife Center of Virginia,21-0066322,21-3463,barred owl,10/10/2021,37.44045258,-77.11938477,Euthanized,owl,Bird,2021,Autumn,October,10,Sunday,6,10
Wildlife Center of Virginia,21-0065504,21-3436,eastern cottontail,10/4/2021,37.80285263,-78.55451202,Euthanized,rabbits & hares,Mammal,2021,Autumn,October,4,Monday,0,10
Wildlife Center of Virginia,14-0022863,14-1073,eastern box turtle,6/5/2014,38.0178889,-77.866435,Euthanized,turtle,Reptile,2014,Spring,June,5,Thursday,3,6
Wildlife Center of Virginia,23-0076356,23-3332,eastern screech-owl,9/9/2023,38.3822937,-79.10621643,Euthanized,bird,Bird,2023,Summer,September,9,Saturday,5,9
Wildlife Center of Virginia,20-0068739,20-3238,northern cardinal,9/16/2020,38.343683,-79.087898,Euthanized,bird,Bird,2020,Summer,September,16,Wednesday,2,9
Wildlife Center of Virginia,20-0040390,DOA20-0061,virginia opossum,6/13/2020,37.8681109,-79.304488,Died,marsupial,Mammal,2020,Spring,June,13,Saturday,5,6
Wildlife Center of Virginia,20-0069792,20-3288,great blue heron,9/20/2020,38.33649,-79.121692,Euthanized,bird,Bird,2020,Summer,September,20,Sunday,6,9
Wildlife Center of Virginia,19-0033200,19-1705,eastern painted turtle,6/18/2019,37.2346415,-77.5239404,Euthanized,turtle,Reptile,2019,Spring,June,18,Tuesday,1,6
Wildlife Center of Virginia,22-0064095,22-3630,eastern gray squirrel,12/16/2022,38.28707886,-78.10018158,Euthanized,rodent,Mammal,2022,Autumn,December,16,Friday,4,12
Wildlife Center of Virginia,22-0063403,22-3608,red-tailed hawk,12/9/2022,38.32185364,-78.72475433,Euthanized,bird,Bird,2022,Autumn,December,9,Friday,4,12
Wildlife Center of Virginia,19-0064089,19-3000,eastern box turtle,9/29/2019,38.031421,-77.554016,Euthanized,turtle,Reptile,2019,Autumn,September,29,Sunday,6,9
Wildlife Center of Virginia,22-0023846,22-1356,eastern screech-owl,5/28/2022,38.1521759,-78.46961975,Died,bird,Bird,2022,Spring,May,28,Saturday,5,5
Wildlife Center of Virginia,17-0089134,17-2388,barred owl,9/16/2017,37.3274987,-77.5428297,Euthanized,owl,Bird,2017,Summer,September,16,Saturday,5,9
Wildlife Center of Virginia,19-0041281,19-2108,eastern cottontail,7/10/2019,38.44191517,-78.91757125,Euthanized,rabbits & hares,Mammal,2019,Summer,July,10,Wednesday,2,7
Wildlife Center of Virginia,21-0009582,21-0316,red-bellied woodpecker,3/26/2021,38.32159424,-79.12950897,Released,bird,Bird,2021,Spring,March,26,Friday,4,3
Wildlife Center of Virginia,22-0041379,22-2444,eastern cottontail,7/21/2022,38.27863693,-78.92098236,Euthanized,rabbits & hares,Mammal,2022,Summer,July,21,Thursday,3,7
Wildlife Center of Virginia,22-0031311,22-1861,red fox,6/20/2022,38.24476242,-79.09095001,Euthanized,fox,Mammal,2022,Spring,June,20,Monday,0,6
Wildlife Center of Virginia,15-0012200,15-0333,common snapping turtle,4/15/2015,38.4895724,-79.012085,Euthanized,turtle,Reptile,2015,Spring,April,15,Wednesday,2,4
Wildlife Center of Virginia,18-0144318,18-2771,eastern box turtle,9/18/2018,37.3981449,-77.6238021,Transferred,turtle,Reptile,2018,Summer,September,18,Tuesday,1,9
Wildlife Center of Virginia,19-0019631,19-0914,eastern box turtle,5/12/2019,37.78494,-78.629772,Euthanized,turtle,Reptile,2019,Spring,May,12,Sunday,6,5
Wildlife Center of Virginia,15-0028547,15-1051,mourning dove,6/8/2015,37.667239,-79.0735861,Euthanized,bird,Bird,2015,Spring,June,8,Monday,0,6
Wildlife Center of Virginia,19-0053896,19-2632,eastern box turtle,8/20/2019,38.21192,-78.4017152,Euthanized,turtle,Reptile,2019,Summer,August,20,Tuesday,1,8
Wildlife Center of Virginia,16-0019118,16-0517,eastern box turtle,5/3/2016,37.852124,-79.3728617,Euthanized,turtle,Reptile,2016,Spring,May,3,Tuesday,1,5
Wildlife Center of Virginia,20-0060045,20-2796,white-tailed deer,8/7/2020,37.7993947,-79.419288,Euthanized,deer,Mammal,2020,Summer,August,7,Friday,4,8
Wildlife Center of Virginia,17-0101341,17-2685,bald eagle,11/22/2017,38.201828,-77.421435,Euthanized,bird,Bird,2017,Autumn,November,22,Wednesday,2,11
Wildlife Center of Virginia,17-0002727,17-0060,raccoon,1/19/2017,38.259473,-79.156565,Euthanized,raccoon,Mammal,2017,Winter,January,19,Thursday,3,1
Wildlife Center of Virginia,20-0041381,20-1746,house finch,6/15/2020,38.2123409,-78.4014708,Died,bird,Bird,2020,Spring,June,15,Monday,0,6
Wildlife Center of Virginia,23-0007245,23-0353,turkey vulture,3/24/2023,37.77341461,-78.44794464,Euthanized,bird,Bird,2023,Spring,March,24,Friday,4,3
Wildlife Center of Virginia,17-0006010,17-0198,barred owl,2/28/2017,38.047994,-78.09484,Euthanized,owl,Bird,2017,Winter,February,28,Tuesday,1,2
Wildlife Center of Virginia,23-0081082,23-3637,eastern box turtle,10/7/2023,38.46438599,-77.48778534,Transferred,turtle,Reptile,2023,Autumn,October,7,Saturday,5,10
Wildlife Center of Virginia,16-0038975,16-1312,rock dove,6/23/2016,38.1243572,-79.0633602,Died,bird,Bird,2016,Summer,June,23,Thursday,3,6
Wildlife Center of Virginia,23-0072815,23-3126,virginia opossum,8/22/2023,37.75462341,-79.35358429,Released,marsupial,Mammal,2023,Summer,August,22,Tuesday,1,8
Wildlife Center of Virginia,21-0064587,21-3400,eastern box turtle,9/30/2021,37.85333252,-78.53424835,Euthanized,turtle,Reptile,2021,Autumn,September,30,Thursday,3,9
Wildlife Center of Virginia,20-0012167,DOA20-0012,virginia opossum,3/22/2020,38.0399469,-78.486649,Died,marsupial,Mammal,2020,Spring,March,22,Sunday,6,3
Wildlife Center of Virginia,20-0012168,DOA20-0013,virginia opossum,3/22/2020,38.0399469,-78.486649,Died,marsupial,Mammal,2020,Spring,March,22,Sunday,6,3
Wildlife Center of Virginia,20-0012169,DOA20-0014,virginia opossum,3/22/2020,38.0399469,-78.486649,Died,marsupial,Mammal,2020,Spring,March,22,Sunday,6,3
Wildlife Center of Virginia,20-0012170,DOA20-0015,virginia opossum,3/22/2020,38.0399469,-78.486649,Died,marsupial,Mammal,2020,Spring,March,22,Sunday,6,3
Wildlife Center of Virginia,20-0012171,DOA20-0016,virginia opossum,3/22/2020,38.0399469,-78.486649,Died,marsupial,Mammal,2020,Spring,March,22,Sunday,6,3
Wildlife Center of Virginia,20-0012172,DOA20-0017,virginia opossum,3/22/2020,38.0399469,-78.486649,Died,marsupial,Mammal,2020,Spring,March,22,Sunday,6,3
Wildlife Center of Virginia,20-0012173,DOA20-0018,virginia opossum,3/22/2020,38.0399469,-78.486649,Died,marsupial,Mammal,2020,Spring,March,22,Sunday,6,3
Wildlife Center of Virginia,20-0012175,DOA20-0019,virginia opossum,3/22/2020,38.0399469,-78.486649,Died,marsupial,Mammal,2020,Spring,March,22,Sunday,6,3
Wildlife Center of Virginia,20-0012177,DOA20-0020,virginia opossum,3/22/2020,38.0399469,-78.486649,Died,marsupial,Mammal,2020,Spring,March,22,Sunday,6,3
Wildlife Center of Virginia,20-0012179,DOA20-0021,virginia opossum,3/22/2020,38.0399469,-78.486649,Died,marsupial,Mammal,2020,Spring,March,22,Sunday,6,3
Wildlife Center of Virginia,17-0097533,17-2627,european starling,11/3/2017,38.0706,-78.8932,Euthanized,bird,Bird,2017,Autumn,November,3,Friday,4,11
Wildlife Center of Virginia,18-0149749,18-2925,yellow-bellied sapsucker,10/14/2018,38.0378404,-78.4762822,Euthanized,bird,Bird,2018,Autumn,October,14,Sunday,6,10
Wildlife Center of Virginia,21-0035343,21-1968,virginia opossum,6/17/2021,38.41253662,-79.06806946,Euthanized,marsupial,Mammal,2021,Spring,June,17,Thursday,3,6
Wildlife Center of Virginia,21-0035345,21-1969,virginia opossum,6/17/2021,38.41253662,-79.06806946,Euthanized,marsupial,Mammal,2021,Spring,June,17,Thursday,3,6
Wildlife Center of Virginia,21-0035346,21-1970,virginia opossum,6/17/2021,38.41253662,-79.06806946,Euthanized,marsupial,Mammal,2021,Spring,June,17,Thursday,3,6
Wildlife Center of Virginia,21-0035347,21-1971,virginia opossum,6/17/2021,38.41253662,-79.06806946,Euthanized,marsupial,Mammal,2021,Spring,June,17,Thursday,3,6
Wildlife Center of Virginia,20-0078128,20-3505,common raven,10/28/2020,38.0031419,-78.989391,Euthanized,bird,Bird,2020,Autumn,October,28,Wednesday,2,10
Wildlife Center of Virginia,23-0072268,23-3092,american robin,8/20/2023,38.06496048,-78.70838165,Euthanized,bird,Bird,2023,Summer,August,20,Sunday,6,8
Wildlife Center of Virginia,23-0014542,23-0932,virginia opossum,5/5/2023,38.08228302,-78.88021851,Released,marsupial,Mammal,2023,Spring,May,5,Friday,4,5
Wildlife Center of Virginia,23-0014544,23-0933,virginia opossum,5/5/2023,38.08228302,-78.88021851,Died,marsupial,Mammal,2023,Spring,May,5,Friday,4,5
Wildlife Center of Virginia,23-0014545,23-0934,virginia opossum,5/5/2023,38.08228302,-78.88021851,Died,marsupial,Mammal,2023,Spring,May,5,Friday,4,5
Wildlife Center of Virginia,23-0014546,23-0935,virginia opossum,5/5/2023,38.08228302,-78.88021851,Released,marsupial,Mammal,2023,Spring,May,5,Friday,4,5
Wildlife Center of Virginia,23-0007092,DOA23-0026,virginia opossum,3/24/2023,37.85619354,-79.49479675,Died,marsupial,Mammal,2023,Spring,March,24,Friday,4,3
Wildlife Center of Virginia,16-0072956,16-2411,eastern screech-owl,11/9/2016,38.2771378,-78.8114013,Died,bird,Bird,2016,Autumn,November,9,Wednesday,2,11
Wildlife Center of Virginia,18-0156695,18-3067,barred owl,11/20/2018,37.7006882,-77.4125519,Euthanized,owl,Bird,2018,Autumn,November,20,Tuesday,1,11
Wildlife Center of Virginia,23-0070817,23-2996,wild turkey,8/13/2023,37.78253937,-78.67894745,Euthanized,bird,Bird,2023,Summer,August,13,Sunday,6,8
Wildlife Center of Virginia,20-0068756,20-3243,mourning dove,9/16/2020,37.81262248,-78.24262103,Euthanized,bird,Bird,2020,Summer,September,16,Wednesday,2,9
Wildlife Center of Virginia,20-0023511,20-0796,northern cardinal,5/4/2020,38.050203,-79.022872,Died,bird,Bird,2020,Spring,May,4,Monday,0,5
Wildlife Center of Virginia,20-0051396,20-2366,eastern box turtle,7/10/2020,38.050203,-79.022872,Released,turtle,Reptile,2020,Summer,July,10,Friday,4,7
Wildlife Center of Virginia,22-0021355,22-1219,virginia opossum,5/21/2022,38.42348099,-79.59609222,Released,marsupial,Mammal,2022,Spring,May,21,Saturday,5,5
Wildlife Center of Virginia,22-0021360,22-1221,virginia opossum,5/21/2022,38.42348099,-79.59609222,Released,marsupial,Mammal,2022,Spring,May,21,Saturday,5,5
Wildlife Center of Virginia,22-0021361,22-1222,virginia opossum,5/21/2022,38.42348099,-79.59609222,Released,marsupial,Mammal,2022,Spring,May,21,Saturday,5,5
Wildlife Center of Virginia,22-0021362,22-1223,virginia opossum,5/21/2022,38.42348099,-79.59609222,Released,marsupial,Mammal,2022,Spring,May,21,Saturday,5,5
Wildlife Center of Virginia,22-0021363,22-1224,virginia opossum,5/21/2022,38.42348099,-79.59609222,Released,marsupial,Mammal,2022,Spring,May,21,Saturday,5,5
Wildlife Center of Virginia,22-0021364,22-1225,virginia opossum,5/21/2022,38.42348099,-79.59609222,Released,marsupial,Mammal,2022,Spring,May,21,Saturday,5,5
Wildlife Center of Virginia,22-0021365,22-1220,virginia opossum,5/21/2022,38.42348099,-79.59609222,Released,marsupial,Mammal,2022,Spring,May,21,Saturday,5,5
Wildlife Center of Virginia,18-0020319,18-0705,eastern painted turtle,5/7/2018,38.381357,-78.816465,Euthanized,turtle,Reptile,2018,Spring,May,7,Monday,0,5
Wildlife Center of Virginia,21-0057997,21-3123,great blue heron,8/31/2021,38.38386917,-78.8161087,Euthanized,bird,Bird,2021,Summer,August,31,Tuesday,1,8
Wildlife Center of Virginia,17-0036449,17-1519,american crow,6/21/2017,37.5671773,-79.023353,Died,bird,Bird,2017,Summer,June,21,Wednesday,2,6
Wildlife Center of Virginia,20-0075795,20-3430,eastern screech-owl,10/15/2020,37.895432,-79.356465,Released,bird,Bird,2020,Autumn,October,15,Thursday,3,10
Wildlife Center of Virginia,17-0092148,17-2506,eastern gray squirrel,10/3/2017,38.037018,-78.491926,Euthanized,rodent,Mammal,2017,Autumn,October,3,Tuesday,1,10
Wildlife Center of Virginia,21-0051672,21-2817,eastern box turtle,8/8/2021,37.78134537,-78.66532898,Euthanized,turtle,Reptile,2021,Summer,August,8,Sunday,6,8
Wildlife Center of Virginia,18-0125335,18-2141,woodchuck,7/22/2018,38.26370339,-78.89767608,Euthanized,rodent,Mammal,2018,Summer,July,22,Sunday,6,7
Wildlife Center of Virginia,18-0005617,18-0055,red-shouldered hawk,1/27/2018,37.6497946,-77.4593155,Euthanized,bird,Bird,2018,Winter,January,27,Saturday,5,1
Wildlife Center of Virginia,20-0039296,20-1628,eastern screech-owl,6/10/2020,38.5271822,-78.731876,Euthanized,bird,Bird,2020,Spring,June,10,Wednesday,2,6
Wildlife Center of Virginia,23-0075195,23-3263,eastern box turtle,9/3/2023,37.66349792,-77.55157471,Transferred,turtle,Reptile,2023,Summer,September,3,Sunday,6,9
Wildlife Center of Virginia,18-0127975,18-2229,virginia opossum,7/27/2018,38.2402261,-78.9193203,Euthanized,marsupial,Mammal,2018,Summer,July,27,Friday,4,7
Wildlife Center of Virginia,14-0057586,14-2397,bald eagle,12/18/2014,37.4499544,-79.0045756,Euthanized,bird,Bird,2014,Autumn,December,18,Thursday,3,12
Wildlife Center of Virginia,22-0048807,22-2905,red-shouldered hawk,8/22/2022,37.37627411,-77.66817474,Euthanized,bird,Bird,2022,Summer,August,22,Monday,0,8
Wildlife Center of Virginia,21-0040362,21-2195,red-tailed hawk,6/30/2021,38.39886856,-78.0721817,Euthanized,bird,Bird,2021,Summer,June,30,Wednesday,2,6
Wildlife Center of Virginia,21-0012169,21-0467,snapping turtle,4/9/2021,38.1056366,-78.91044617,Euthanized,turtle,Reptile,2021,Spring,April,9,Friday,4,4
Wildlife Center of Virginia,21-0064773,21-3409,snapping turtle,10/1/2021,38.1056366,-78.91044617,Euthanized,turtle,Reptile,2021,Autumn,October,1,Friday,4,10
Wildlife Center of Virginia,22-0038825,22-2327,eastern kingbird,7/13/2022,38.28759384,-79.11408997,Euthanized,bird,Bird,2022,Summer,July,13,Wednesday,2,7
Wildlife Center of Virginia,20-0020273,20-0606,eastern cottontail,4/22/2020,38.143924,-79.1266068,Euthanized,rabbits & hares,Mammal,2020,Spring,April,22,Wednesday,2,4
Wildlife Center of Virginia,17-0082448,17-2142,white-tailed deer,8/18/2017,38.083328,-79.0588849,Euthanized,deer,Mammal,2017,Summer,August,18,Friday,4,8
Wildlife Center of Virginia,21-0012738,DOA21-0029,eastern bluebird,4/12/2021,37.64390182,-77.49401855,Died,bird,Bird,2021,Spring,April,12,Monday,0,4
Wildlife Center of Virginia,18-0130539,18-2300,red fox,8/2/2018,38.0203667,-77.9252652,Euthanized,fox,Mammal,2018,Summer,August,2,Thursday,3,8
Wildlife Center of Virginia,18-0130422,18-2297,eastern river cooter,8/2/2018,37.5016287,-77.5719881,Released,turtle,Reptile,2018,Summer,August,2,Thursday,3,8
Wildlife Center of Virginia,22-0033401,22-2034,red-shouldered hawk,6/26/2022,38.27083588,-78.04483032,Died,bird,Bird,2022,Summer,June,26,Sunday,6,6
Wildlife Center of Virginia,22-0016745,22-0923,red-tailed hawk,5/7/2022,37.58347702,-77.60218811,Euthanized,bird,Bird,2022,Spring,May,7,Saturday,5,5
Wildlife Center of Virginia,23-0086295,23-3875,great blue heron,11/22/2023,37.28091812,-76.42446899,Euthanized,bird,Bird,2023,Autumn,November,22,Wednesday,2,11
Wildlife Center of Virginia,18-0008348,18-0095,barred owl,2/22/2018,38.117418,-77.5653839,Died,owl,Bird,2018,Winter,February,22,Thursday,3,2
Wildlife Center of Virginia,20-0069323,20-3261,snapping turtle,9/18/2020,37.665106,-77.461479,Died,turtle,Reptile,2020,Summer,September,18,Friday,4,9
Wildlife Center of Virginia,18-0161118,18-3155,red-bellied woodpecker,12/27/2018,38.09811304,-78.46770636,Released,bird,Bird,2018,Winter,December,27,Thursday,3,12
Wildlife Center of Virginia,15-0006770,15-0134,eastern screech-owl,3/2/2015,38.6743714,-78.857071,Euthanized,bird,Bird,2015,Winter,March,2,Monday,0,3
Wildlife Center of Virginia,17-0003061,17-0071,eastern screech-owl,1/21/2017,37.2202849,-78.911834,Euthanized,bird,Bird,2017,Winter,January,21,Saturday,5,1
Wildlife Center of Virginia,16-0017729,16-0459,eastern painted turtle,4/29/2016,38.12015914,-78.96665734,Euthanized,turtle,Reptile,2016,Spring,April,29,Friday,4,4
Wildlife Center of Virginia,22-0061790,22-3553,pileated woodpecker,11/19/2022,38.13364029,-78.95591736,Released,bird,Bird,2022,Autumn,November,19,Saturday,5,11
Wildlife Center of Virginia,21-0015759,21-0668,snapping turtle,4/25/2021,37.37111282,-79.01790619,Died,turtle,Reptile,2021,Spring,April,25,Sunday,6,4
Wildlife Center of Virginia,17-0003972,17-0087,barred owl,1/30/2017,38.265703,-77.671162,Euthanized,owl,Bird,2017,Winter,January,30,Monday,0,1
Wildlife Center of Virginia,20-0083388,20-3624,eastern gray squirrel,11/27/2020,38.4496714,-78.8491191,Euthanized,rodent,Mammal,2020,Autumn,November,27,Friday,4,11
Wildlife Center of Virginia,19-0042988,19-2168,pileated woodpecker,7/15/2019,37.6090303,-78.9858893,Euthanized,bird,Bird,2019,Summer,July,15,Monday,0,7
