OrganizationName,Case Number,PatientID,CommonSpeciesName,GeneralSpeciesName,DVertebrate,DateAdmitted,DDateAdmittedYear,Season,DDateAdmittedMonth,DDateAdmittedDOM,DDateAdmittedDOW,Disposition,UpdatedDisposition,DayOfWeekNumber,MonthNumber,x,y
WRMD,WRMD2016-1,,virginia opossum,marsupial,Mammal,01/01/2016,2016,Winter,January,1,Friday,Died,died in 24hr,4,1,-77.741824,38.960822
WRMD,WRMD2016-3,,black vulture,bird,Bird,01/06/2016,2016,Winter,January,6,Wednesday,Died,died in 24hr,2,1,-77.738882,39.325379
WRMD,WRMD2016-9,,barred owl,owl,Bird,01/14/2016,2016,Winter,January,14,Thursday,Died,euthanized in 24hr,3,1,-77.523534,39.219637
WRMD,WRMD2016-11,,barred owl,owl,Bird,01/15/2016,2016,Winter,January,15,Friday,Released,released,4,1,-78.115627,39.400742
WRMD,WRMD2016-17,,american robin,bird,Bird,01/19/2016,2016,Winter,January,19,Tuesday,Released,released,1,1,-77.605404,39.041987
WRMD,WRMD2016-33,,eastern bluebird,bird,Bird,02/03/2016,2016,Winter,February,3,Wednesday,Released,released,2,2,-77.519471,39.049416
WRMD,WRMD2016-38,,cooper's hawk,bird,Bird,02/06/2016,2016,Winter,February,6,Saturday,Died,euthanized in 24hr,5,2,-78.1448,39.181479
WRMD,WRMD2016-39,,great blue heron,bird,Bird,02/06/2016,2016,Winter,February,6,Saturday,Died,euthanized +24hr,5,2,-77.577312,38.270378
WRMD,WRMD2016-41,,red-tailed hawk,bird,Bird,02/10/2016,2016,Winter,February,10,Wednesday,Transferred,transferred,2,2,-78.095567,39.273452
WRMD,WRMD2016-44,,red-shouldered hawk,bird,Bird,02/13/2016,2016,Winter,February,13,Saturday,Released,released,5,2,-77.833481,38.690077
WRMD,WRMD2016-47,,northern cardinal,bird,Bird,02/14/2016,2016,Winter,February,14,Sunday,Died,died +24hr,6,2,-77.576807,39.206553
WRMD,WRMD2016-51,,red-shouldered hawk,bird,Bird,02/18/2016,2016,Winter,February,18,Thursday,Released,released,3,2,-78.16856,39.169668
WRMD,WRMD2016-54,,eastern cottontail,rabbits & hares,Mammal,02/22/2016,2016,Winter,February,22,Monday,Died,euthanized in 24hr,0,2,-77.991926,39.135711
WRMD,WRMD2016-56,,red-shouldered hawk,bird,Bird,02/24/2016,2016,Winter,February,24,Wednesday,Died,died in 24hr,2,2,-77.835161,39.111266
WRMD,WRMD2016-67,,turkey vulture,bird,Bird,03/05/2016,2016,Winter,March,5,Saturday,Released,released,5,3,-78.338584,39.204706
WRMD,WRMD2016-74,,eastern gray squirrel,rodent,Mammal,03/10/2016,2016,Winter,March,10,Thursday,Died,died in 24hr,3,3,-78.109977,39.180985
WRMD,WRMD2016-77,,eastern cottontail,rabbits & hares,Mammal,03/11/2016,2016,Winter,March,11,Friday,Died,dead on arrival,4,3,-78.122433,39.168533
WRMD,WRMD2016-107,,black vulture,bird,Bird,03/27/2016,2016,Spring,March,27,Sunday,Died,euthanized +24hr,6,3,-77.662492,39.134272
WRMD,WRMD2016-127,,eastern gray squirrel,rodent,Mammal,04/01/2016,2016,Spring,April,1,Friday,Died,died in 24hr,4,4,-78.305175,38.960049
WRMD,WRMD2016-150,,northern raccoon,raccoon,Mammal,04/06/2016,2016,Spring,April,6,Wednesday,Died,died in 24hr,2,4,-78.340405,38.847926
WRMD,WRMD2016-159,,eastern gray squirrel,rodent,Mammal,04/08/2016,2016,Spring,April,8,Friday,Died,euthanized in 24hr,4,4,-77.884726,38.962661
WRMD,WRMD2016-175,,groundhog,rodent,Mammal,04/12/2016,2016,Spring,April,12,Tuesday,Died,euthanized +24hr,1,4,-78.19413,38.921149
WRMD,WRMD2016-187,,red-headed woodpecker,bird,Bird,04/15/2016,2016,Spring,April,15,Friday,Released,released,4,4,-78.004605,38.026758
WRMD,WRMD2016-206,,northern cardinal,bird,Bird,04/18/2016,2016,Spring,April,18,Monday,Died,euthanized in 24hr,0,4,-78.348577,38.987906
WRMD,WRMD2016-209,,virginia opossum,marsupial,Mammal,04/18/2016,2016,Spring,April,18,Monday,Died,euthanized in 24hr,0,4,-77.621209,39.28749
WRMD,WRMD2016-210,,virginia opossum,marsupial,Mammal,04/18/2016,2016,Spring,April,18,Monday,Died,euthanized in 24hr,0,4,-77.621209,39.28749
WRMD,WRMD2016-211,,virginia opossum,marsupial,Mammal,04/18/2016,2016,Spring,April,18,Monday,Died,euthanized in 24hr,0,4,-77.621209,39.28749
WRMD,WRMD2016-212,,virginia opossum,marsupial,Mammal,04/18/2016,2016,Spring,April,18,Monday,Died,euthanized in 24hr,0,4,-77.621209,39.28749
WRMD,WRMD2016-213,,virginia opossum,marsupial,Mammal,04/18/2016,2016,Spring,April,18,Monday,Died,euthanized in 24hr,0,4,-77.621209,39.28749
WRMD,WRMD2016-214,,virginia opossum,marsupial,Mammal,04/18/2016,2016,Spring,April,18,Monday,Died,euthanized in 24hr,0,4,-77.645224,39.085309
WRMD,WRMD2016-215,,virginia opossum,marsupial,Mammal,04/18/2016,2016,Spring,April,18,Monday,Died,euthanized in 24hr,0,4,-77.645224,39.085309
WRMD,WRMD2016-216,,virginia opossum,marsupial,Mammal,04/18/2016,2016,Spring,April,18,Monday,Died,euthanized in 24hr,0,4,-77.645224,39.085309
WRMD,WRMD2016-217,,virginia opossum,marsupial,Mammal,04/18/2016,2016,Spring,April,18,Monday,Died,euthanized in 24hr,0,4,-77.645224,39.085309
WRMD,WRMD2016-218,,virginia opossum,marsupial,Mammal,04/18/2016,2016,Spring,April,18,Monday,Died,euthanized in 24hr,0,4,-77.645224,39.085309
WRMD,WRMD2016-219,,virginia opossum,marsupial,Mammal,04/18/2016,2016,Spring,April,18,Monday,Died,euthanized in 24hr,0,4,-77.645224,39.085309
WRMD,WRMD2016-220,,virginia opossum,marsupial,Mammal,04/18/2016,2016,Spring,April,18,Monday,Died,euthanized in 24hr,0,4,-77.645224,39.085309
WRMD,WRMD2016-221,,virginia opossum,marsupial,Mammal,04/18/2016,2016,Spring,April,18,Monday,Died,euthanized in 24hr,0,4,-77.645224,39.085309
WRMD,WRMD2016-222,,virginia opossum,marsupial,Mammal,04/18/2016,2016,Spring,April,18,Monday,Died,euthanized in 24hr,0,4,-77.645224,39.085309
WRMD,WRMD2016-223,,virginia opossum,marsupial,Mammal,04/18/2016,2016,Spring,April,18,Monday,Died,euthanized in 24hr,0,4,-77.645224,39.085309
WRMD,WRMD2016-224,,virginia opossum,marsupial,Mammal,04/18/2016,2016,Spring,April,18,Monday,Died,euthanized in 24hr,0,4,-77.645224,39.085309
WRMD,WRMD2016-232,,virginia opossum,marsupial,Mammal,04/19/2016,2016,Spring,April,19,Tuesday,Died,euthanized in 24hr,1,4,-77.686801,39.248489
WRMD,WRMD2016-233,,virginia opossum,marsupial,Mammal,04/19/2016,2016,Spring,April,19,Tuesday,Died,euthanized in 24hr,1,4,-77.686801,39.248489
WRMD,WRMD2016-283,,house finch,bird,Bird,04/23/2016,2016,Spring,April,23,Saturday,Died,euthanized in 24hr,5,4,-78.274149,39.395781
WRMD,WRMD2016-304,,pileated woodpecker,bird,Bird,04/26/2016,2016,Spring,April,26,Tuesday,Died,died +24hr,1,4,-78.045981,39.255758
WRMD,WRMD2016-306,,northern cardinal,bird,Bird,04/26/2016,2016,Spring,April,26,Tuesday,Died,euthanized in 24hr,1,4,-77.755664,39.005272
WRMD,WRMD2016-317,,virginia opossum,marsupial,Mammal,04/27/2016,2016,Spring,April,27,Wednesday,Died,euthanized in 24hr,2,4,-78.194445,38.918167
WRMD,WRMD2016-318,,virginia opossum,marsupial,Mammal,04/27/2016,2016,Spring,April,27,Wednesday,Died,euthanized in 24hr,2,4,-78.194445,38.918167
WRMD,WRMD2016-319,,virginia opossum,marsupial,Mammal,04/27/2016,2016,Spring,April,27,Wednesday,Died,euthanized in 24hr,2,4,-78.194445,38.918167
WRMD,WRMD2016-320,,virginia opossum,marsupial,Mammal,04/27/2016,2016,Spring,April,27,Wednesday,Died,euthanized in 24hr,2,4,-78.194445,38.918167
WRMD,WRMD2016-321,,virginia opossum,marsupial,Mammal,04/27/2016,2016,Spring,April,27,Wednesday,Died,euthanized in 24hr,2,4,-78.194445,38.918167
WRMD,WRMD2016-322,,virginia opossum,marsupial,Mammal,04/27/2016,2016,Spring,April,27,Wednesday,Died,euthanized in 24hr,2,4,-78.194445,38.918167
WRMD,WRMD2016-323,,virginia opossum,marsupial,Mammal,04/27/2016,2016,Spring,April,27,Wednesday,Died,euthanized in 24hr,2,4,-78.194445,38.918167
WRMD,WRMD2016-324,,virginia opossum,marsupial,Mammal,04/27/2016,2016,Spring,April,27,Wednesday,Died,euthanized in 24hr,2,4,-78.174537,38.928308
WRMD,WRMD2016-325,,virginia opossum,marsupial,Mammal,04/27/2016,2016,Spring,April,27,Wednesday,Died,euthanized in 24hr,2,4,-78.174537,38.928308
WRMD,WRMD2016-326,,virginia opossum,marsupial,Mammal,04/27/2016,2016,Spring,April,27,Wednesday,Died,euthanized in 24hr,2,4,-78.174537,38.928308
WRMD,WRMD2016-333,,woodland box turtle,turtle,Reptile,05/02/2016,2016,Spring,May,2,Monday,Released,released,0,5,-78.243252,39.229778
WRMD,WRMD2016-335,,eastern painted turtle,turtle,Reptile,05/02/2016,2016,Spring,May,2,Monday,Died,euthanized in 24hr,0,5,-77.74095,38.96194
WRMD,WRMD2016-344,,snapping turtle,turtle,Reptile,05/03/2016,2016,Spring,May,3,Tuesday,Released,released,1,5,-77.248924,38.931049
WRMD,WRMD2016-351,,northern cardinal,bird,Bird,05/04/2016,2016,Spring,May,4,Wednesday,Released,released,2,5,-77.804161,39.4301
WRMD,WRMD2016-367,,song sparrow,bird,Bird,05/06/2016,2016,Spring,May,6,Friday,Died,died in 24hr,4,5,-78.348358,38.996208
WRMD,WRMD2016-371,,eastern painted turtle,turtle,Reptile,05/08/2016,2016,Spring,May,8,Sunday,Died,euthanized +24hr,6,5,-78.091907,39.163152
WRMD,WRMD2016-394,,woodland box turtle,turtle,Reptile,05/11/2016,2016,Spring,May,11,Wednesday,Died,euthanized in 24hr,2,5,-78.969472,39.06233
WRMD,WRMD2016-407,,groundhog,rodent,Mammal,05/12/2016,2016,Spring,May,12,Thursday,Transferred,transferred,3,5,-78.211981,38.948354
WRMD,WRMD2016-409,,groundhog,rodent,Mammal,05/13/2016,2016,Spring,May,13,Friday,Transferred,transferred,4,5,-78.211981,38.948354
WRMD,WRMD2016-414,,american crow,bird,Bird,05/14/2016,2016,Spring,May,14,Saturday,Died,died in 24hr,5,5,-77.742471,38.729563
WRMD,WRMD2016-424,,osprey,bird,Bird,05/15/2016,2016,Spring,May,15,Sunday,Died,euthanized in 24hr,6,5,-78.302147,39.170095
WRMD,WRMD2016-433,,american robin,bird,Bird,05/17/2016,2016,Spring,May,17,Tuesday,Died,died in 24hr,1,5,-78.170322,39.085243
WRMD,WRMD2016-440,,pileated woodpecker,bird,Bird,05/17/2016,2016,Spring,May,17,Tuesday,Died,died +24hr,1,5,-78.034358,39.016887
WRMD,WRMD2016-441,,common grackle,bird,Bird,05/18/2016,2016,Spring,May,18,Wednesday,Died,died +24hr,2,5,-78.194445,38.918167
WRMD,WRMD2016-457,,eastern cottontail,rabbits & hares,Mammal,05/19/2016,2016,Spring,May,19,Thursday,Died,died in 24hr,3,5,-77.993923,39.159956
WRMD,WRMD2016-459,,eastern screech owl,owl,Bird,05/20/2016,2016,Spring,May,20,Friday,Released,released,4,5,-78.017496,39.034706
WRMD,WRMD2016-478,,woodland box turtle,turtle,Reptile,05/20/2016,2016,Spring,May,20,Friday,Died,euthanized in 24hr,4,5,-77.702545,39.242135
WRMD,WRMD2016-483,,northern cardinal,bird,Bird,05/21/2016,2016,Spring,May,21,Saturday,Died,died +24hr,5,5,-77.716416,39.095745
WRMD,WRMD2016-492,,red-tailed hawk,bird,Bird,05/22/2016,2016,Spring,May,22,Sunday,Died,euthanized in 24hr,6,5,-78.399536,39.190404
WRMD,WRMD2016-493,,groundhog,rodent,Mammal,05/22/2016,2016,Spring,May,22,Sunday,Died,died in 24hr,6,5,-78.474722,38.918494
WRMD,WRMD2016-498,,eastern gray squirrel,rodent,Mammal,05/23/2016,2016,Spring,May,23,Monday,Died,dead on arrival,0,5,-78.106763,39.164808
WRMD,WRMD2016-501,,woodland box turtle,turtle,Reptile,05/23/2016,2016,Spring,May,23,Monday,Died,euthanized in 24hr,0,5,-78.060132,39.048614
WRMD,WRMD2016-506,,common grackle,bird,Bird,05/24/2016,2016,Spring,May,24,Tuesday,Died,died in 24hr,1,5,-78.218057,39.08344
WRMD,WRMD2016-508,,eastern gray squirrel,rodent,Mammal,05/24/2016,2016,Spring,May,24,Tuesday,Died,died in 24hr,1,5,-77.17326,38.942062
WRMD,WRMD2016-513,,woodland box turtle,turtle,Reptile,05/24/2016,2016,Spring,May,24,Tuesday,Died,euthanized in 24hr,1,5,-78.14713,38.993891
WRMD,WRMD2016-515,,eastern painted turtle,turtle,Reptile,05/24/2016,2016,Spring,May,24,Tuesday,Released,released,1,5,-78.971848,38.381789
WRMD,WRMD2016-524,,black rat snake,snake,Reptile,05/26/2016,2016,Spring,May,26,Thursday,Released,released,3,5,-78.014214,39.082627
WRMD,WRMD2016-526,,red-bellied woodpecker,bird,Bird,05/26/2016,2016,Spring,May,26,Thursday,Died,euthanized in 24hr,3,5,-78.166064,39.291316
WRMD,WRMD2016-531,,mallard,bird,Bird,05/26/2016,2016,Spring,May,26,Thursday,Died,died in 24hr,3,5,-77.609583,39.069853
WRMD,WRMD2016-550,,eastern painted turtle,turtle,Reptile,05/27/2016,2016,Spring,May,27,Friday,Died,euthanized in 24hr,4,5,-77.915398,38.937857
WRMD,WRMD2016-567,,woodland box turtle,turtle,Reptile,05/28/2016,2016,Spring,May,28,Saturday,Died,died in 24hr,5,5,-78.367751,38.990339
WRMD,WRMD2016-570,,woodland box turtle,turtle,Reptile,05/29/2016,2016,Spring,May,29,Sunday,Died,died in 24hr,6,5,-78.101271,39.162182
WRMD,WRMD2016-578,,virginia opossum,marsupial,Mammal,05/29/2016,2016,Spring,May,29,Sunday,Died,euthanized in 24hr,6,5,-77.956999,39.346222
WRMD,WRMD2016-579,,virginia opossum,marsupial,Mammal,05/29/2016,2016,Spring,May,29,Sunday,Died,euthanized in 24hr,6,5,-77.956999,39.346222
WRMD,WRMD2016-580,,virginia opossum,marsupial,Mammal,05/29/2016,2016,Spring,May,29,Sunday,Died,euthanized in 24hr,6,5,-77.956999,39.346222
WRMD,WRMD2016-581,,virginia opossum,marsupial,Mammal,05/29/2016,2016,Spring,May,29,Sunday,Died,euthanized in 24hr,6,5,-77.956999,39.346222
WRMD,WRMD2016-582,,virginia opossum,marsupial,Mammal,05/29/2016,2016,Spring,May,29,Sunday,Died,euthanized in 24hr,6,5,-77.956999,39.346222
WRMD,WRMD2016-583,,virginia opossum,marsupial,Mammal,05/29/2016,2016,Spring,May,29,Sunday,Died,euthanized in 24hr,6,5,-77.956999,39.346222
WRMD,WRMD2016-584,,virginia opossum,marsupial,Mammal,05/29/2016,2016,Spring,May,29,Sunday,Died,euthanized in 24hr,6,5,-77.956999,39.346222
WRMD,WRMD2016-585,,virginia opossum,marsupial,Mammal,05/29/2016,2016,Spring,May,29,Sunday,Died,euthanized in 24hr,6,5,-77.956999,39.346239
WRMD,WRMD2016-608,,common grackle,bird,Bird,06/02/2016,2016,Spring,June,2,Thursday,Died,euthanized in 24hr,3,6,-78.180766,39.200381
WRMD,WRMD2016-616,,woodland box turtle,turtle,Reptile,05/31/2016,2016,Spring,May,31,Tuesday,Died,euthanized +24hr,1,5,-77.717059,39.102801
WRMD,WRMD2016-617,,chimney swift,bird,Bird,05/31/2016,2016,Spring,May,31,Tuesday,Died,euthanized in 24hr,1,5,-78.167212,39.19128
WRMD,WRMD2016-642,,canada goose,bird,Bird,06/02/2016,2016,Spring,June,2,Thursday,Died,died +24hr,3,6,-78.399536,39.190404
WRMD,WRMD2016-654,,snapping turtle,turtle,Reptile,06/02/2016,2016,Spring,June,2,Thursday,Released,released,3,6,-77.702545,39.242135
WRMD,WRMD2016-658,,woodland box turtle,turtle,Reptile,06/03/2016,2016,Spring,June,3,Friday,Died,died in 24hr,4,6,-77.73555,38.968721
WRMD,WRMD2016-668,,virginia opossum,marsupial,Mammal,06/03/2016,2016,Spring,June,3,Friday,Died,euthanized in 24hr,4,6,-78.292106,38.961977
WRMD,WRMD2016-670,,woodland box turtle,turtle,Reptile,06/03/2016,2016,Spring,June,3,Friday,Released,released,4,6,-77.643237,38.927957
WRMD,WRMD2016-677,,eastern gray squirrel,rodent,Mammal,06/04/2016,2016,Spring,June,4,Saturday,Died,euthanized in 24hr,5,6,-78.218057,39.08344
WRMD,WRMD2016-679,,eastern bluebird,bird,Bird,06/04/2016,2016,Spring,June,4,Saturday,Died,euthanized +24hr,5,6,-78.035213,39.122537
WRMD,WRMD2016-683,,wood turtle,turtle,Reptile,06/04/2016,2016,Spring,June,4,Saturday,Released,released,5,6,-78.656894,37.431573
WRMD,WRMD2016-692,,red-tailed hawk,bird,Bird,06/05/2016,2016,Spring,June,5,Sunday,Died,died +24hr,6,6,-78.642238,38.745948
WRMD,WRMD2016-694,,groundhog,rodent,Mammal,07/27/2016,2016,Summer,July,27,Wednesday,Died,euthanized +24hr,2,7,-78.668194,37.522251
WRMD,WRMD2016-706,,canada goose,bird,Bird,06/07/2016,2016,Spring,June,7,Tuesday,Died,euthanized in 24hr,1,6,-78.258085,38.956998
WRMD,WRMD2016-707,,canada goose,bird,Bird,06/07/2016,2016,Spring,June,7,Tuesday,Released,released,1,6,-78.258085,38.956998
WRMD,WRMD2016-747,,woodland box turtle,turtle,Reptile,06/09/2016,2016,Spring,June,9,Thursday,Died,euthanized in 24hr,3,6,-78.142121,39.335376
WRMD,WRMD2016-749,,eastern painted turtle,turtle,Reptile,06/09/2016,2016,Spring,June,9,Thursday,Died,died +24hr,3,6,-78.083695,39.129272
WRMD,WRMD2016-768,,northern cardinal,bird,Bird,06/11/2016,2016,Spring,June,11,Saturday,Released,released,5,6,-78.084539,39.209338
WRMD,WRMD2016-793,,american robin,bird,Bird,06/13/2016,2016,Spring,June,13,Monday,Released,released,0,6,-78.150668,39.161925
WRMD,WRMD2016-811,,northern raccoon,raccoon,Mammal,06/15/2016,2016,Spring,June,15,Wednesday,Released,released,2,6,-78.099763,39.271865
WRMD,WRMD2016-878,,wood turtle,turtle,Reptile,06/21/2016,2016,Summer,June,21,Tuesday,Died,euthanized in 24hr,1,6,-78.668194,37.522251
WRMD,WRMD2016-879,,striped skunk,skunk,Mammal,06/21/2016,2016,Summer,June,21,Tuesday,Released,released,1,6,-78.668194,37.522251
WRMD,WRMD2016-880,,striped skunk,skunk,Mammal,08/03/2016,2016,Summer,August,3,Wednesday,Released,released,2,8,-78.668194,37.522251
WRMD,WRMD2016-915,,woodland box turtle,turtle,Reptile,06/24/2016,2016,Summer,June,24,Friday,Released,released,4,6,-77.524044,39.004459
WRMD,WRMD2016-918,,barn swallow,bird,Bird,06/25/2016,2016,Summer,June,25,Saturday,Died,died in 24hr,5,6,-78.25521,39.357872
WRMD,WRMD2016-919,,eastern cottontail,rabbits & hares,Mammal,06/25/2016,2016,Summer,June,25,Saturday,Died,died in 24hr,5,6,-78.178863,39.09624
WRMD,WRMD2016-932,,woodland box turtle,turtle,Reptile,06/26/2016,2016,Summer,June,26,Sunday,Died,died in 24hr,6,6,-78.194445,38.918167
WRMD,WRMD2016-953,,eastern painted turtle,turtle,Reptile,06/28/2016,2016,Summer,June,28,Tuesday,Died,died +24hr,1,6,-78.399536,39.190404
WRMD,WRMD2016-955,,grey fox,fox,Mammal,06/28/2016,2016,Summer,June,28,Tuesday,Died,dead on arrival,1,6,-78.459452,38.665397
WRMD,WRMD2016-958,,northern raccoon,raccoon,Mammal,06/28/2016,2016,Summer,June,28,Tuesday,Released,released,1,6,-78.668194,37.522251
WRMD,WRMD2016-959,,northern raccoon,raccoon,Mammal,06/28/2016,2016,Summer,June,28,Tuesday,Released,released,1,6,-78.668194,37.522251
WRMD,WRMD2016-987,,eastern screech owl,owl,Bird,06/30/2016,2016,Summer,June,30,Thursday,Died,euthanized +24hr,3,6,-78.668194,37.522251
WRMD,WRMD2016-995,,gray catbird,bird,Bird,07/01/2016,2016,Summer,July,1,Friday,Died,died +24hr,4,7,-78.668194,37.522251
WRMD,WRMD2016-1006,,mallard,bird,Bird,07/03/2016,2016,Summer,July,3,Sunday,Released,released,6,7,-78.172269,39.186609
WRMD,WRMD2016-1009,,brown-headed cowbird,bird,Bird,07/03/2016,2016,Summer,July,3,Sunday,Died,died in 24hr,6,7,-78.16856,39.169668
WRMD,WRMD2016-1015,,virginia opossum,marsupial,Mammal,07/04/2016,2016,Summer,July,4,Monday,Died,dead on arrival,0,7,-78.196413,38.919947
WRMD,WRMD2016-1016,,virginia opossum,marsupial,Mammal,07/04/2016,2016,Summer,July,4,Monday,Died,euthanized in 24hr,0,7,-78.196152,38.920241
WRMD,WRMD2016-1017,,virginia opossum,marsupial,Mammal,07/04/2016,2016,Summer,July,4,Monday,Died,euthanized in 24hr,0,7,-78.196152,38.920241
WRMD,WRMD2016-1018,,virginia opossum,marsupial,Mammal,07/04/2016,2016,Summer,July,4,Monday,Died,euthanized in 24hr,0,7,-78.196152,38.920241
WRMD,WRMD2016-1019,,virginia opossum,marsupial,Mammal,07/04/2016,2016,Summer,July,4,Monday,Died,euthanized in 24hr,0,7,-78.196152,38.920241
WRMD,WRMD2016-1020,,virginia opossum,marsupial,Mammal,07/04/2016,2016,Summer,July,4,Monday,Died,euthanized in 24hr,0,7,-78.196152,38.920241
WRMD,WRMD2016-1021,,virginia opossum,marsupial,Mammal,07/04/2016,2016,Summer,July,4,Monday,Died,euthanized in 24hr,0,7,-78.196152,38.920241
WRMD,WRMD2016-1022,,virginia opossum,marsupial,Mammal,07/04/2016,2016,Summer,July,4,Monday,Died,euthanized in 24hr,0,7,-78.196152,38.920241
WRMD,WRMD2016-1023,,virginia opossum,marsupial,Mammal,07/04/2016,2016,Summer,July,4,Monday,Died,euthanized in 24hr,0,7,-78.196413,38.919947
WRMD,WRMD2016-1024,,virginia opossum,marsupial,Mammal,07/04/2016,2016,Summer,July,4,Monday,Died,euthanized in 24hr,0,7,-78.196413,38.919947
WRMD,WRMD2016-1029,,woodland box turtle,turtle,Reptile,07/05/2016,2016,Summer,July,5,Tuesday,Died,died in 24hr,1,7,-78.16856,39.169668
WRMD,WRMD2016-1031,,eastern painted turtle,turtle,Reptile,07/05/2016,2016,Summer,July,5,Tuesday,Died,euthanized in 24hr,1,7,-78.178597,39.105584
WRMD,WRMD2016-1042,,carolina wren,bird,Bird,07/06/2016,2016,Summer,July,6,Wednesday,Died,died in 24hr,2,7,-78.1951,39.218464
WRMD,WRMD2016-1043,,carolina wren,bird,Bird,07/06/2016,2016,Summer,July,6,Wednesday,Died,died in 24hr,2,7,-78.1951,39.218464
WRMD,WRMD2016-1044,,carolina wren,bird,Bird,07/06/2016,2016,Summer,July,6,Wednesday,Died,died in 24hr,2,7,-78.1951,39.218464
WRMD,WRMD2016-1045,,carolina wren,bird,Bird,07/06/2016,2016,Summer,July,6,Wednesday,Died,died in 24hr,2,7,-78.1951,39.218464
WRMD,WRMD2016-1046,,carolina wren,bird,Bird,07/06/2016,2016,Summer,July,6,Wednesday,Died,died in 24hr,2,7,-78.1951,39.218464
WRMD,WRMD2016-1074,,red-headed woodpecker,bird,Bird,07/09/2016,2016,Summer,July,9,Saturday,Died,euthanized in 24hr,5,7,-78.207789,38.962032
WRMD,WRMD2016-1076,,northern raccoon,raccoon,Mammal,07/10/2016,2016,Summer,July,10,Sunday,Died,euthanized in 24hr,6,7,-78.187977,39.078417
WRMD,WRMD2016-1113,,mourning dove,bird,Bird,07/14/2016,2016,Summer,July,14,Thursday,Died,euthanized +24hr,3,7,-78.668194,37.522251
WRMD,WRMD2016-1119,,indigo bunting,bird,Bird,07/15/2016,2016,Summer,July,15,Friday,Died,dead on arrival,4,7,-78.183097,39.173249
WRMD,WRMD2016-1138,,woodland box turtle,turtle,Reptile,07/17/2016,2016,Summer,July,17,Sunday,Released,released,6,7,-78.668194,37.522251
WRMD,WRMD2016-1141,,woodland box turtle,turtle,Reptile,07/17/2016,2016,Summer,July,17,Sunday,Died,euthanized in 24hr,6,7,-78.113299,39.183686
WRMD,WRMD2016-1144,,great blue heron,bird,Bird,07/17/2016,2016,Summer,July,17,Sunday,Died,euthanized in 24hr,6,7,-77.637628,38.857585
WRMD,WRMD2016-1145,,fish crow,bird,Bird,07/17/2016,2016,Summer,July,17,Sunday,Died,died in 24hr,6,7,-77.982219,39.151771
WRMD,WRMD2016-1158,,house sparrow,bird,Bird,07/20/2016,2016,Summer,July,20,Wednesday,Died,euthanized in 24hr,2,7,-77.995,39.55343
WRMD,WRMD2016-1160,,northern cardinal,bird,Bird,07/20/2016,2016,Summer,July,20,Wednesday,Died,died +24hr,2,7,-78.278815,38.893735
WRMD,WRMD2016-1161,,woodland box turtle,turtle,Reptile,08/03/2016,2016,Summer,August,3,Wednesday,Released,released,2,8,-78.668194,37.522251
WRMD,WRMD2016-1169,,red-tailed hawk,bird,Bird,07/21/2016,2016,Summer,July,21,Thursday,Died,euthanized in 24hr,3,7,-78.668194,37.522251
WRMD,WRMD2016-1170,,eastern cottontail,rabbits & hares,Mammal,07/22/2016,2016,Summer,July,22,Friday,Released,released,4,7,-78.162551,39.180484
WRMD,WRMD2016-1202,,woodland box turtle,turtle,Reptile,07/27/2016,2016,Summer,July,27,Wednesday,Released,released,2,7,-78.668194,37.522251
WRMD,WRMD2016-1205,,woodland box turtle,turtle,Reptile,07/28/2016,2016,Summer,July,28,Thursday,Released,released,3,7,-78.668194,37.522251
WRMD,WRMD2016-1214,,woodland box turtle,turtle,Reptile,07/28/2016,2016,Summer,July,28,Thursday,Released,released,3,7,-78.668194,37.522251
WRMD,WRMD2016-1230,,snapping turtle,turtle,Reptile,07/29/2016,2016,Summer,July,29,Friday,Released,released,4,7,-78.668194,37.522251
WRMD,WRMD2016-1256,,downy woodpecker,bird,Bird,08/02/2016,2016,Summer,August,2,Tuesday,Died,euthanized in 24hr,1,8,-78.668194,37.522251
WRMD,WRMD2016-1263,,virginia opossum,marsupial,Mammal,08/03/2016,2016,Summer,August,3,Wednesday,Transferred,transferred,2,8,-78.668194,37.522251
WRMD,WRMD2016-1264,,virginia opossum,marsupial,Mammal,08/03/2016,2016,Summer,August,3,Wednesday,Transferred,transferred,2,8,-78.668194,37.522251
WRMD,WRMD2016-1265,,virginia opossum,marsupial,Mammal,08/03/2016,2016,Summer,August,3,Wednesday,Transferred,transferred,2,8,-78.668194,37.522251
WRMD,WRMD2016-1266,,virginia opossum,marsupial,Mammal,08/03/2016,2016,Summer,August,3,Wednesday,Transferred,transferred,2,8,-78.668194,37.522251
WRMD,WRMD2016-1267,,virginia opossum,marsupial,Mammal,08/03/2016,2016,Summer,August,3,Wednesday,Transferred,transferred,2,8,-78.668194,37.522251
WRMD,WRMD2016-1268,,virginia opossum,marsupial,Mammal,08/03/2016,2016,Summer,August,3,Wednesday,Transferred,transferred,2,8,-78.668194,37.522251
WRMD,WRMD2016-1300,,virginia opossum,marsupial,Mammal,08/06/2016,2016,Summer,August,6,Saturday,Transferred,transferred,5,8,-78.011718,38.882918
WRMD,WRMD2016-1301,,virginia opossum,marsupial,Mammal,08/06/2016,2016,Summer,August,6,Saturday,Transferred,transferred,5,8,-78.011718,38.882918
WRMD,WRMD2016-1302,,virginia opossum,marsupial,Mammal,08/06/2016,2016,Summer,August,6,Saturday,Transferred,transferred,5,8,-78.011718,38.882918
WRMD,WRMD2016-1321,,virginia opossum,marsupial,Mammal,08/09/2016,2016,Summer,August,9,Tuesday,Died,euthanized +24hr,1,8,-78.668194,37.522251
WRMD,WRMD2016-1322,,virginia opossum,marsupial,Mammal,08/09/2016,2016,Summer,August,9,Tuesday,Died,euthanized in 24hr,1,8,-78.668194,37.522251
WRMD,WRMD2016-1323,,virginia opossum,marsupial,Mammal,08/09/2016,2016,Summer,August,9,Tuesday,Died,euthanized in 24hr,1,8,-78.668194,37.522251
WRMD,WRMD2016-1353,,virginia opossum,marsupial,Mammal,08/12/2016,2016,Summer,August,12,Friday,Died,died +24hr,4,8,-78.427092,38.948189
WRMD,WRMD2016-1354,,virginia opossum,marsupial,Mammal,08/12/2016,2016,Summer,August,12,Friday,Died,died +24hr,4,8,-78.427092,38.948189
WRMD,WRMD2016-1355,,virginia opossum,marsupial,Mammal,08/12/2016,2016,Summer,August,12,Friday,Died,euthanized +24hr,4,8,-78.427092,38.948189
WRMD,WRMD2016-1385,,cedar waxwing,bird,Bird,08/21/2016,2016,Summer,August,21,Sunday,Released,released,6,8,-78.668194,37.522251
WRMD,WRMD2016-1398,,barred owl,owl,Bird,08/26/2016,2016,Summer,August,26,Friday,Died,euthanized in 24hr,4,8,-77.555365,38.732605
WRMD,WRMD2016-1406,,carolina wren,bird,Bird,08/30/2016,2016,Summer,August,30,Tuesday,Died,died in 24hr,1,8,-78.635176,38.841594
WRMD,WRMD2016-1407,,hoary bat,bat,Mammal,08/30/2016,2016,Summer,August,30,Tuesday,Died,died +24hr,1,8,-78.257494,39.282134
WRMD,WRMD2016-1411,,red fox,fox,Mammal,08/31/2016,2016,Summer,August,31,Wednesday,Died,euthanized in 24hr,2,8,-77.39289,39.013835
WRMD,WRMD2016-1428,,eastern cottontail,rabbits & hares,Mammal,09/04/2016,2016,Summer,September,4,Sunday,Died,euthanized in 24hr,6,9,-78.183642,39.097289
WRMD,WRMD2016-1447,,woodland box turtle,turtle,Reptile,09/07/2016,2016,Summer,September,7,Wednesday,Died,euthanized in 24hr,2,9,-77.738882,39.325379
WRMD,WRMD2016-1448,,woodland box turtle,turtle,Reptile,09/07/2016,2016,Summer,September,7,Wednesday,Died,died in 24hr,2,9,-78.099992,39.161606
WRMD,WRMD2016-1476,,eastern gray squirrel,rodent,Mammal,09/16/2016,2016,Summer,September,16,Friday,Died,euthanized in 24hr,4,9,-77.647055,39.230347
WRMD,WRMD2016-1478,,virginia opossum,marsupial,Mammal,09/17/2016,2016,Summer,September,17,Saturday,Died,dead on arrival,5,9,-78.142275,38.854378
WRMD,WRMD2016-1479,,snapping turtle,turtle,Reptile,09/18/2016,2016,Summer,September,18,Sunday,Released,released,6,9,-78.668194,37.522251
WRMD,WRMD2016-1483,,red-tailed hawk,bird,Bird,09/20/2016,2016,Summer,September,20,Tuesday,Died,euthanized in 24hr,1,9,-78.307169,39.329457
WRMD,WRMD2016-1488,,unidentified mouse,rodent,Mammal,09/20/2016,2016,Summer,September,20,Tuesday,Released,released,1,9,-77.64119,38.979836
WRMD,WRMD2016-1501,,great horned owl,bird,Bird,09/28/2016,2016,Autumn,September,28,Wednesday,Released,released,2,9,-77.595746,39.273087
WRMD,WRMD2016-1509,,woodland box turtle,turtle,Reptile,12/23/2016,2016,Winter,December,23,Friday,Released,released,4,12,-78.668194,37.522251
WRMD,WRMD2016-1514,,woodland box turtle,turtle,Reptile,10/02/2016,2016,Autumn,October,2,Sunday,Released,released,6,10,-78.668194,37.522251
WRMD,WRMD2016-1519,,woodland box turtle,turtle,Reptile,10/07/2016,2016,Autumn,October,7,Friday,Died,euthanized in 24hr,4,10,-78.668194,37.522251
WRMD,WRMD2016-1521,,virginia opossum,marsupial,Mammal,10/07/2016,2016,Autumn,October,7,Friday,Died,died in 24hr,4,10,-78.668194,37.522251
WRMD,WRMD2016-1528,,woodland box turtle,turtle,Reptile,10/10/2016,2016,Autumn,October,10,Monday,Died,euthanized in 24hr,0,10,-78.668194,37.522251
WRMD,WRMD2016-1529,,barred owl,owl,Bird,10/12/2016,2016,Autumn,October,12,Wednesday,Released,released,2,10,-78.668194,37.522251
WRMD,WRMD2016-1531,,red-tailed hawk,bird,Bird,10/12/2016,2016,Autumn,October,12,Wednesday,Died,euthanized +24hr,2,10,-78.668194,37.522251
WRMD,WRMD2016-1532,,yellow-billed cuckoo,bird,Bird,10/13/2016,2016,Autumn,October,13,Thursday,Died,euthanized in 24hr,3,10,-78.668194,37.522251
WRMD,WRMD2016-1538,,woodland box turtle,turtle,Reptile,10/15/2016,2016,Autumn,October,15,Saturday,Died,died in 24hr,5,10,-78.668194,37.522251
WRMD,WRMD2016-1547,,timber rattlesnake,snake,Reptile,10/19/2016,2016,Autumn,October,19,Wednesday,Died,died +24hr,2,10,-78.668194,37.522251
WRMD,WRMD2016-1548,,eastern screech owl,owl,Bird,10/20/2016,2016,Autumn,October,20,Thursday,Released,released,3,10,-78.668194,37.522251
WRMD,WRMD2016-1553,,gray fox,fox,Mammal,10/23/2016,2016,Autumn,October,23,Sunday,Released,released,6,10,-78.668194,37.522251
WRMD,WRMD2016-1554,,barred owl,owl,Bird,10/23/2016,2016,Autumn,October,23,Sunday,Died,euthanized +24hr,6,10,-78.668194,37.522251
WRMD,WRMD2016-1558,,woodland box turtle,turtle,Reptile,10/24/2016,2016,Autumn,October,24,Monday,Died,died in 24hr,0,10,-78.668194,37.522251
WRMD,WRMD2016-1562,,woodland box turtle,turtle,Reptile,10/27/2016,2016,Autumn,October,27,Thursday,Died,died in 24hr,3,10,-78.668194,37.522251
WRMD,WRMD2016-1573,,eastern screech owl,owl,Bird,11/04/2016,2016,Autumn,November,4,Friday,Released,released,4,11,-78.668194,37.522251
WRMD,WRMD2016-1574,,red bat,bat,Mammal,11/05/2016,2016,Autumn,November,5,Saturday,Died,died in 24hr,5,11,-78.668194,37.522251
WRMD,WRMD2016-1575,,eastern screech owl,owl,Bird,11/06/2016,2016,Autumn,November,6,Sunday,Died,euthanized +24hr,6,11,-78.668194,37.522251
WRMD,WRMD2016-1582,,woodland box turtle,turtle,Reptile,11/09/2016,2016,Autumn,November,9,Wednesday,Died,euthanized in 24hr,2,11,-78.668194,37.522251
WRMD,WRMD2016-1584,,eastern screech owl,owl,Bird,11/12/2016,2016,Autumn,November,12,Saturday,Released,released,5,11,-78.668194,37.522251
WRMD,WRMD2016-1586,,northern cardinal,bird,Bird,11/12/2016,2016,Autumn,November,12,Saturday,Died,died in 24hr,5,11,-78.668194,37.522251
WRMD,WRMD2016-1590,,red-tailed hawk,bird,Bird,11/17/2016,2016,Autumn,November,17,Thursday,Released,released,3,11,-78.668194,37.522251
WRMD,WRMD2016-1592,,northern saw-whet owl,owl,Bird,11/18/2016,2016,Autumn,November,18,Friday,Died,euthanized +24hr,4,11,-76.842174,37.124558
WRMD,WRMD2016-1594,,eastern screech owl,owl,Bird,11/19/2016,2016,Autumn,November,19,Saturday,Released,released,5,11,-78.668194,37.522251
WRMD,WRMD2016-1598,,american crow,bird,Bird,11/21/2016,2016,Autumn,November,21,Monday,Died,euthanized +24hr,0,11,-78.668194,37.522251
WRMD,WRMD2016-1603,,eastern screech owl,owl,Bird,11/26/2016,2016,Autumn,November,26,Saturday,Released,released,5,11,-78.121475,39.153459
WRMD,WRMD2016-1609,,red-tailed hawk,bird,Bird,11/30/2016,2016,Autumn,November,30,Wednesday,Active,pending,2,11,-78.668194,37.522251
WRMD,WRMD2016-1610,,eastern cottontail,rabbits & hares,Mammal,12/01/2016,2016,Autumn,December,1,Thursday,Released,released,3,12,-77.9723,39.14671
WRMD,WRMD2016-1612,,red-shouldered hawk,bird,Bird,12/02/2016,2016,Autumn,December,2,Friday,Died,euthanized +24hr,4,12,-77.548155,39.270945
WRMD,WRMD2016-1630,,eastern screech owl,owl,Bird,12/19/2016,2016,Autumn,December,19,Monday,Released,released,0,12,-77.954009,39.109717
WRMD,WRMD2016-1632,,red-tailed hawk,bird,Bird,12/22/2016,2016,Winter,December,22,Thursday,Released,released,3,12,-77.223521,38.705126
WRMD,WRMD2017-6,,eastern screech owl,owl,Bird,01/07/2017,2017,Winter,January,7,Saturday,Released,released,5,1,-78.215722,38.87264
WRMD,WRMD2017-10,,red-shouldered hawk,bird,Bird,01/14/2017,2017,Winter,January,14,Saturday,Died,euthanized in 24hr,5,1,-78.069305,39.087557
WRMD,WRMD2017-12,,virginia opossum,marsupial,Mammal,01/16/2017,2017,Winter,January,16,Monday,Died,euthanized in 24hr,0,1,-77.666215,38.87362
WRMD,WRMD2017-15,,eastern screech owl,owl,Bird,01/20/2017,2017,Winter,January,20,Friday,Died,euthanized in 24hr,4,1,-78.176016,39.188253
WRMD,WRMD2017-18,,eastern fox squirrel,rodent,Mammal,01/26/2017,2017,Winter,January,26,Thursday,Died,died in 24hr,3,1,-77.854087,38.97127
WRMD,WRMD2017-21,,coyote,coyote,Mammal,01/28/2017,2017,Winter,January,28,Saturday,Died,euthanized in 24hr,5,1,-77.967401,38.911315
WRMD,WRMD2017-25,,eastern screech owl,owl,Bird,01/29/2017,2017,Winter,January,29,Sunday,Died,died +24hr,6,1,-78.565473,38.894373
WRMD,WRMD2017-33,,red-shouldered hawk,bird,Bird,02/04/2017,2017,Winter,February,4,Saturday,Died,euthanized in 24hr,5,2,-77.991926,39.135711
WRMD,WRMD2017-37,,eastern screech owl,owl,Bird,02/12/2017,2017,Winter,February,12,Sunday,Released,released,6,2,-77.433306,39.411935
WRMD,WRMD2017-43,,turkey vulture,bird,Bird,02/17/2017,2017,Winter,February,17,Friday,Died,euthanized in 24hr,4,2,-77.649667,39.038907
WRMD,WRMD2017-46,,virginia opossum,marsupial,Mammal,02/18/2017,2017,Winter,February,18,Saturday,Died,euthanized in 24hr,5,2,-78.14923,39.150651
WRMD,WRMD2017-47,,red-tailed hawk,bird,Bird,02/18/2017,2017,Winter,February,18,Saturday,Released,released,5,2,-78.174537,38.928308
WRMD,WRMD2017-48,,great horned owl,bird,Bird,02/19/2017,2017,Winter,February,19,Sunday,Died,euthanized +24hr,6,2,-78.384028,39.271138
WRMD,WRMD2017-49,,american crow,bird,Bird,02/19/2017,2017,Winter,February,19,Sunday,Released,released,6,2,-77.829228,39.080302
WRMD,WRMD2017-51,,barred owl,owl,Bird,02/20/2017,2017,Winter,February,20,Monday,Released,released,0,2,-77.994184,39.202439
WRMD,WRMD2017-54,,red-tailed hawk,bird,Bird,02/22/2017,2017,Winter,February,22,Wednesday,Died,euthanized +24hr,2,2,-78.637768,38.818191
WRMD,WRMD2017-55,,red-tailed hawk,bird,Bird,02/22/2017,2017,Winter,February,22,Wednesday,Died,died +24hr,2,2,-77.54937,39.244689
WRMD,WRMD2017-57,,eastern screech owl,owl,Bird,02/24/2017,2017,Winter,February,24,Friday,Released,released,4,2,-78.047142,38.948366
WRMD,WRMD2017-60,,eastern gray squirrel,rodent,Mammal,03/01/2017,2017,Winter,March,1,Wednesday,Released,released,2,3,-77.480382,38.895685
WRMD,WRMD2017-61,,eastern gray squirrel,rodent,Mammal,03/01/2017,2017,Winter,March,1,Wednesday,Released,released,2,3,-77.480382,38.895685
WRMD,WRMD2017-62,,eastern gray squirrel,rodent,Mammal,03/01/2017,2017,Winter,March,1,Wednesday,Released,released,2,3,-77.480382,38.895685
WRMD,WRMD2017-63,,eastern gray squirrel,rodent,Mammal,03/01/2017,2017,Winter,March,1,Wednesday,Released,released,2,3,-77.480382,38.895685
WRMD,WRMD2017-77,,eastern gray squirrel,rodent,Mammal,03/15/2017,2017,Winter,March,15,Wednesday,Released,released,2,3,-77.3418,38.96146
WRMD,WRMD2017-78,,eastern gray squirrel,rodent,Mammal,03/15/2017,2017,Winter,March,15,Wednesday,Released,released,2,3,-77.3418,38.96146
WRMD,WRMD2017-79,,hermit thrush,bird,Bird,03/15/2017,2017,Winter,March,15,Wednesday,Released,released,2,3,-78.02015,39.094344
WRMD,WRMD2017-80,,northern cardinal,bird,Bird,03/15/2017,2017,Winter,March,15,Wednesday,Released,released,2,3,-78.578853,38.830951
WRMD,WRMD2017-84,,northern flicker,bird,Bird,03/17/2017,2017,Winter,March,17,Friday,Died,dead on arrival,4,3,-78.116739,39.475315
WRMD,WRMD2017-92,,mallard,bird,Bird,03/19/2017,2017,Winter,March,19,Sunday,Died,dead on arrival,6,3,-78.481288,38.645981
WRMD,WRMD2017-101,,eastern screech owl,owl,Bird,03/25/2017,2017,Spring,March,25,Saturday,Transferred,transferred,5,3,-77.978325,39.149431
WRMD,WRMD2017-102,,red-tailed hawk,bird,Bird,03/25/2017,2017,Spring,March,25,Saturday,Died,euthanized in 24hr,5,3,-77.411084,38.731465
WRMD,WRMD2017-122,,mourning dove,bird,Bird,03/27/2017,2017,Spring,March,27,Monday,Died,euthanized in 24hr,0,3,-78.227648,39.143645
WRMD,WRMD2017-133,,eastern fox squirrel,rodent,Mammal,03/28/2017,2017,Spring,March,28,Tuesday,Released,released,1,3,-78.001641,39.060562
WRMD,WRMD2017-135,,eastern painted turtle,turtle,Reptile,03/29/2017,2017,Spring,March,29,Wednesday,Died,euthanized in 24hr,2,3,-78.097227,39.047452
WRMD,WRMD2017-147,,peregrine falcon,bird,Bird,03/29/2017,2017,Spring,March,29,Wednesday,Active,pending,2,3,-77.425737,38.977566
WRMD,WRMD2017-150,,barred owl,owl,Bird,03/29/2017,2017,Spring,March,29,Wednesday,Released,released,2,3,-77.795146,38.713643
WRMD,WRMD2017-153,,red-shouldered hawk,bird,Bird,03/29/2017,2017,Spring,March,29,Wednesday,Died,euthanized +24hr,2,3,-78.217006,39.082383
WRMD,WRMD2017-155,,red-shouldered hawk,bird,Bird,03/29/2017,2017,Spring,March,29,Wednesday,Released,released,2,3,-78.217006,39.082383
WRMD,WRMD2017-162,,red-tailed hawk,bird,Bird,03/29/2017,2017,Spring,March,29,Wednesday,Released,released,2,3,-77.476863,38.350632
WRMD,WRMD2017-163,,red-shouldered hawk,bird,Bird,03/29/2017,2017,Spring,March,29,Wednesday,Released,released,2,3,-78.217006,39.082383
WRMD,WRMD2017-164,,red-shouldered hawk,bird,Bird,03/29/2017,2017,Spring,March,29,Wednesday,Released,released,2,3,-77.476863,38.350632
WRMD,WRMD2017-165,,red-shouldered hawk,bird,Bird,03/29/2017,2017,Spring,March,29,Wednesday,Released,released,2,3,-78.217006,39.082383
WRMD,WRMD2017-171,,eastern gray squirrel,rodent,Mammal,03/30/2017,2017,Spring,March,30,Thursday,Released,released,3,3,-78.145221,38.984361
WRMD,WRMD2017-173,,barred owl,owl,Bird,03/31/2017,2017,Spring,March,31,Friday,Died,euthanized in 24hr,4,3,-77.364639,38.829296
WRMD,WRMD2017-174,,northern raccoon,raccoon,Mammal,03/31/2017,2017,Spring,March,31,Friday,Released,released,4,3,-78.374963,39.085146
WRMD,WRMD2017-190,,eastern gray squirrel,rodent,Mammal,04/06/2017,2017,Spring,April,6,Thursday,Released,released,3,4,-77.570877,39.110709
WRMD,WRMD2017-195,,snapping turtle,turtle,Reptile,04/08/2017,2017,Spring,April,8,Saturday,Released,released,5,4,-77.366561,38.952081
WRMD,WRMD2017-197,,eastern gray squirrel,rodent,Mammal,04/10/2017,2017,Spring,April,10,Monday,Released,released,0,4,-77.49166,38.899458
WRMD,WRMD2017-203,,barred owl,owl,Bird,04/11/2017,2017,Spring,April,11,Tuesday,Died,dead on arrival,1,4,-77.850308,38.900043
WRMD,WRMD2017-228,,eastern cottontail,rabbits & hares,Mammal,04/13/2017,2017,Spring,April,13,Thursday,Died,euthanized in 24hr,3,4,-78.145221,38.984361
WRMD,WRMD2017-238,,virginia opossum,marsupial,Mammal,04/16/2017,2017,Spring,April,16,Sunday,Released,released,6,4,-77.991926,39.135711
WRMD,WRMD2017-250,,woodland box turtle,turtle,Reptile,04/19/2017,2017,Spring,April,19,Wednesday,Died,euthanized in 24hr,2,4,-77.644986,39.209135
WRMD,WRMD2017-251,,virginia opossum,marsupial,Mammal,04/19/2017,2017,Spring,April,19,Wednesday,Died,euthanized +24hr,2,4,-78.679053,38.639804
WRMD,WRMD2017-252,,virginia opossum,marsupial,Mammal,04/19/2017,2017,Spring,April,19,Wednesday,Released,released,2,4,-78.679053,38.639804
WRMD,WRMD2017-271,,white-throated sparrow,bird,Bird,04/22/2017,2017,Spring,April,22,Saturday,Died,euthanized in 24hr,5,4,-78.170646,39.08768
WRMD,WRMD2017-276,,red-tailed hawk,bird,Bird,04/23/2017,2017,Spring,April,23,Sunday,Died,euthanized +24hr,6,4,-77.58107,39.28343
WRMD,WRMD2017-277,,red fox,fox,Mammal,04/23/2017,2017,Spring,April,23,Sunday,Released,released,6,4,-77.611682,39.132641
WRMD,WRMD2017-284,,virginia opossum,marsupial,Mammal,04/24/2017,2017,Spring,April,24,Monday,Released,released,0,4,-78.246168,39.099415
WRMD,WRMD2017-285,,virginia opossum,marsupial,Mammal,04/24/2017,2017,Spring,April,24,Monday,Died,died in 24hr,0,4,-78.246168,39.099415
WRMD,WRMD2017-290,,red-tailed hawk,bird,Bird,04/25/2017,2017,Spring,April,25,Tuesday,Died,euthanized in 24hr,1,4,-78.112574,39.148657
WRMD,WRMD2017-298,,american robin,bird,Bird,04/27/2017,2017,Spring,April,27,Thursday,Died,died in 24hr,3,4,-78.204141,38.915247
WRMD,WRMD2017-310,,red-tailed hawk,bird,Bird,04/28/2017,2017,Spring,April,28,Friday,Died,euthanized in 24hr,4,4,-77.367205,38.581369
WRMD,WRMD2017-311,,woodland box turtle,turtle,Reptile,04/28/2017,2017,Spring,April,28,Friday,Died,dead on arrival,4,4,-78.004012,38.773296
WRMD,WRMD2017-312,,virginia opossum,marsupial,Mammal,04/28/2017,2017,Spring,April,28,Friday,Released,released,4,4,-77.650424,39.146001
WRMD,WRMD2017-313,,virginia opossum,marsupial,Mammal,04/28/2017,2017,Spring,April,28,Friday,Released,released,4,4,-77.650424,39.146001
WRMD,WRMD2017-314,,virginia opossum,marsupial,Mammal,04/28/2017,2017,Spring,April,28,Friday,Released,released,4,4,-77.650424,39.146001
WRMD,WRMD2017-315,,virginia opossum,marsupial,Mammal,04/28/2017,2017,Spring,April,28,Friday,Died,died +24hr,4,4,-77.650424,39.146001
WRMD,WRMD2017-316,,virginia opossum,marsupial,Mammal,04/28/2017,2017,Spring,April,28,Friday,Released,released,4,4,-77.650424,39.146001
WRMD,WRMD2017-317,,virginia opossum,marsupial,Mammal,04/28/2017,2017,Spring,April,28,Friday,Released,released,4,4,-77.650424,39.146001
WRMD,WRMD2017-318,,virginia opossum,marsupial,Mammal,04/28/2017,2017,Spring,April,28,Friday,Released,released,4,4,-77.650424,39.146001
WRMD,WRMD2017-320,,woodland box turtle,turtle,Reptile,04/28/2017,2017,Spring,April,28,Friday,Died,died in 24hr,4,4,-77.934819,39.068729
WRMD,WRMD2017-337,,black-capped chickadee,bird,Bird,04/30/2017,2017,Spring,April,30,Sunday,Died,died in 24hr,6,4,-77.823717,39.315267
WRMD,WRMD2017-347,,common grackle,bird,Bird,04/30/2017,2017,Spring,April,30,Sunday,Died,died +24hr,6,4,-78.161648,39.095912
WRMD,WRMD2017-349,,woodland box turtle,turtle,Reptile,05/01/2017,2017,Spring,May,1,Monday,Died,dead on arrival,0,5,-78.075195,38.983482
WRMD,WRMD2017-351,,eastern painted turtle,turtle,Reptile,05/01/2017,2017,Spring,May,1,Monday,Released,released,0,5,-78.106717,39.057146
WRMD,WRMD2017-366,,snapping turtle,turtle,Reptile,05/02/2017,2017,Spring,May,2,Tuesday,Released,released,1,5,-77.782963,39.010071
WRMD,WRMD2017-389,,woodland box turtle,turtle,Reptile,05/03/2017,2017,Spring,May,3,Wednesday,Died,died +24hr,2,5,-77.69876,39.012447
WRMD,WRMD2017-399,,virginia opossum,marsupial,Mammal,05/03/2017,2017,Spring,May,3,Wednesday,Released,released,2,5,-78.043342,39.004752
WRMD,WRMD2017-435,,woodland box turtle,turtle,Reptile,05/05/2017,2017,Spring,May,5,Friday,Died,euthanized in 24hr,4,5,-77.81226,39.225735
WRMD,WRMD2017-459,,tree swallow,bird,Bird,05/08/2017,2017,Spring,May,8,Monday,Died,died in 24hr,0,5,-78.169847,39.10022
WRMD,WRMD2017-479,,red fox,fox,Mammal,05/09/2017,2017,Spring,May,9,Tuesday,Died,euthanized in 24hr,1,5,-77.63705,38.980449
WRMD,WRMD2017-499,,mallard,bird,Bird,05/12/2017,2017,Spring,May,12,Friday,Died,euthanized +24hr,4,5,-77.987407,39.1558
WRMD,WRMD2017-516,,pileated woodpecker,bird,Bird,05/14/2017,2017,Spring,May,14,Sunday,Released,released,6,5,-78.115003,39.185457
WRMD,WRMD2017-521,,snapping turtle,turtle,Reptile,05/15/2017,2017,Spring,May,15,Monday,Released,released,0,5,-78.060132,39.048614
WRMD,WRMD2017-529,,common grackle,bird,Bird,05/15/2017,2017,Spring,May,15,Monday,Died,died in 24hr,0,5,-78.183255,39.195518
WRMD,WRMD2017-531,,eastern cottontail,rabbits & hares,Mammal,05/16/2017,2017,Spring,May,16,Tuesday,Died,euthanized in 24hr,1,5,-78.21806,39.08344
WRMD,WRMD2017-546,,eastern cottontail,rabbits & hares,Mammal,05/17/2017,2017,Spring,May,17,Wednesday,Died,euthanized +24hr,2,5,-78.1438,39.185276
WRMD,WRMD2017-564,,woodland box turtle,turtle,Reptile,05/18/2017,2017,Spring,May,18,Thursday,Died,euthanized in 24hr,3,5,-77.664258,38.904717
WRMD,WRMD2017-576,,snapping turtle,turtle,Reptile,05/19/2017,2017,Spring,May,19,Friday,Released,released,4,5,-78.159142,39.129817
WRMD,WRMD2017-579,,eastern gray squirrel,rodent,Mammal,05/19/2017,2017,Spring,May,19,Friday,Released,released,4,5,-78.170617,39.181542
WRMD,WRMD2017-580,,woodland box turtle,turtle,Reptile,05/19/2017,2017,Spring,May,19,Friday,Died,euthanized in 24hr,4,5,-77.749287,39.100336
WRMD,WRMD2017-588,,woodland box turtle,turtle,Reptile,05/21/2017,2017,Spring,May,21,Sunday,Died,euthanized in 24hr,6,5,-77.653739,38.614781
WRMD,WRMD2017-589,,eastern painted turtle,turtle,Reptile,05/21/2017,2017,Spring,May,21,Sunday,Released,released,6,5,-77.597946,38.986444
WRMD,WRMD2017-599,,barred owl,owl,Bird,05/21/2017,2017,Spring,May,21,Sunday,Released,released,6,5,-77.466897,38.721912
WRMD,WRMD2017-606,,virginia opossum,marsupial,Mammal,05/20/2017,2017,Spring,May,20,Saturday,Died,euthanized in 24hr,5,5,-77.734167,38.965938
WRMD,WRMD2017-608,,woodland box turtle,turtle,Reptile,05/22/2017,2017,Spring,May,22,Monday,Died,euthanized in 24hr,0,5,-78.668194,37.522251
WRMD,WRMD2017-614,,brown thrasher,bird,Bird,05/22/2017,2017,Spring,May,22,Monday,Died,died in 24hr,0,5,-78.066329,38.990978
WRMD,WRMD2017-630,,eastern painted turtle,turtle,Reptile,05/22/2017,2017,Spring,May,22,Monday,Died,euthanized in 24hr,0,5,-78.264442,39.165139
WRMD,WRMD2017-643,,woodland box turtle,turtle,Reptile,05/24/2017,2017,Spring,May,24,Wednesday,Died,died in 24hr,2,5,-77.60375,38.957718
WRMD,WRMD2017-654,,common grackle,bird,Bird,05/25/2017,2017,Spring,May,25,Thursday,Died,died in 24hr,3,5,-78.097562,39.058991
WRMD,WRMD2017-656,,red-tailed hawk,bird,Bird,05/25/2017,2017,Spring,May,25,Thursday,Released,released,3,5,-77.991926,39.135711
WRMD,WRMD2017-657,,eastern gray squirrel,rodent,Mammal,05/26/2017,2017,Spring,May,26,Friday,Died,euthanized in 24hr,4,5,-77.855967,38.924643
WRMD,WRMD2017-660,,mallard,bird,Bird,05/26/2017,2017,Spring,May,26,Friday,Died,euthanized in 24hr,4,5,-78.182084,39.198154
WRMD,WRMD2017-669,,cedar waxwing,bird,Bird,05/28/2017,2017,Spring,May,28,Sunday,Died,euthanized in 24hr,6,5,-77.88152,38.625902
WRMD,WRMD2017-683,,red-tailed hawk,bird,Bird,05/29/2017,2017,Spring,May,29,Monday,Released,released,0,5,-77.649526,39.251555
WRMD,WRMD2017-702,,woodland box turtle,turtle,Reptile,05/31/2017,2017,Spring,May,31,Wednesday,Died,dead on arrival,2,5,-78.345801,39.268142
WRMD,WRMD2017-703,,woodland box turtle,turtle,Reptile,05/31/2017,2017,Spring,May,31,Wednesday,Died,died +24hr,2,5,-78.345801,39.268142
WRMD,WRMD2017-724,,eastern painted turtle,turtle,Reptile,06/02/2017,2017,Spring,June,2,Friday,Released,released,4,6,-78.037078,38.824647
WRMD,WRMD2017-743,,northern raccoon,raccoon,Mammal,06/05/2017,2017,Spring,June,5,Monday,Died,euthanized in 24hr,0,6,-78.591192,38.854267
WRMD,WRMD2017-744,,northern raccoon,raccoon,Mammal,06/05/2017,2017,Spring,June,5,Monday,Died,euthanized in 24hr,0,6,-78.591192,38.854267
WRMD,WRMD2017-750,,striped skunk,skunk,Mammal,06/05/2017,2017,Spring,June,5,Monday,Released,released,0,6,-77.487162,38.744685
WRMD,WRMD2017-762,,woodland box turtle,turtle,Reptile,06/06/2017,2017,Spring,June,6,Tuesday,Died,dead on arrival,1,6,-78.399536,39.190404
WRMD,WRMD2017-763,,eastern painted turtle,turtle,Reptile,06/06/2017,2017,Spring,June,6,Tuesday,Died,died +24hr,1,6,-77.952056,39.190526
WRMD,WRMD2017-770,,woodland box turtle,turtle,Reptile,06/07/2017,2017,Spring,June,7,Wednesday,Released,released,2,6,-77.552209,39.060242
WRMD,WRMD2017-774,,turkey vulture,bird,Bird,06/07/2017,2017,Spring,June,7,Wednesday,Died,euthanized +24hr,2,6,-77.945844,38.537118
WRMD,WRMD2017-779,,woodland box turtle,turtle,Reptile,06/08/2017,2017,Spring,June,8,Thursday,Released,released,3,6,-78.109959,39.174366
WRMD,WRMD2017-780,,american goldfinch,bird,Bird,06/08/2017,2017,Spring,June,8,Thursday,Died,died in 24hr,3,6,-78.174537,38.928308
WRMD,WRMD2017-782,,woodland box turtle,turtle,Reptile,06/08/2017,2017,Spring,June,8,Thursday,Released,released,3,6,-77.976231,38.558334
WRMD,WRMD2017-808,,woodland box turtle,turtle,Reptile,06/11/2017,2017,Spring,June,11,Sunday,Died,euthanized in 24hr,6,6,-77.739148,39.239735
WRMD,WRMD2017-824,,northern raccoon,raccoon,Mammal,06/13/2017,2017,Spring,June,13,Tuesday,Released,released,1,6,-78.174537,38.928308
WRMD,WRMD2017-837,,striped skunk,skunk,Mammal,06/14/2017,2017,Spring,June,14,Wednesday,Died,euthanized +24hr,2,6,-77.609946,38.79038
WRMD,WRMD2017-838,,striped skunk,skunk,Mammal,06/14/2017,2017,Spring,June,14,Wednesday,Released,released,2,6,-77.609946,38.79038
WRMD,WRMD2017-839,,striped skunk,skunk,Mammal,06/14/2017,2017,Spring,June,14,Wednesday,Released,released,2,6,-77.609946,38.79038
WRMD,WRMD2017-840,,striped skunk,skunk,Mammal,06/14/2017,2017,Spring,June,14,Wednesday,Released,released,2,6,-77.609946,38.79038
WRMD,WRMD2017-841,,striped skunk,skunk,Mammal,06/14/2017,2017,Spring,June,14,Wednesday,Released,released,2,6,-77.609946,38.79038
WRMD,WRMD2017-843,,northern cardinal,bird,Bird,06/14/2017,2017,Spring,June,14,Wednesday,Died,euthanized in 24hr,2,6,-77.689951,39.060079
WRMD,WRMD2017-844,,snapping turtle,turtle,Reptile,06/14/2017,2017,Spring,June,14,Wednesday,Died,euthanized in 24hr,2,6,-78.337846,39.379428
WRMD,WRMD2017-858,,striped skunk,skunk,Mammal,06/15/2017,2017,Spring,June,15,Thursday,Released,released,3,6,-77.657328,39.138314
WRMD,WRMD2017-859,,barred owl,owl,Bird,06/15/2017,2017,Spring,June,15,Thursday,Died,euthanized in 24hr,3,6,-77.749444,39.093093
WRMD,WRMD2017-861,,virginia opossum,marsupial,Mammal,06/15/2017,2017,Spring,June,15,Thursday,Died,euthanized in 24hr,3,6,-78.149438,38.941986
WRMD,WRMD2017-871,,woodland box turtle,turtle,Reptile,06/16/2017,2017,Spring,June,16,Friday,Died,euthanized in 24hr,4,6,-78.567136,38.832016
WRMD,WRMD2017-885,,woodland box turtle,turtle,Reptile,06/17/2017,2017,Spring,June,17,Saturday,Died,euthanized in 24hr,5,6,-78.012805,39.012543
WRMD,WRMD2017-887,,woodland box turtle,turtle,Reptile,06/17/2017,2017,Spring,June,17,Saturday,Released,released,5,6,-78.174537,38.928308
WRMD,WRMD2017-889,,groundhog,rodent,Mammal,06/17/2017,2017,Spring,June,17,Saturday,Died,euthanized in 24hr,5,6,-77.743423,39.057952
WRMD,WRMD2017-893,,eastern gray squirrel,rodent,Mammal,06/17/2017,2017,Spring,June,17,Saturday,Died,euthanized +24hr,5,6,-78.163406,38.910235
WRMD,WRMD2017-894,,snapping turtle,turtle,Reptile,06/17/2017,2017,Spring,June,17,Saturday,Died,died in 24hr,5,6,-78.307169,39.329457
WRMD,WRMD2017-895,,woodland box turtle,turtle,Reptile,06/17/2017,2017,Spring,June,17,Saturday,Died,dead on arrival,5,6,-77.860239,38.761285
WRMD,WRMD2017-896,,groundhog,rodent,Mammal,06/18/2017,2017,Spring,June,18,Sunday,Died,euthanized in 24hr,6,6,-77.991926,39.135711
WRMD,WRMD2017-897,,eastern gray squirrel,rodent,Mammal,06/19/2017,2017,Spring,June,19,Monday,Died,died +24hr,0,6,-78.16856,39.169668
WRMD,WRMD2017-906,,eastern cottontail,rabbits & hares,Mammal,06/19/2017,2017,Spring,June,19,Monday,Died,euthanized in 24hr,0,6,-78.060132,39.048614
WRMD,WRMD2017-920,,common grackle,bird,Bird,06/20/2017,2017,Spring,June,20,Tuesday,Died,dead on arrival,1,6,-78.637768,38.818191
WRMD,WRMD2017-930,,snapping turtle,turtle,Reptile,06/20/2017,2017,Spring,June,20,Tuesday,Died,dead on arrival,1,6,-77.867275,39.052856
WRMD,WRMD2017-935,,common grackle,bird,Bird,06/21/2017,2017,Summer,June,21,Wednesday,Released,released,2,6,-78.096034,39.051644
WRMD,WRMD2017-936,,woodland box turtle,turtle,Reptile,06/21/2017,2017,Summer,June,21,Wednesday,Died,euthanized in 24hr,2,6,-77.555112,39.119314
WRMD,WRMD2017-937,,eastern painted turtle,turtle,Reptile,06/21/2017,2017,Summer,June,21,Wednesday,Died,died +24hr,2,6,-77.824561,39.085452
WRMD,WRMD2017-947,,woodland box turtle,turtle,Reptile,06/23/2017,2017,Summer,June,23,Friday,Released,released,4,6,-78.174537,38.928308
WRMD,WRMD2017-952,,groundhog,rodent,Mammal,06/23/2017,2017,Summer,June,23,Friday,Released,released,4,6,-77.738362,39.164983
WRMD,WRMD2017-956,,eastern cottontail,rabbits & hares,Mammal,06/25/2017,2017,Summer,June,25,Sunday,Died,euthanized in 24hr,6,6,-77.647283,39.090824
WRMD,WRMD2017-960,,northern raccoon,raccoon,Mammal,06/24/2017,2017,Summer,June,24,Saturday,Released,released,5,6,-77.741745,38.969105
WRMD,WRMD2017-961,,northern raccoon,raccoon,Mammal,06/24/2017,2017,Summer,June,24,Saturday,Died,euthanized in 24hr,5,6,-77.741745,38.969105
WRMD,WRMD2017-967,,american robin,bird,Bird,06/26/2017,2017,Summer,June,26,Monday,Died,died in 24hr,0,6,-78.109539,39.179083
WRMD,WRMD2017-970,,brown thrasher,bird,Bird,06/27/2017,2017,Summer,June,27,Tuesday,Died,dead on arrival,1,6,-77.870179,38.900333
WRMD,WRMD2017-1010,,eastern kingbird,bird,Bird,06/30/2017,2017,Summer,June,30,Friday,Died,died in 24hr,4,6,-78.124856,39.167471
WRMD,WRMD2017-1015,,groundhog,rodent,Mammal,07/01/2017,2017,Summer,July,1,Saturday,Released,released,5,7,-77.971966,39.142935
WRMD,WRMD2017-1016,,american robin,bird,Bird,07/01/2017,2017,Summer,July,1,Saturday,Died,euthanized +24hr,5,7,-78.096269,39.163211
WRMD,WRMD2017-1022,,virginia opossum,marsupial,Mammal,07/01/2017,2017,Summer,July,1,Saturday,Died,died in 24hr,5,7,-78.344769,39.175118
WRMD,WRMD2017-1023,,virginia opossum,marsupial,Mammal,07/01/2017,2017,Summer,July,1,Saturday,Died,died in 24hr,5,7,-78.344769,39.175118
WRMD,WRMD2017-1024,,virginia opossum,marsupial,Mammal,07/01/2017,2017,Summer,July,1,Saturday,Died,died in 24hr,5,7,-78.344769,39.175118
WRMD,WRMD2017-1025,,virginia opossum,marsupial,Mammal,07/01/2017,2017,Summer,July,1,Saturday,Died,died in 24hr,5,7,-78.344769,39.175118
WRMD,WRMD2017-1026,,virginia opossum,marsupial,Mammal,07/01/2017,2017,Summer,July,1,Saturday,Died,died in 24hr,5,7,-78.344769,39.175118
WRMD,WRMD2017-1027,,virginia opossum,marsupial,Mammal,07/01/2017,2017,Summer,July,1,Saturday,Died,died in 24hr,5,7,-78.344769,39.175118
WRMD,WRMD2017-1028,,virginia opossum,marsupial,Mammal,07/01/2017,2017,Summer,July,1,Saturday,Died,died in 24hr,5,7,-78.344769,39.175118
WRMD,WRMD2017-1029,,virginia opossum,marsupial,Mammal,07/01/2017,2017,Summer,July,1,Saturday,Died,died +24hr,5,7,-78.344769,39.175118
WRMD,WRMD2017-1051,,northern raccoon,raccoon,Mammal,07/04/2017,2017,Summer,July,4,Tuesday,Died,euthanized in 24hr,1,7,-77.687398,38.784292
WRMD,WRMD2017-1052,,northern raccoon,raccoon,Mammal,07/04/2017,2017,Summer,July,4,Tuesday,Died,euthanized in 24hr,1,7,-77.687398,38.784292
WRMD,WRMD2017-1067,,white-tailed deer,deer,Mammal,07/06/2017,2017,Summer,July,6,Thursday,Died,euthanized in 24hr,3,7,-78.668194,37.522251
WRMD,WRMD2017-1068,,woodland box turtle,turtle,Reptile,07/06/2017,2017,Summer,July,6,Thursday,Died,died in 24hr,3,7,-77.87086,39.037281
WRMD,WRMD2017-1078,,virginia opossum,marsupial,Mammal,07/07/2017,2017,Summer,July,7,Friday,Died,euthanized +24hr,4,7,-78.01574,39.171281
WRMD,WRMD2017-1079,,virginia opossum,marsupial,Mammal,07/07/2017,2017,Summer,July,7,Friday,Released,released,4,7,-78.01574,39.171281
WRMD,WRMD2017-1080,,virginia opossum,marsupial,Mammal,07/07/2017,2017,Summer,July,7,Friday,Died,died +24hr,4,7,-78.01574,39.171281
WRMD,WRMD2017-1081,,virginia opossum,marsupial,Mammal,07/07/2017,2017,Summer,July,7,Friday,Released,released,4,7,-78.01574,39.171281
WRMD,WRMD2017-1082,,virginia opossum,marsupial,Mammal,07/07/2017,2017,Summer,July,7,Friday,Released,released,4,7,-78.01574,39.171281
WRMD,WRMD2017-1087,,woodland box turtle,turtle,Reptile,07/07/2017,2017,Summer,July,7,Friday,Died,euthanized in 24hr,4,7,-78.090144,39.213701
WRMD,WRMD2017-1095,,wood turtle,turtle,Reptile,07/08/2017,2017,Summer,July,8,Saturday,Died,dead on arrival,5,7,-78.637768,38.818191
WRMD,WRMD2017-1096,,woodland box turtle,turtle,Reptile,07/08/2017,2017,Summer,July,8,Saturday,Released,released,5,7,-77.528152,38.992316
WRMD,WRMD2017-1107,,eastern painted turtle,turtle,Reptile,07/08/2017,2017,Summer,July,8,Saturday,Died,euthanized in 24hr,5,7,-77.741824,38.960822
WRMD,WRMD2017-1125,,yellow-billed cuckoo,bird,Bird,07/10/2017,2017,Summer,July,10,Monday,Released,released,0,7,-78.344769,39.175118
WRMD,WRMD2017-1128,,striped skunk,skunk,Mammal,07/11/2017,2017,Summer,July,11,Tuesday,Released,released,1,7,-77.464398,39.036049
WRMD,WRMD2017-1164,,northern raccoon,raccoon,Mammal,07/14/2017,2017,Summer,July,14,Friday,Died,euthanized in 24hr,4,7,-78.181345,39.202086
WRMD,WRMD2017-1180,,eastern cottontail,rabbits & hares,Mammal,07/16/2017,2017,Summer,July,16,Sunday,Died,euthanized in 24hr,6,7,-78.052424,38.93859
WRMD,WRMD2017-1191,,virginia opossum,marsupial,Mammal,07/18/2017,2017,Summer,July,18,Tuesday,Died,euthanized in 24hr,1,7,-78.19893,39.08075
WRMD,WRMD2017-1192,,virginia opossum,marsupial,Mammal,07/18/2017,2017,Summer,July,18,Tuesday,Released,released,1,7,-78.19893,39.08075
WRMD,WRMD2017-1193,,virginia opossum,marsupial,Mammal,07/18/2017,2017,Summer,July,18,Tuesday,Released,released,1,7,-78.19893,39.08075
WRMD,WRMD2017-1194,,virginia opossum,marsupial,Mammal,07/18/2017,2017,Summer,July,18,Tuesday,Released,released,1,7,-78.19893,39.08075
WRMD,WRMD2017-1195,,woodland box turtle,turtle,Reptile,07/18/2017,2017,Summer,July,18,Tuesday,Released,released,1,7,-78.20944,38.962777
WRMD,WRMD2017-1196,,virginia opossum,marsupial,Mammal,07/18/2017,2017,Summer,July,18,Tuesday,Died,euthanized in 24hr,1,7,-77.654743,39.204853
WRMD,WRMD2017-1199,,virginia opossum,marsupial,Mammal,07/18/2017,2017,Summer,July,18,Tuesday,Transferred,transferred,1,7,-78.169187,38.888029
WRMD,WRMD2017-1200,,virginia opossum,marsupial,Mammal,07/18/2017,2017,Summer,July,18,Tuesday,Transferred,transferred,1,7,-78.169187,38.888029
WRMD,WRMD2017-1201,,virginia opossum,marsupial,Mammal,07/18/2017,2017,Summer,July,18,Tuesday,Transferred,transferred,1,7,-78.169187,38.888029
WRMD,WRMD2017-1202,,virginia opossum,marsupial,Mammal,07/18/2017,2017,Summer,July,18,Tuesday,Transferred,transferred,1,7,-78.169187,38.888029
WRMD,WRMD2017-1203,,virginia opossum,marsupial,Mammal,07/18/2017,2017,Summer,July,18,Tuesday,Transferred,transferred,1,7,-78.169187,38.888029
WRMD,WRMD2017-1204,,virginia opossum,marsupial,Mammal,07/18/2017,2017,Summer,July,18,Tuesday,Transferred,transferred,1,7,-78.169187,38.888029
WRMD,WRMD2017-1205,,virginia opossum,marsupial,Mammal,07/18/2017,2017,Summer,July,18,Tuesday,Transferred,transferred,1,7,-78.169187,38.888029
WRMD,WRMD2017-1206,,virginia opossum,marsupial,Mammal,07/18/2017,2017,Summer,July,18,Tuesday,Transferred,transferred,1,7,-78.169187,38.888029
WRMD,WRMD2017-1207,,virginia opossum,marsupial,Mammal,07/18/2017,2017,Summer,July,18,Tuesday,Released,released,1,7,-78.169187,38.888029
WRMD,WRMD2017-1208,,virginia opossum,marsupial,Mammal,07/18/2017,2017,Summer,July,18,Tuesday,Died,died +24hr,1,7,-78.169187,38.888029
WRMD,WRMD2017-1209,,virginia opossum,marsupial,Mammal,07/18/2017,2017,Summer,July,18,Tuesday,Transferred,transferred,1,7,-78.169187,38.888029
WRMD,WRMD2017-1226,,virginia opossum,marsupial,Mammal,07/20/2017,2017,Summer,July,20,Thursday,Released,released,3,7,-78.399536,39.190404
WRMD,WRMD2017-1246,,red fox,fox,Mammal,07/23/2017,2017,Summer,July,23,Sunday,Died,euthanized in 24hr,6,7,-77.792693,38.670219
WRMD,WRMD2017-1249,,virginia opossum,marsupial,Mammal,07/23/2017,2017,Summer,July,23,Sunday,Released,released,6,7,-78.581645,38.772337
WRMD,WRMD2017-1250,,virginia opossum,marsupial,Mammal,07/23/2017,2017,Summer,July,23,Sunday,Died,died +24hr,6,7,-78.581645,38.772337
WRMD,WRMD2017-1251,,virginia opossum,marsupial,Mammal,07/23/2017,2017,Summer,July,23,Sunday,Released,released,6,7,-78.581645,38.772337
WRMD,WRMD2017-1252,,virginia opossum,marsupial,Mammal,07/23/2017,2017,Summer,July,23,Sunday,Released,released,6,7,-78.581645,38.772337
WRMD,WRMD2017-1253,,virginia opossum,marsupial,Mammal,07/23/2017,2017,Summer,July,23,Sunday,Released,released,6,7,-78.581645,38.772337
WRMD,WRMD2017-1254,,virginia opossum,marsupial,Mammal,07/23/2017,2017,Summer,July,23,Sunday,Released,released,6,7,-78.581645,38.772337
WRMD,WRMD2017-1255,,virginia opossum,marsupial,Mammal,07/23/2017,2017,Summer,July,23,Sunday,Released,released,6,7,-78.581645,38.772337
WRMD,WRMD2017-1257,,virginia opossum,marsupial,Mammal,07/23/2017,2017,Summer,July,23,Sunday,Released,released,6,7,-78.527804,38.90961
WRMD,WRMD2017-1258,,virginia opossum,marsupial,Mammal,07/23/2017,2017,Summer,July,23,Sunday,Released,released,6,7,-78.527804,38.90961
WRMD,WRMD2017-1259,,virginia opossum,marsupial,Mammal,07/23/2017,2017,Summer,July,23,Sunday,Died,died +24hr,6,7,-78.527804,38.90961
WRMD,WRMD2017-1264,,woodland box turtle,turtle,Reptile,07/24/2017,2017,Summer,July,24,Monday,Died,euthanized in 24hr,0,7,-77.66164,38.913646
WRMD,WRMD2017-1266,,eastern screech owl,owl,Bird,07/25/2017,2017,Summer,July,25,Tuesday,Released,released,1,7,-78.255097,39.274292
WRMD,WRMD2017-1294,,northern flicker,bird,Bird,07/28/2017,2017,Summer,July,28,Friday,Died,died +24hr,4,7,-77.971298,39.171437
WRMD,WRMD2017-1324,,groundhog,rodent,Mammal,08/02/2017,2017,Summer,August,2,Wednesday,Died,euthanized in 24hr,2,8,-78.200323,39.214972
WRMD,WRMD2017-1327,,gray fox,fox,Mammal,08/03/2017,2017,Summer,August,3,Thursday,Died,euthanized in 24hr,3,8,-78.09249,38.74153
WRMD,WRMD2017-1350,,eastern cottontail,rabbits & hares,Mammal,08/06/2017,2017,Summer,August,6,Sunday,Released,released,6,8,-77.850145,38.976359
WRMD,WRMD2017-1369,,red-shouldered hawk,bird,Bird,08/08/2017,2017,Summer,August,8,Tuesday,Died,euthanized in 24hr,1,8,-78.060433,39.116184
WRMD,WRMD2017-1372,,red-tailed hawk,bird,Bird,08/09/2017,2017,Summer,August,9,Wednesday,Released,released,2,8,-77.821905,38.526618
WRMD,WRMD2017-1379,,woodland box turtle,turtle,Reptile,08/11/2017,2017,Summer,August,11,Friday,Released,released,4,8,-77.471854,38.751816
WRMD,WRMD2017-1382,,eastern cottontail,rabbits & hares,Mammal,08/11/2017,2017,Summer,August,11,Friday,Released,released,4,8,-78.334469,39.256871
WRMD,WRMD2017-1383,,eastern cottontail,rabbits & hares,Mammal,08/11/2017,2017,Summer,August,11,Friday,Released,released,4,8,-78.334469,39.256871
WRMD,WRMD2017-1384,,eastern cottontail,rabbits & hares,Mammal,08/11/2017,2017,Summer,August,11,Friday,Released,released,4,8,-78.334469,39.256871
WRMD,WRMD2017-1385,,eastern cottontail,rabbits & hares,Mammal,08/11/2017,2017,Summer,August,11,Friday,Released,released,4,8,-78.334469,39.256871
WRMD,WRMD2017-1386,,eastern cottontail,rabbits & hares,Mammal,08/11/2017,2017,Summer,August,11,Friday,Released,released,4,8,-78.334469,39.256871
WRMD,WRMD2017-1389,,woodland box turtle,turtle,Reptile,08/12/2017,2017,Summer,August,12,Saturday,Died,euthanized in 24hr,5,8,-78.141322,38.917439
WRMD,WRMD2017-1405,,american robin,bird,Bird,08/15/2017,2017,Summer,August,15,Tuesday,Died,euthanized +24hr,1,8,-77.47813,39.026974
WRMD,WRMD2017-1413,,woodland box turtle,turtle,Reptile,08/16/2017,2017,Summer,August,16,Wednesday,Released,released,2,8,-77.728104,39.168521
WRMD,WRMD2017-1415,,woodland box turtle,turtle,Reptile,08/17/2017,2017,Summer,August,17,Thursday,Released,released,3,8,-78.23223,38.32652
WRMD,WRMD2017-1439,,woodland box turtle,turtle,Reptile,08/22/2017,2017,Summer,August,22,Tuesday,Released,released,1,8,-77.524628,38.35609
WRMD,WRMD2017-1456,,red-tailed hawk,bird,Bird,08/26/2017,2017,Summer,August,26,Saturday,Died,euthanized in 24hr,5,8,-77.93937,38.535707
WRMD,WRMD2017-1468,,red-shouldered hawk,bird,Bird,08/29/2017,2017,Summer,August,29,Tuesday,Died,euthanized +24hr,1,8,-77.534946,38.98585
WRMD,WRMD2017-1475,,woodland box turtle,turtle,Reptile,08/29/2017,2017,Summer,August,29,Tuesday,Died,euthanized in 24hr,1,8,-77.991926,39.135711
WRMD,WRMD2017-1481,,barred owl,owl,Bird,08/31/2017,2017,Summer,August,31,Thursday,Died,euthanized +24hr,3,8,-77.692095,39.111031
WRMD,WRMD2017-1484,,woodland box turtle,turtle,Reptile,08/31/2017,2017,Summer,August,31,Thursday,Released,released,3,8,-78.149438,38.941986
WRMD,WRMD2017-1488,,northern raccoon,raccoon,Mammal,08/31/2017,2017,Summer,August,31,Thursday,Died,euthanized in 24hr,3,8,-78.194194,38.940443
WRMD,WRMD2017-1493,,woodland box turtle,turtle,Reptile,08/31/2017,2017,Summer,August,31,Thursday,Released,released,3,8,-77.099113,38.885484
WRMD,WRMD2017-1508,,eastern musk turtle,turtle,Reptile,09/03/2017,2017,Summer,September,3,Sunday,Died,euthanized in 24hr,6,9,-77.95637,39.020749
WRMD,WRMD2017-1511,,virginia opossum,marsupial,Mammal,09/04/2017,2017,Summer,September,4,Monday,Died,euthanized in 24hr,0,9,-78.174537,38.928308
WRMD,WRMD2017-1512,,woodland box turtle,turtle,Reptile,09/04/2017,2017,Summer,September,4,Monday,Released,released,0,9,-77.366982,38.660062
WRMD,WRMD2017-1587,,woodland box turtle,turtle,Reptile,09/13/2017,2017,Summer,September,13,Wednesday,Died,died in 24hr,2,9,-78.085462,39.14754
WRMD,WRMD2017-1588,,american black vulture,bird,Bird,09/13/2017,2017,Summer,September,13,Wednesday,Released,released,2,9,-77.23385,38.834721
WRMD,WRMD2017-1589,,red-tailed hawk,bird,Bird,09/13/2017,2017,Summer,September,13,Wednesday,Died,died +24hr,2,9,-77.143203,38.855278
WRMD,WRMD2017-1590,,barred owl,owl,Bird,09/13/2017,2017,Summer,September,13,Wednesday,Died,euthanized in 24hr,2,9,-77.664056,38.862814
WRMD,WRMD2017-1591,,broad-winged hawk,bird,Bird,09/13/2017,2017,Summer,September,13,Wednesday,Died,euthanized in 24hr,2,9,-77.627258,38.868449
WRMD,WRMD2017-1593,,woodland box turtle,turtle,Reptile,09/14/2017,2017,Summer,September,14,Thursday,Released,released,3,9,-78.275719,38.818692
WRMD,WRMD2017-1594,,broad-winged hawk,bird,Bird,09/14/2017,2017,Summer,September,14,Thursday,Released,released,3,9,-77.846661,39.082266
WRMD,WRMD2017-1601,,woodland box turtle,turtle,Reptile,09/15/2017,2017,Summer,September,15,Friday,Died,died +24hr,4,9,-78.012781,38.798917
WRMD,WRMD2017-1606,,woodland box turtle,turtle,Reptile,09/17/2017,2017,Summer,September,17,Sunday,Released,released,6,9,-78.21806,39.08344
WRMD,WRMD2017-1611,,woodland box turtle,turtle,Reptile,09/18/2017,2017,Summer,September,18,Monday,Released,released,0,9,-78.410222,38.851608
WRMD,WRMD2017-1613,,cooper's hawk,bird,Bird,09/18/2017,2017,Summer,September,18,Monday,Died,died +24hr,0,9,-78.133358,39.266376
WRMD,WRMD2017-1626,,woodland box turtle,turtle,Reptile,09/23/2017,2017,Autumn,September,23,Saturday,Released,released,5,9,-77.402402,38.668885
WRMD,WRMD2017-1631,,northern cardinal,bird,Bird,09/24/2017,2017,Autumn,September,24,Sunday,Released,released,6,9,-77.780216,39.116425
WRMD,WRMD2017-1640,,eastern gray squirrel,rodent,Mammal,09/28/2017,2017,Autumn,September,28,Thursday,Died,euthanized +24hr,3,9,-78.060132,39.048614
WRMD,WRMD2017-1641,,northern raccoon,raccoon,Mammal,09/28/2017,2017,Autumn,September,28,Thursday,Died,euthanized in 24hr,3,9,-77.727544,39.200244
WRMD,WRMD2017-1661,,eastern bluebird,bird,Bird,10/04/2017,2017,Autumn,October,4,Wednesday,Died,died in 24hr,2,10,-77.884726,38.962661
WRMD,WRMD2017-1665,,mourning dove,bird,Bird,10/04/2017,2017,Autumn,October,4,Wednesday,Died,died +24hr,2,10,-78.797932,38.84601
WRMD,WRMD2017-1666,,eastern cottontail,rabbits & hares,Mammal,10/04/2017,2017,Autumn,October,4,Wednesday,Died,euthanized in 24hr,2,10,-78.128371,39.193135
WRMD,WRMD2017-1673,,barred owl,owl,Bird,10/08/2017,2017,Autumn,October,8,Sunday,Died,euthanized +24hr,6,10,-76.740033,37.348559
WRMD,WRMD2017-1675,,virginia opossum,marsupial,Mammal,10/10/2017,2017,Autumn,October,10,Tuesday,Transferred,transferred,1,10,-78.160037,39.191475
WRMD,WRMD2017-1680,,woodland box turtle,turtle,Reptile,10/11/2017,2017,Autumn,October,11,Wednesday,Died,euthanized in 24hr,2,10,-77.80416,39.4301
WRMD,WRMD2017-1684,,woodland box turtle,turtle,Reptile,10/15/2017,2017,Autumn,October,15,Sunday,Died,euthanized in 24hr,6,10,-77.582828,38.990787
WRMD,WRMD2017-1689,,short-eared owl,owl,Bird,10/18/2017,2017,Autumn,October,18,Wednesday,Released,released,2,10,-78.204754,39.055076
WRMD,WRMD2017-1693,,eastern screech owl,owl,Bird,10/19/2017,2017,Autumn,October,19,Thursday,Released,released,3,10,-77.832865,38.609804
WRMD,WRMD2017-1694,,red-shouldered hawk,bird,Bird,10/22/2017,2017,Autumn,October,22,Sunday,Died,died in 24hr,6,10,-77.305097,38.853231
WRMD,WRMD2017-1705,,woodland box turtle,turtle,Reptile,10/25/2017,2017,Autumn,October,25,Wednesday,Died,euthanized in 24hr,2,10,-77.873058,38.848591
WRMD,WRMD2017-1710,,eastern gray squirrel,rodent,Mammal,10/29/2017,2017,Autumn,October,29,Sunday,Died,euthanized in 24hr,6,10,-78.236975,39.127018
WRMD,WRMD2017-1724,,eastern painted turtle,turtle,Reptile,11/07/2017,2017,Autumn,November,7,Tuesday,Released,released,1,11,-77.378156,39.007689
WRMD,WRMD2017-1726,,red-shouldered hawk,bird,Bird,11/08/2017,2017,Autumn,November,8,Wednesday,Released,released,2,11,-77.367205,38.581369
WRMD,WRMD2017-1739,,red-shouldered hawk,bird,Bird,11/17/2017,2017,Autumn,November,17,Friday,Released,released,4,11,-77.694954,39.143055
WRMD,WRMD2017-1742,,eastern gray squirrel,rodent,Mammal,11/19/2017,2017,Autumn,November,19,Sunday,Died,euthanized in 24hr,6,11,-78.230651,39.32001
WRMD,WRMD2017-1744,,barred owl,owl,Bird,11/19/2017,2017,Autumn,November,19,Sunday,Released,released,6,11,-78.174537,38.928308
WRMD,WRMD2017-1751,,red-tailed hawk,bird,Bird,11/25/2017,2017,Autumn,November,25,Saturday,Died,euthanized in 24hr,5,11,-77.733937,38.998822
WRMD,WRMD2017-1754,,barred owl,owl,Bird,11/26/2017,2017,Autumn,November,26,Sunday,Died,euthanized in 24hr,6,11,-77.548271,38.700017
WRMD,WRMD2017-1763,,red-winged blackbird,bird,Bird,11/30/2017,2017,Autumn,November,30,Thursday,Released,released,3,11,-78.199963,39.080641
WRMD,WRMD2017-1764,,cooper's hawk,bird,Bird,11/29/2017,2017,Autumn,November,29,Wednesday,Died,euthanized in 24hr,2,11,-78.21926,39.230053
WRMD,WRMD2017-1765,,eastern cottontail,rabbits & hares,Mammal,11/30/2017,2017,Autumn,November,30,Thursday,Died,euthanized in 24hr,3,11,-77.563653,39.06013
WRMD,WRMD2017-1769,,eastern screech owl,owl,Bird,12/04/2017,2017,Autumn,December,4,Monday,Released,released,0,12,-78.088743,38.648214
WRMD,WRMD2017-1770,,eastern screech owl,owl,Bird,12/07/2017,2017,Autumn,December,7,Thursday,Released,released,3,12,-77.308007,38.507304
WRMD,WRMD2017-1773,,virginia opossum,marsupial,Mammal,12/08/2017,2017,Autumn,December,8,Friday,Died,euthanized in 24hr,4,12,-77.835161,39.111266
WRMD,WRMD2017-1774,,red-shouldered hawk,bird,Bird,12/08/2017,2017,Autumn,December,8,Friday,Died,euthanized in 24hr,4,12,-79.244826,37.544326
WRMD,WRMD2017-1776,,eastern screech-owl,bird,Bird,12/08/2017,2017,Autumn,December,8,Friday,Released,released,4,12,-78.593306,38.850326
WRMD,WRMD2017-1782,,eastern screech owl,owl,Bird,12/11/2017,2017,Autumn,December,11,Monday,Released,released,0,12,-78.080017,39.293969
WRMD,WRMD2017-1787,,sharp-shinned hawk,bird,Bird,12/15/2017,2017,Autumn,December,15,Friday,Released,released,4,12,-77.271644,38.625541
WRMD,WRMD2017-1789,,american robin,bird,Bird,12/15/2017,2017,Autumn,December,15,Friday,Released,released,4,12,-77.606882,39.122258
WRMD,WRMD2017-1792,,eastern screech owl,owl,Bird,12/17/2017,2017,Autumn,December,17,Sunday,Died,euthanized in 24hr,6,12,-77.734232,39.143614
WRMD,WRMD2017-1793,,red-shouldered hawk,bird,Bird,12/17/2017,2017,Autumn,December,17,Sunday,Died,euthanized in 24hr,6,12,-77.9928,38.511694
WRMD,WRMD2017-1798,,red-shouldered hawk,bird,Bird,12/17/2017,2017,Autumn,December,17,Sunday,Died,euthanized +24hr,6,12,-77.884726,38.962661
WRMD,WRMD2017-1800,,barred owl,owl,Bird,12/17/2017,2017,Autumn,December,17,Sunday,Released,released,6,12,-77.967401,38.911315
WRMD,WRMD2017-1801,,eastern gray squirrel,rodent,Mammal,12/17/2017,2017,Autumn,December,17,Sunday,Died,euthanized in 24hr,6,12,-78.745448,38.821081
WRMD,WRMD2017-1806,,virginia opossum,marsupial,Mammal,12/18/2017,2017,Autumn,December,18,Monday,Died,dead on arrival,0,12,-78.513189,38.995339
WRMD,WRMD2017-1807,,eastern screech owl,owl,Bird,12/18/2017,2017,Autumn,December,18,Monday,Released,released,0,12,-78.060132,39.048614
WRMD,WRMD2017-1814,,great blue heron,bird,Bird,12/22/2017,2017,Winter,December,22,Friday,Died,euthanized in 24hr,4,12,-77.741105,39.108472
WRMD,WRMD2017-1815,,eastern cottontail,rabbits & hares,Mammal,12/25/2017,2017,Winter,December,25,Monday,Died,euthanized in 24hr,0,12,-78.269763,38.90462
WRMD,WRMD2017-1822,,eastern gray squirrel,rodent,Mammal,12/26/2017,2017,Winter,December,26,Tuesday,Died,euthanized in 24hr,1,12,-77.847124,38.860599
WRMD,WRMD2017-1825,,eastern screech owl,owl,Bird,12/29/2017,2017,Winter,December,29,Friday,Released,released,4,12,-78.67891,38.69317
WRMD,WRMD2018-6,,eastern screech owl,owl,Bird,01/05/2018,2018,Winter,January,5,Friday,Released,released,4,1,-77.796156,38.308398
WRMD,WRMD2018-13,,merlin,bird,Bird,01/07/2018,2018,Winter,January,7,Sunday,Died,died +24hr,6,1,-78.221027,38.9956
WRMD,WRMD2018-15,,red-shouldered hawk,bird,Bird,01/08/2018,2018,Winter,January,8,Monday,Died,euthanized in 24hr,0,1,-77.76781,38.572378
WRMD,WRMD2018-16,,eastern screech owl,owl,Bird,01/08/2018,2018,Winter,January,8,Monday,Released,released,0,1,-78.365848,38.972487
WRMD,WRMD2018-18,,hermit thrush,bird,Bird,01/10/2018,2018,Winter,January,10,Wednesday,Died,euthanized in 24hr,2,1,-77.581821,39.034974
WRMD,WRMD2018-20,,eastern cottontail,rabbits & hares,Mammal,01/11/2018,2018,Winter,January,11,Thursday,Died,euthanized in 24hr,3,1,-78.374963,39.085146
WRMD,WRMD2018-23,,barred owl,owl,Bird,01/13/2018,2018,Winter,January,13,Saturday,Died,died in 24hr,5,1,-77.231093,38.918722
WRMD,WRMD2018-24,,barred owl,owl,Bird,01/13/2018,2018,Winter,January,13,Saturday,Released,released,5,1,-77.523494,38.416827
WRMD,WRMD2018-27,,canada goose,bird,Bird,01/13/2018,2018,Winter,January,13,Saturday,Died,euthanized +24hr,5,1,-77.54172,38.931678
WRMD,WRMD2018-33,,eastern screech owl,owl,Bird,01/16/2018,2018,Winter,January,16,Tuesday,Released,released,1,1,-78.481288,38.645981
WRMD,WRMD2018-42,,virginia opossum,marsupial,Mammal,01/26/2018,2018,Winter,January,26,Friday,Died,euthanized in 24hr,4,1,-78.134203,39.221805
WRMD,WRMD2018-44,,barred owl,owl,Bird,01/27/2018,2018,Winter,January,27,Saturday,Released,released,5,1,-78.511049,38.740118
WRMD,WRMD2018-50,,red-shouldered hawk,bird,Bird,02/03/2018,2018,Winter,February,3,Saturday,Released,released,5,2,-77.275135,38.820858
WRMD,WRMD2018-51,,striped skunk,skunk,Mammal,02/04/2018,2018,Winter,February,4,Sunday,Died,euthanized in 24hr,6,2,-77.387936,39.025597
WRMD,WRMD2018-53,,barred owl,owl,Bird,02/05/2018,2018,Winter,February,5,Monday,Released,released,0,2,-77.181045,38.760711
WRMD,WRMD2018-54,,striped skunk,skunk,Mammal,02/05/2018,2018,Winter,February,5,Monday,Died,euthanized in 24hr,0,2,-77.906872,38.779575
WRMD,WRMD2018-59,,red-tailed hawk,bird,Bird,02/08/2018,2018,Winter,February,8,Thursday,Released,released,3,2,-77.341887,38.876886
WRMD,WRMD2018-60,,red-tailed hawk,bird,Bird,02/09/2018,2018,Winter,February,9,Friday,Died,died +24hr,4,2,-78.008826,39.168998
WRMD,WRMD2018-62,,eastern screech owl,owl,Bird,02/10/2018,2018,Winter,February,10,Saturday,Released,released,5,2,-77.786947,39.041524
WRMD,WRMD2018-64,,red-shouldered hawk,bird,Bird,02/11/2018,2018,Winter,February,11,Sunday,Released,released,6,2,-77.271922,38.863982
WRMD,WRMD2018-65,,red-shouldered hawk,bird,Bird,02/12/2018,2018,Winter,February,12,Monday,Released,released,0,2,-77.319891,38.818978
WRMD,WRMD2018-69,,eastern gray squirrel,rodent,Mammal,02/14/2018,2018,Winter,February,14,Wednesday,Died,euthanized in 24hr,2,2,-78.213133,39.140162
WRMD,WRMD2018-71,,cooper's hawk,bird,Bird,02/16/2018,2018,Winter,February,16,Friday,Released,released,4,2,-77.136805,38.689298
WRMD,WRMD2018-76,,american robin,bird,Bird,02/19/2018,2018,Winter,February,19,Monday,Died,dead on arrival,0,2,-78.142079,39.196743
WRMD,WRMD2018-84,,northern raccoon,raccoon,Mammal,02/22/2018,2018,Winter,February,22,Thursday,Released,released,3,2,-78.060132,39.048614
WRMD,WRMD2018-88,,eastern screech owl,owl,Bird,02/24/2018,2018,Winter,February,24,Saturday,Released,released,5,2,-78.107411,38.933587
WRMD,WRMD2018-89,,american goldfinch,bird,Bird,02/24/2018,2018,Winter,February,24,Saturday,Died,died in 24hr,5,2,-78.126266,38.897954
WRMD,WRMD2018-90,,belted kingfisher,bird,Bird,02/24/2018,2018,Winter,February,24,Saturday,Died,euthanized +24hr,5,2,-77.874089,39.121007
WRMD,WRMD2018-93,,turkey vulture,bird,Bird,02/26/2018,2018,Winter,February,26,Monday,Died,euthanized in 24hr,0,2,-77.720904,38.777815
WRMD,WRMD2018-100,,house finch,bird,Bird,03/03/2018,2018,Winter,March,3,Saturday,Died,died +24hr,5,3,-77.522029,39.023522
WRMD,WRMD2018-124,,red-shouldered hawk,bird,Bird,03/07/2018,2018,Winter,March,7,Wednesday,Released,released,2,3,-77.232447,38.926879
WRMD,WRMD2018-127,,eastern cottontail,rabbits & hares,Mammal,03/08/2018,2018,Winter,March,8,Thursday,Died,euthanized in 24hr,3,3,-78.217414,39.082871
WRMD,WRMD2018-130,,eastern gray squirrel,rodent,Mammal,03/10/2018,2018,Winter,March,10,Saturday,Died,died +24hr,5,3,-78.151893,39.044629
WRMD,WRMD2018-131,,eastern cottontail,rabbits & hares,Mammal,03/10/2018,2018,Winter,March,10,Saturday,Died,euthanized in 24hr,5,3,-78.060433,39.116184
WRMD,WRMD2018-132,,red-shouldered hawk,bird,Bird,03/10/2018,2018,Winter,March,10,Saturday,Released,released,5,3,-77.392618,38.45608
WRMD,WRMD2018-141,,american robin,bird,Bird,03/14/2018,2018,Winter,March,14,Wednesday,Died,dead on arrival,2,3,-78.397405,39.145372
WRMD,WRMD2018-146,,red-shouldered hawk,bird,Bird,03/17/2018,2018,Winter,March,17,Saturday,Died,euthanized +24hr,5,3,-78.16856,39.169668
WRMD,WRMD2018-169,,canada goose,bird,Bird,03/26/2018,2018,Spring,March,26,Monday,Died,died in 24hr,0,3,-77.473202,38.999143
WRMD,WRMD2018-170,,eastern cottontail,rabbits & hares,Mammal,03/27/2018,2018,Spring,March,27,Tuesday,Released,released,1,3,-78.118209,38.936403
WRMD,WRMD2018-180,,red fox,fox,Mammal,03/30/2018,2018,Spring,March,30,Friday,Released,released,4,3,-78.17793,39.132772
WRMD,WRMD2018-181,,red fox,fox,Mammal,03/30/2018,2018,Spring,March,30,Friday,Released,released,4,3,-78.17793,39.132772
WRMD,WRMD2018-182,,red fox,fox,Mammal,03/30/2018,2018,Spring,March,30,Friday,Released,released,4,3,-78.17793,39.132772
WRMD,WRMD2018-183,,red fox,fox,Mammal,03/30/2018,2018,Spring,March,30,Friday,Released,released,4,3,-78.17793,39.132772
WRMD,WRMD2018-184,,red fox,fox,Mammal,03/30/2018,2018,Spring,March,30,Friday,Released,released,4,3,-78.17793,39.132772
WRMD,WRMD2018-187,,cooper's hawk,bird,Bird,03/30/2018,2018,Spring,March,30,Friday,Died,euthanized in 24hr,4,3,-78.325548,39.203228
WRMD,WRMD2018-195,,eastern cottontail,rabbits & hares,Mammal,03/31/2018,2018,Spring,March,31,Saturday,Died,euthanized in 24hr,5,3,-77.991926,39.135711
WRMD,WRMD2018-246,,wild turkey,bird,Bird,04/09/2018,2018,Spring,April,9,Monday,Died,dead on arrival,0,4,-77.926696,38.915404
WRMD,WRMD2018-259,,eastern gray squirrel,rodent,Mammal,04/12/2018,2018,Spring,April,12,Thursday,Released,released,3,4,-78.338224,39.198245
WRMD,WRMD2018-261,,virginia opossum,marsupial,Mammal,04/13/2018,2018,Spring,April,13,Friday,Released,released,4,4,-78.153155,39.186132
WRMD,WRMD2018-262,,virginia opossum,marsupial,Mammal,04/13/2018,2018,Spring,April,13,Friday,Released,released,4,4,-78.153155,39.186132
WRMD,WRMD2018-263,,virginia opossum,marsupial,Mammal,04/13/2018,2018,Spring,April,13,Friday,Released,released,4,4,-78.153155,39.186132
WRMD,WRMD2018-267,,virginia opossum,marsupial,Mammal,04/13/2018,2018,Spring,April,13,Friday,Released,released,4,4,-78.152239,39.186254
WRMD,WRMD2018-268,,eastern gray squirrel,rodent,Mammal,04/14/2018,2018,Spring,April,14,Saturday,Died,died +24hr,5,4,-78.192258,39.137068
WRMD,WRMD2018-269,,eastern gray squirrel,rodent,Mammal,04/14/2018,2018,Spring,April,14,Saturday,Transferred,transferred,5,4,-78.192258,39.137068
WRMD,WRMD2018-270,,virginia opossum,marsupial,Mammal,04/14/2018,2018,Spring,April,14,Saturday,Transferred,transferred,5,4,-77.702324,39.134166
WRMD,WRMD2018-271,,virginia opossum,marsupial,Mammal,04/14/2018,2018,Spring,April,14,Saturday,Transferred,transferred,5,4,-77.702324,39.134166
WRMD,WRMD2018-272,,virginia opossum,marsupial,Mammal,04/14/2018,2018,Spring,April,14,Saturday,Transferred,transferred,5,4,-77.702324,39.134166
WRMD,WRMD2018-273,,virginia opossum,marsupial,Mammal,04/14/2018,2018,Spring,April,14,Saturday,Transferred,transferred,5,4,-77.702324,39.134166
WRMD,WRMD2018-274,,virginia opossum,marsupial,Mammal,04/14/2018,2018,Spring,April,14,Saturday,Transferred,transferred,5,4,-77.702324,39.134166
WRMD,WRMD2018-275,,virginia opossum,marsupial,Mammal,04/14/2018,2018,Spring,April,14,Saturday,Transferred,transferred,5,4,-77.702324,39.134166
WRMD,WRMD2018-276,,virginia opossum,marsupial,Mammal,04/14/2018,2018,Spring,April,14,Saturday,Transferred,transferred,5,4,-77.702324,39.134166
WRMD,WRMD2018-277,,virginia opossum,marsupial,Mammal,04/14/2018,2018,Spring,April,14,Saturday,Transferred,transferred,5,4,-77.702324,39.134166
WRMD,WRMD2018-284,,eastern gray squirrel,rodent,Mammal,04/15/2018,2018,Spring,April,15,Sunday,Died,euthanized in 24hr,6,4,-78.072324,39.086707
WRMD,WRMD2018-287,,virginia opossum,marsupial,Mammal,04/16/2018,2018,Spring,April,16,Monday,Died,euthanized in 24hr,0,4,-78.012566,38.608987
WRMD,WRMD2018-288,,virginia opossum,marsupial,Mammal,04/16/2018,2018,Spring,April,16,Monday,Died,euthanized in 24hr,0,4,-78.012566,38.608987
WRMD,WRMD2018-289,,virginia opossum,marsupial,Mammal,04/16/2018,2018,Spring,April,16,Monday,Died,euthanized in 24hr,0,4,-78.012566,38.608987
WRMD,WRMD2018-290,,virginia opossum,marsupial,Mammal,04/16/2018,2018,Spring,April,16,Monday,Died,euthanized in 24hr,0,4,-78.012566,38.608987
WRMD,WRMD2018-291,,virginia opossum,marsupial,Mammal,04/16/2018,2018,Spring,April,16,Monday,Died,dead on arrival,0,4,-78.012566,38.608987
WRMD,WRMD2018-292,,virginia opossum,marsupial,Mammal,04/16/2018,2018,Spring,April,16,Monday,Died,dead on arrival,0,4,-78.012566,38.608987
WRMD,WRMD2018-296,,virginia opossum,marsupial,Mammal,04/15/2018,2018,Spring,April,15,Sunday,Died,died +24hr,6,4,-77.945889,38.778594
WRMD,WRMD2018-297,,virginia opossum,marsupial,Mammal,04/15/2018,2018,Spring,April,15,Sunday,Released,released,6,4,-77.945889,38.778594
WRMD,WRMD2018-298,,virginia opossum,marsupial,Mammal,04/15/2018,2018,Spring,April,15,Sunday,Released,released,6,4,-77.945889,38.778594
WRMD,WRMD2018-299,,virginia opossum,marsupial,Mammal,04/15/2018,2018,Spring,April,15,Sunday,Died,euthanized +24hr,6,4,-77.945889,38.778594
WRMD,WRMD2018-300,,virginia opossum,marsupial,Mammal,04/15/2018,2018,Spring,April,15,Sunday,Died,euthanized +24hr,6,4,-77.945889,38.778594
WRMD,WRMD2018-301,,virginia opossum,marsupial,Mammal,04/15/2018,2018,Spring,April,15,Sunday,Released,released,6,4,-77.945889,38.778594
WRMD,WRMD2018-302,,virginia opossum,marsupial,Mammal,04/15/2018,2018,Spring,April,15,Sunday,Died,died +24hr,6,4,-77.945889,38.778594
WRMD,WRMD2018-303,,virginia opossum,marsupial,Mammal,04/15/2018,2018,Spring,April,15,Sunday,Died,died +24hr,6,4,-77.945889,38.778594
WRMD,WRMD2018-304,,eastern gray squirrel,rodent,Mammal,04/16/2018,2018,Spring,April,16,Monday,Released,released,0,4,-77.641936,39.135105
WRMD,WRMD2018-305,,american robin,bird,Bird,04/15/2018,2018,Spring,April,15,Sunday,Died,died in 24hr,6,4,-77.057224,38.753246
WRMD,WRMD2018-306,,american robin,bird,Bird,04/16/2018,2018,Spring,April,16,Monday,Released,released,0,4,-77.518701,39.017288
WRMD,WRMD2018-326,,barred owl,owl,Bird,04/20/2018,2018,Spring,April,20,Friday,Died,euthanized +24hr,4,4,-77.786939,39.084829
WRMD,WRMD2018-331,,canada goose,bird,Bird,04/21/2018,2018,Spring,April,21,Saturday,Died,euthanized in 24hr,5,4,-77.982092,38.411216
WRMD,WRMD2018-341,,groundhog,rodent,Mammal,04/22/2018,2018,Spring,April,22,Sunday,Died,died in 24hr,6,4,-78.164445,39.269528
WRMD,WRMD2018-354,,eastern gray squirrel,rodent,Mammal,04/23/2018,2018,Spring,April,23,Monday,Transferred,transferred,0,4,-77.436663,38.898376
WRMD,WRMD2018-360,,eastern gray squirrel,rodent,Mammal,04/23/2018,2018,Spring,April,23,Monday,Died,died in 24hr,0,4,-78.151479,38.966951
WRMD,WRMD2018-362,,northern cardinal,bird,Bird,04/24/2018,2018,Spring,April,24,Tuesday,Died,dead on arrival,1,4,-77.783045,39.010154
WRMD,WRMD2018-378,,sharp-shinned hawk,bird,Bird,04/27/2018,2018,Spring,April,27,Friday,Died,euthanized in 24hr,4,4,-77.542474,39.147291
WRMD,WRMD2018-380,,eastern gray squirrel,rodent,Mammal,04/27/2018,2018,Spring,April,27,Friday,Died,euthanized in 24hr,4,4,-77.306266,38.938612
WRMD,WRMD2018-387,,red-shouldered hawk,bird,Bird,04/27/2018,2018,Spring,April,27,Friday,Died,died in 24hr,4,4,-78.017231,39.084414
WRMD,WRMD2018-390,,virginia opossum,marsupial,Mammal,04/28/2018,2018,Spring,April,28,Saturday,Died,euthanized +24hr,5,4,-78.139188,38.991055
WRMD,WRMD2018-431,,groundhog,rodent,Mammal,04/30/2018,2018,Spring,April,30,Monday,Died,died +24hr,0,4,-77.980363,39.189019
WRMD,WRMD2018-481,,red-shouldered hawk,bird,Bird,05/05/2018,2018,Spring,May,5,Saturday,Died,euthanized +24hr,5,5,-77.366822,39.023263
WRMD,WRMD2018-496,,virginia opossum,marsupial,Mammal,05/07/2018,2018,Spring,May,7,Monday,Released,released,0,5,-78.329881,38.846521
WRMD,WRMD2018-530,,virginia opossum,marsupial,Mammal,05/10/2018,2018,Spring,May,10,Thursday,Died,euthanized +24hr,3,5,-78.512429,38.918791
WRMD,WRMD2018-536,,virginia opossum,marsupial,Mammal,05/10/2018,2018,Spring,May,10,Thursday,Released,released,3,5,-78.177176,39.346943
WRMD,WRMD2018-537,,virginia opossum,marsupial,Mammal,05/10/2018,2018,Spring,May,10,Thursday,Released,released,3,5,-78.177176,39.346943
WRMD,WRMD2018-538,,virginia opossum,marsupial,Mammal,05/10/2018,2018,Spring,May,10,Thursday,Died,euthanized +24hr,3,5,-78.177176,39.346943
WRMD,WRMD2018-539,,virginia opossum,marsupial,Mammal,05/10/2018,2018,Spring,May,10,Thursday,Released,released,3,5,-78.177176,39.346943
WRMD,WRMD2018-540,,virginia opossum,marsupial,Mammal,05/10/2018,2018,Spring,May,10,Thursday,Released,released,3,5,-78.177176,39.346943
WRMD,WRMD2018-543,,woodland box turtle,turtle,Reptile,05/11/2018,2018,Spring,May,11,Friday,Died,dead on arrival,4,5,-78.172955,39.102226
WRMD,WRMD2018-551,,woodland box turtle,turtle,Reptile,05/12/2018,2018,Spring,May,12,Saturday,Released,released,5,5,-77.639269,39.096835
WRMD,WRMD2018-560,,snapping turtle,turtle,Reptile,05/13/2018,2018,Spring,May,13,Sunday,Released,released,6,5,-77.971359,38.991299
WRMD,WRMD2018-562,,red fox,fox,Mammal,05/13/2018,2018,Spring,May,13,Sunday,Died,euthanized +24hr,6,5,-77.773883,38.862058
WRMD,WRMD2018-564,,groundhog,rodent,Mammal,05/13/2018,2018,Spring,May,13,Sunday,Died,euthanized +24hr,6,5,-77.231001,38.699736
WRMD,WRMD2018-571,,woodland box turtle,turtle,Reptile,05/14/2018,2018,Spring,May,14,Monday,Released,released,0,5,-78.436829,39.089737
WRMD,WRMD2018-575,,woodland box turtle,turtle,Reptile,05/15/2018,2018,Spring,May,15,Tuesday,Died,euthanized in 24hr,1,5,-78.115336,39.132284
WRMD,WRMD2018-577,,woodland box turtle,turtle,Reptile,05/15/2018,2018,Spring,May,15,Tuesday,Released,released,1,5,-77.317792,38.396893
WRMD,WRMD2018-578,,woodland box turtle,turtle,Reptile,05/16/2018,2018,Spring,May,16,Wednesday,Released,released,2,5,-78.261742,38.915518
WRMD,WRMD2018-581,,groundhog,rodent,Mammal,05/15/2018,2018,Spring,May,15,Tuesday,Died,euthanized in 24hr,1,5,-77.607177,39.126377
WRMD,WRMD2018-582,,eastern painted turtle,turtle,Reptile,05/15/2018,2018,Spring,May,15,Tuesday,Released,released,1,5,-77.517932,39.2232
WRMD,WRMD2018-584,,woodland box turtle,turtle,Reptile,05/16/2018,2018,Spring,May,16,Wednesday,Died,died in 24hr,2,5,-78.028842,39.026841
WRMD,WRMD2018-592,,virginia opossum,marsupial,Mammal,05/16/2018,2018,Spring,May,16,Wednesday,Died,died +24hr,2,5,-78.075513,38.736438
WRMD,WRMD2018-593,,virginia opossum,marsupial,Mammal,05/16/2018,2018,Spring,May,16,Wednesday,Released,released,2,5,-78.075513,38.736438
WRMD,WRMD2018-594,,virginia opossum,marsupial,Mammal,05/16/2018,2018,Spring,May,16,Wednesday,Released,released,2,5,-78.075513,38.736438
WRMD,WRMD2018-595,,virginia opossum,marsupial,Mammal,05/16/2018,2018,Spring,May,16,Wednesday,Released,released,2,5,-78.075513,38.736438
WRMD,WRMD2018-596,,virginia opossum,marsupial,Mammal,05/16/2018,2018,Spring,May,16,Wednesday,Released,released,2,5,-78.075513,38.736438
WRMD,WRMD2018-597,,virginia opossum,marsupial,Mammal,05/16/2018,2018,Spring,May,16,Wednesday,Released,released,2,5,-78.075513,38.736438
WRMD,WRMD2018-598,,virginia opossum,marsupial,Mammal,05/16/2018,2018,Spring,May,16,Wednesday,Released,released,2,5,-78.075513,38.736438
WRMD,WRMD2018-599,,virginia opossum,marsupial,Mammal,05/16/2018,2018,Spring,May,16,Wednesday,Released,released,2,5,-78.075513,38.736438
WRMD,WRMD2018-600,,virginia opossum,marsupial,Mammal,05/16/2018,2018,Spring,May,16,Wednesday,Released,released,2,5,-78.075513,38.736438
WRMD,WRMD2018-604,,eastern cottontail,rabbits & hares,Mammal,05/16/2018,2018,Spring,May,16,Wednesday,Released,released,2,5,-77.86724,39.05244
WRMD,WRMD2018-666,,eastern painted turtle,turtle,Reptile,05/20/2018,2018,Spring,May,20,Sunday,Released,released,6,5,-78.14054,39.163068
WRMD,WRMD2018-691,,red fox,fox,Mammal,05/22/2018,2018,Spring,May,22,Tuesday,Died,died in 24hr,1,5,-78.146035,39.197909
WRMD,WRMD2018-700,,eastern painted turtle,turtle,Reptile,05/22/2018,2018,Spring,May,22,Tuesday,Released,released,1,5,-78.584938,38.859341
WRMD,WRMD2018-709,,eastern painted turtle,turtle,Reptile,05/22/2018,2018,Spring,May,22,Tuesday,Died,died +24hr,1,5,-77.640008,39.274979
WRMD,WRMD2018-715,,eastern painted turtle,turtle,Reptile,05/23/2018,2018,Spring,May,23,Wednesday,Released,released,2,5,-77.6364,39.159341
WRMD,WRMD2018-721,,woodland box turtle,turtle,Reptile,05/23/2018,2018,Spring,May,23,Wednesday,Released,released,2,5,-78.159721,38.929003
WRMD,WRMD2018-722,,red-eared slider,turtle,Reptile,05/23/2018,2018,Spring,May,23,Wednesday,Died,euthanized in 24hr,2,5,-78.09157,38.488403
WRMD,WRMD2018-725,,eastern painted turtle,turtle,Reptile,05/24/2018,2018,Spring,May,24,Thursday,Released,released,3,5,-78.358616,38.98872
WRMD,WRMD2018-727,,woodland box turtle,turtle,Reptile,05/24/2018,2018,Spring,May,24,Thursday,Died,died in 24hr,3,5,-78.053141,39.078908
WRMD,WRMD2018-728,,eastern painted turtle,turtle,Reptile,05/24/2018,2018,Spring,May,24,Thursday,Died,euthanized +24hr,3,5,-78.083673,39.081462
WRMD,WRMD2018-736,,hermit thrush,bird,Bird,05/24/2018,2018,Spring,May,24,Thursday,Released,released,3,5,-78.627628,38.874995
WRMD,WRMD2018-744,,eastern phoebe,bird,Bird,05/25/2018,2018,Spring,May,25,Friday,Died,died in 24hr,4,5,-78.041722,39.007436
WRMD,WRMD2018-754,,eastern painted turtle,turtle,Reptile,05/27/2018,2018,Spring,May,27,Sunday,Released,released,6,5,-77.950477,38.312061
WRMD,WRMD2018-758,,eastern painted turtle,turtle,Reptile,05/27/2018,2018,Spring,May,27,Sunday,Died,died in 24hr,6,5,-78.121122,39.134854
WRMD,WRMD2018-759,,woodland box turtle,turtle,Reptile,05/26/2018,2018,Spring,May,26,Saturday,Released,released,5,5,-77.382176,38.641911
WRMD,WRMD2018-760,,snapping turtle,turtle,Reptile,05/26/2018,2018,Spring,May,26,Saturday,Released,released,5,5,-77.547219,38.723691
WRMD,WRMD2018-767,,eastern painted turtle,turtle,Reptile,05/26/2018,2018,Spring,May,26,Saturday,Died,died in 24hr,5,5,-77.739717,38.741508
WRMD,WRMD2018-770,,woodland box turtle,turtle,Reptile,05/26/2018,2018,Spring,May,26,Saturday,Released,released,5,5,-77.747349,39.098498
WRMD,WRMD2018-772,,eastern painted turtle,turtle,Reptile,05/27/2018,2018,Spring,May,27,Sunday,Died,died in 24hr,6,5,-77.971359,38.991299
WRMD,WRMD2018-781,,eastern cottontail,rabbits & hares,Mammal,05/27/2018,2018,Spring,May,27,Sunday,Died,euthanized in 24hr,6,5,-78.453459,38.700643
WRMD,WRMD2018-795,,snapping turtle,turtle,Reptile,05/28/2018,2018,Spring,May,28,Monday,Released,released,0,5,-77.782902,38.586816
WRMD,WRMD2018-799,,eastern cottontail,rabbits & hares,Mammal,05/29/2018,2018,Spring,May,29,Tuesday,Died,euthanized in 24hr,1,5,-78.163334,39.18566
WRMD,WRMD2018-800,,woodland box turtle,turtle,Reptile,05/29/2018,2018,Spring,May,29,Tuesday,Released,released,1,5,-78.220451,38.977996
WRMD,WRMD2018-806,,eastern painted turtle,turtle,Reptile,05/30/2018,2018,Spring,May,30,Wednesday,Released,released,2,5,-77.94816,39.160021
WRMD,WRMD2018-807,,snapping turtle,turtle,Reptile,05/30/2018,2018,Spring,May,30,Wednesday,Released,released,2,5,-78.157679,39.121221
WRMD,WRMD2018-817,,eastern cottontail,rabbits & hares,Mammal,05/31/2018,2018,Spring,May,31,Thursday,Died,euthanized in 24hr,3,5,-77.551834,39.090963
WRMD,WRMD2018-818,,woodland box turtle,turtle,Reptile,05/31/2018,2018,Spring,May,31,Thursday,Released,released,3,5,-77.853353,38.294244
WRMD,WRMD2018-820,,eastern painted turtle,turtle,Reptile,06/01/2018,2018,Spring,June,1,Friday,Released,released,4,6,-77.722766,39.258748
WRMD,WRMD2018-821,,snapping turtle,turtle,Reptile,06/01/2018,2018,Spring,June,1,Friday,Released,released,4,6,-78.372713,38.989068
WRMD,WRMD2018-824,,osprey,bird,Bird,06/01/2018,2018,Spring,June,1,Friday,Died,euthanized +24hr,4,6,-77.367773,38.520438
WRMD,WRMD2018-825,,woodland box turtle,turtle,Reptile,06/01/2018,2018,Spring,June,1,Friday,Died,died in 24hr,4,6,-77.563336,39.106082
WRMD,WRMD2018-826,,virginia opossum,marsupial,Mammal,06/01/2018,2018,Spring,June,1,Friday,Died,euthanized in 24hr,4,6,-78.505843,38.881778
WRMD,WRMD2018-837,,groundhog,rodent,Mammal,06/02/2018,2018,Spring,June,2,Saturday,Died,died in 24hr,5,6,-77.753128,38.907194
WRMD,WRMD2018-838,,eastern cottontail,rabbits & hares,Mammal,06/02/2018,2018,Spring,June,2,Saturday,Died,died in 24hr,5,6,-77.730095,39.141059
WRMD,WRMD2018-842,,virginia opossum,marsupial,Mammal,06/02/2018,2018,Spring,June,2,Saturday,Died,euthanized in 24hr,5,6,-78.213147,39.201886
WRMD,WRMD2018-843,,snapping turtle,turtle,Reptile,06/03/2018,2018,Spring,June,3,Sunday,Died,dead on arrival,6,6,-78.031893,39.064515
WRMD,WRMD2018-847,,snapping turtle,turtle,Reptile,06/04/2018,2018,Spring,June,4,Monday,Released,released,0,6,-77.512864,39.010739
WRMD,WRMD2018-860,,eastern painted turtle,turtle,Reptile,06/04/2018,2018,Spring,June,4,Monday,Died,died in 24hr,0,6,-77.714716,39.136725
WRMD,WRMD2018-862,,virginia opossum,marsupial,Mammal,06/04/2018,2018,Spring,June,4,Monday,Released,released,0,6,-77.970237,39.184518
WRMD,WRMD2018-863,,virginia opossum,marsupial,Mammal,06/04/2018,2018,Spring,June,4,Monday,Released,released,0,6,-77.970237,39.184518
WRMD,WRMD2018-864,,virginia opossum,marsupial,Mammal,06/04/2018,2018,Spring,June,4,Monday,Released,released,0,6,-77.970237,39.184518
WRMD,WRMD2018-865,,virginia opossum,marsupial,Mammal,06/04/2018,2018,Spring,June,4,Monday,Released,released,0,6,-77.970237,39.184518
WRMD,WRMD2018-866,,virginia opossum,marsupial,Mammal,06/04/2018,2018,Spring,June,4,Monday,Released,released,0,6,-77.970237,39.184518
WRMD,WRMD2018-868,,woodland box turtle,turtle,Reptile,06/05/2018,2018,Spring,June,5,Tuesday,Died,died in 24hr,1,6,-77.819658,39.003845
WRMD,WRMD2018-882,,snapping turtle,turtle,Reptile,06/05/2018,2018,Spring,June,5,Tuesday,Released,released,1,6,-78.577734,38.829249
WRMD,WRMD2018-892,,eastern painted turtle,turtle,Reptile,06/06/2018,2018,Spring,June,6,Wednesday,Released,released,2,6,-77.970017,38.797327
WRMD,WRMD2018-893,,northern cardinal,bird,Bird,06/06/2018,2018,Spring,June,6,Wednesday,Died,euthanized in 24hr,2,6,-78.342663,38.972846
WRMD,WRMD2018-900,,virginia opossum,marsupial,Mammal,06/07/2018,2018,Spring,June,7,Thursday,Died,euthanized in 24hr,3,6,-76.862033,38.968511
WRMD,WRMD2018-906,,woodland box turtle,turtle,Reptile,06/07/2018,2018,Spring,June,7,Thursday,Released,released,3,6,-77.982219,39.151771
WRMD,WRMD2018-920,,virginia opossum,marsupial,Mammal,06/09/2018,2018,Spring,June,9,Saturday,Died,dead on arrival,5,6,-78.155637,39.183188
WRMD,WRMD2018-921,,virginia opossum,marsupial,Mammal,06/09/2018,2018,Spring,June,9,Saturday,Died,dead on arrival,5,6,-78.155637,39.183188
WRMD,WRMD2018-922,,virginia opossum,marsupial,Mammal,06/09/2018,2018,Spring,June,9,Saturday,Died,euthanized in 24hr,5,6,-78.155637,39.183188
WRMD,WRMD2018-923,,virginia opossum,marsupial,Mammal,06/09/2018,2018,Spring,June,9,Saturday,Died,euthanized in 24hr,5,6,-78.155637,39.183188
WRMD,WRMD2018-924,,virginia opossum,marsupial,Mammal,06/09/2018,2018,Spring,June,9,Saturday,Died,euthanized in 24hr,5,6,-78.155637,39.183188
WRMD,WRMD2018-925,,virginia opossum,marsupial,Mammal,06/09/2018,2018,Spring,June,9,Saturday,Died,euthanized in 24hr,5,6,-78.155637,39.183188
WRMD,WRMD2018-926,,virginia opossum,marsupial,Mammal,06/09/2018,2018,Spring,June,9,Saturday,Died,euthanized in 24hr,5,6,-78.155637,39.183188
WRMD,WRMD2018-927,,virginia opossum,marsupial,Mammal,06/09/2018,2018,Spring,June,9,Saturday,Died,euthanized in 24hr,5,6,-78.155637,39.183188
WRMD,WRMD2018-928,,virginia opossum,marsupial,Mammal,06/09/2018,2018,Spring,June,9,Saturday,Died,euthanized in 24hr,5,6,-78.155637,39.183188
WRMD,WRMD2018-939,,woodland box turtle,turtle,Reptile,06/09/2018,2018,Spring,June,9,Saturday,Died,euthanized in 24hr,5,6,-78.656894,37.431573
WRMD,WRMD2018-956,,red fox,fox,Mammal,06/11/2018,2018,Spring,June,11,Monday,Died,dead on arrival,0,6,-77.714715,39.136772
WRMD,WRMD2018-966,,virginia opossum,marsupial,Mammal,06/11/2018,2018,Spring,June,11,Monday,Died,euthanized +24hr,0,6,-78.305115,39.32445
WRMD,WRMD2018-968,,turkey vulture,bird,Bird,06/11/2018,2018,Spring,June,11,Monday,Died,euthanized in 24hr,0,6,-78.289099,38.906482
WRMD,WRMD2018-969,,northern cardinal,bird,Bird,06/12/2018,2018,Spring,June,12,Tuesday,Released,released,1,6,-77.980858,39.159096
WRMD,WRMD2018-971,,eastern gray squirrel,rodent,Mammal,06/12/2018,2018,Spring,June,12,Tuesday,Died,euthanized in 24hr,1,6,-78.18701,38.967473
WRMD,WRMD2018-973,,woodland box turtle,turtle,Reptile,06/12/2018,2018,Spring,June,12,Tuesday,Released,released,1,6,-78.257609,39.194598
WRMD,WRMD2018-983,,virginia opossum,marsupial,Mammal,06/13/2018,2018,Spring,June,13,Wednesday,Died,euthanized in 24hr,2,6,-77.48279,38.793844
WRMD,WRMD2018-986,,eastern musk turtle,turtle,Reptile,06/13/2018,2018,Spring,June,13,Wednesday,Released,released,2,6,-77.523557,37.987105
WRMD,WRMD2018-992,,eastern cottontail,rabbits & hares,Mammal,06/13/2018,2018,Spring,June,13,Wednesday,Died,died +24hr,2,6,-78.093452,39.262496
WRMD,WRMD2018-993,,black rat snake,snake,Reptile,06/13/2018,2018,Spring,June,13,Wednesday,Died,died in 24hr,2,6,-78.003083,39.062526
WRMD,WRMD2018-994,,corn snake,snake,Reptile,06/13/2018,2018,Spring,June,13,Wednesday,Died,died in 24hr,2,6,-78.003926,39.018265
WRMD,WRMD2018-996,,snapping turtle,turtle,Reptile,06/14/2018,2018,Spring,June,14,Thursday,Died,died in 24hr,3,6,-78.075666,38.909439
WRMD,WRMD2018-1026,,eastern chipmunk,rodent,Mammal,06/16/2018,2018,Spring,June,16,Saturday,Died,died in 24hr,5,6,-77.827996,39.133505
WRMD,WRMD2018-1027,,white-tailed deer,deer,Mammal,06/17/2018,2018,Spring,June,17,Sunday,Died,euthanized in 24hr,6,6,-78.165029,39.18315
WRMD,WRMD2018-1032,,snapping turtle,turtle,Reptile,06/18/2018,2018,Spring,June,18,Monday,Released,released,0,6,-77.712883,38.933066
WRMD,WRMD2018-1033,,american crow,bird,Bird,06/19/2018,2018,Spring,June,19,Tuesday,Died,died in 24hr,1,6,-77.558565,39.238014
WRMD,WRMD2018-1044,,woodland box turtle,turtle,Reptile,06/19/2018,2018,Spring,June,19,Tuesday,Died,died +24hr,1,6,-79.619231,36.806773
WRMD,WRMD2018-1050,,snapping turtle,turtle,Reptile,06/20/2018,2018,Spring,June,20,Wednesday,Released,released,2,6,-77.493182,38.891438
WRMD,WRMD2018-1051,,red-shouldered hawk,bird,Bird,06/20/2018,2018,Spring,June,20,Wednesday,Died,euthanized in 24hr,2,6,-77.418881,38.344236
WRMD,WRMD2018-1053,,eastern gray squirrel,rodent,Mammal,06/21/2018,2018,Summer,June,21,Thursday,Released,released,3,6,-78.168744,39.183366
WRMD,WRMD2018-1060,,pileated woodpecker,bird,Bird,06/21/2018,2018,Summer,June,21,Thursday,Died,died in 24hr,3,6,-77.991926,39.135711
WRMD,WRMD2018-1066,,snapping turtle,turtle,Reptile,06/22/2018,2018,Summer,June,22,Friday,Released,released,4,6,-78.722764,38.766413
WRMD,WRMD2018-1067,,woodland box turtle,turtle,Reptile,06/22/2018,2018,Summer,June,22,Friday,Died,dead on arrival,4,6,-78.194824,38.97072
WRMD,WRMD2018-1083,,cooper's hawk,bird,Bird,06/24/2018,2018,Summer,June,24,Sunday,Died,euthanized in 24hr,6,6,-77.854087,38.97127
WRMD,WRMD2018-1087,,canada goose,bird,Bird,06/24/2018,2018,Summer,June,24,Sunday,Died,euthanized +24hr,6,6,-77.842472,38.867189
WRMD,WRMD2018-1089,,woodland box turtle,turtle,Reptile,06/25/2018,2018,Summer,June,25,Monday,Died,died in 24hr,0,6,-77.833836,38.687219
WRMD,WRMD2018-1090,,woodland box turtle,turtle,Reptile,06/25/2018,2018,Summer,June,25,Monday,Died,died in 24hr,0,6,-77.325194,38.692843
WRMD,WRMD2018-1099,,woodland box turtle,turtle,Reptile,06/26/2018,2018,Summer,June,26,Tuesday,Died,dead on arrival,1,6,-77.924881,38.298712
WRMD,WRMD2018-1102,,woodland box turtle,turtle,Reptile,06/26/2018,2018,Summer,June,26,Tuesday,Released,released,1,6,-77.348135,38.258279
WRMD,WRMD2018-1103,,snapping turtle,turtle,Reptile,06/26/2018,2018,Summer,June,26,Tuesday,Died,died +24hr,1,6,-78.151893,39.044629
WRMD,WRMD2018-1108,,eastern painted turtle,turtle,Reptile,06/26/2018,2018,Summer,June,26,Tuesday,Released,released,1,6,-77.739,38.965155
WRMD,WRMD2018-1136,,yellow-billed cuckoo,bird,Bird,06/28/2018,2018,Summer,June,28,Thursday,Released,released,3,6,-78.176893,39.092991
WRMD,WRMD2018-1140,,eastern cottontail,rabbits & hares,Mammal,06/28/2018,2018,Summer,June,28,Thursday,Died,died +24hr,3,6,-78.078304,38.911643
WRMD,WRMD2018-1143,,red-winged blackbird,bird,Bird,06/28/2018,2018,Summer,June,28,Thursday,Died,died +24hr,3,6,-77.607177,39.126377
WRMD,WRMD2018-1147,,woodland box turtle,turtle,Reptile,06/29/2018,2018,Summer,June,29,Friday,Died,euthanized in 24hr,4,6,-78.18276,39.274092
WRMD,WRMD2018-1160,,red-shouldered hawk,bird,Bird,06/30/2018,2018,Summer,June,30,Saturday,Released,released,5,6,-77.531591,39.096809
WRMD,WRMD2018-1162,,white-tailed deer,deer,Mammal,06/30/2018,2018,Summer,June,30,Saturday,Died,euthanized in 24hr,5,6,-77.991926,39.135711
WRMD,WRMD2018-1177,,eastern gray squirrel,rodent,Mammal,07/01/2018,2018,Summer,July,1,Sunday,Died,dead on arrival,6,7,-78.059443,39.093162
WRMD,WRMD2018-1183,,groundhog,rodent,Mammal,07/02/2018,2018,Summer,July,2,Monday,Died,euthanized in 24hr,0,7,-78.005164,39.076923
WRMD,WRMD2018-1185,,house sparrow,bird,Bird,07/02/2018,2018,Summer,July,2,Monday,Died,euthanized in 24hr,0,7,-78.172457,39.155775
WRMD,WRMD2018-1189,,woodland box turtle,turtle,Reptile,07/03/2018,2018,Summer,July,3,Tuesday,Died,euthanized in 24hr,1,7,-78.260102,39.209644
WRMD,WRMD2018-1194,,woodland box turtle,turtle,Reptile,07/03/2018,2018,Summer,July,3,Tuesday,Released,released,1,7,-78.17314,38.910012
WRMD,WRMD2018-1200,,black rat snake,snake,Reptile,07/04/2018,2018,Summer,July,4,Wednesday,Released,released,2,7,-78.030319,39.08473
WRMD,WRMD2018-1225,,american robin,bird,Bird,07/05/2018,2018,Summer,July,5,Thursday,Died,euthanized in 24hr,3,7,-78.202417,39.086137
WRMD,WRMD2018-1242,,mallard,bird,Bird,07/06/2018,2018,Summer,July,6,Friday,Released,released,4,7,-78.573948,38.829519
WRMD,WRMD2018-1243,,american robin,bird,Bird,07/06/2018,2018,Summer,July,6,Friday,Died,euthanized in 24hr,4,7,-78.335892,39.314859
WRMD,WRMD2018-1254,,barn swallow,bird,Bird,07/07/2018,2018,Summer,July,7,Saturday,Died,died +24hr,5,7,-78.173673,39.052992
WRMD,WRMD2018-1265,,virginia opossum,marsupial,Mammal,07/08/2018,2018,Summer,July,8,Sunday,Died,dead on arrival,6,7,-78.656894,37.431573
WRMD,WRMD2018-1266,,virginia opossum,marsupial,Mammal,07/08/2018,2018,Summer,July,8,Sunday,Died,dead on arrival,6,7,-78.656894,37.431573
WRMD,WRMD2018-1267,,virginia opossum,marsupial,Mammal,07/08/2018,2018,Summer,July,8,Sunday,Died,dead on arrival,6,7,-78.656894,37.431573
WRMD,WRMD2018-1268,,virginia opossum,marsupial,Mammal,07/08/2018,2018,Summer,July,8,Sunday,Died,dead on arrival,6,7,-78.656894,37.431573
WRMD,WRMD2018-1269,,virginia opossum,marsupial,Mammal,07/08/2018,2018,Summer,July,8,Sunday,Died,dead on arrival,6,7,-78.656894,37.431573
WRMD,WRMD2018-1270,,virginia opossum,marsupial,Mammal,07/08/2018,2018,Summer,July,8,Sunday,Died,dead on arrival,6,7,-78.656894,37.431573
WRMD,WRMD2018-1271,,virginia opossum,marsupial,Mammal,07/08/2018,2018,Summer,July,8,Sunday,Died,euthanized in 24hr,6,7,-78.656894,37.431573
WRMD,WRMD2018-1272,,virginia opossum,marsupial,Mammal,07/08/2018,2018,Summer,July,8,Sunday,Died,euthanized in 24hr,6,7,-78.656894,37.431573
WRMD,WRMD2018-1273,,virginia opossum,marsupial,Mammal,07/08/2018,2018,Summer,July,8,Sunday,Died,euthanized in 24hr,6,7,-78.656894,37.431573
WRMD,WRMD2018-1289,,cooper's hawk,bird,Bird,07/10/2018,2018,Summer,July,10,Tuesday,Died,euthanized +24hr,1,7,-77.784398,38.746182
WRMD,WRMD2018-1342,,red-bellied woodpecker,bird,Bird,07/14/2018,2018,Summer,July,14,Saturday,Died,died +24hr,5,7,-77.627501,39.250454
WRMD,WRMD2018-1352,,broad-winged hawk,bird,Bird,07/15/2018,2018,Summer,July,15,Sunday,Released,released,6,7,-78.163424,39.18568
WRMD,WRMD2018-1353,,virginia opossum,marsupial,Mammal,07/15/2018,2018,Summer,July,15,Sunday,Died,euthanized in 24hr,6,7,-78.02469,39.247075
WRMD,WRMD2018-1361,,northern cardinal,bird,Bird,07/16/2018,2018,Summer,July,16,Monday,Died,died +24hr,0,7,-77.641871,38.975678
WRMD,WRMD2018-1365,,woodland box turtle,turtle,Reptile,07/16/2018,2018,Summer,July,16,Monday,Released,released,0,7,-78.510509,39.085391
WRMD,WRMD2018-1372,,northern cardinal,bird,Bird,07/17/2018,2018,Summer,July,17,Tuesday,Died,died in 24hr,1,7,-77.981716,39.152526
WRMD,WRMD2018-1375,,woodland box turtle,turtle,Reptile,07/17/2018,2018,Summer,July,17,Tuesday,Released,released,1,7,-78.091723,39.22571
WRMD,WRMD2018-1385,,eastern cottontail,rabbits & hares,Mammal,07/18/2018,2018,Summer,July,18,Wednesday,Died,euthanized in 24hr,2,7,-78.273944,39.39602
WRMD,WRMD2018-1388,,eastern fox squirrel,rodent,Mammal,07/18/2018,2018,Summer,July,18,Wednesday,Died,dead on arrival,2,7,-77.99649,38.952274
WRMD,WRMD2018-1408,,eastern gray squirrel,rodent,Mammal,07/20/2018,2018,Summer,July,20,Friday,Released,released,4,7,-77.770827,38.865669
WRMD,WRMD2018-1410,,virginia opossum,marsupial,Mammal,07/20/2018,2018,Summer,July,20,Friday,Released,released,4,7,-78.224615,39.039132
WRMD,WRMD2018-1411,,virginia opossum,marsupial,Mammal,07/20/2018,2018,Summer,July,20,Friday,Transferred,transferred,4,7,-78.224615,39.039132
WRMD,WRMD2018-1412,,virginia opossum,marsupial,Mammal,07/20/2018,2018,Summer,July,20,Friday,Transferred,transferred,4,7,-78.224615,39.039132
WRMD,WRMD2018-1413,,virginia opossum,marsupial,Mammal,07/20/2018,2018,Summer,July,20,Friday,Transferred,transferred,4,7,-78.224615,39.039132
WRMD,WRMD2018-1414,,virginia opossum,marsupial,Mammal,07/20/2018,2018,Summer,July,20,Friday,Died,died +24hr,4,7,-78.224615,39.039132
WRMD,WRMD2018-1418,,virginia opossum,marsupial,Mammal,07/21/2018,2018,Summer,July,21,Saturday,Transferred,transferred,5,7,-77.699046,38.584558
WRMD,WRMD2018-1419,,virginia opossum,marsupial,Mammal,07/21/2018,2018,Summer,July,21,Saturday,Died,died +24hr,5,7,-77.699046,38.584558
WRMD,WRMD2018-1420,,virginia opossum,marsupial,Mammal,07/21/2018,2018,Summer,July,21,Saturday,Released,released,5,7,-77.699046,38.584558
WRMD,WRMD2018-1421,,virginia opossum,marsupial,Mammal,07/21/2018,2018,Summer,July,21,Saturday,Released,released,5,7,-77.699046,38.584558
WRMD,WRMD2018-1422,,virginia opossum,marsupial,Mammal,07/21/2018,2018,Summer,July,21,Saturday,Transferred,transferred,5,7,-77.699046,38.584558
WRMD,WRMD2018-1423,,virginia opossum,marsupial,Mammal,07/21/2018,2018,Summer,July,21,Saturday,Transferred,transferred,5,7,-77.699046,38.584558
WRMD,WRMD2018-1424,,virginia opossum,marsupial,Mammal,07/21/2018,2018,Summer,July,21,Saturday,Transferred,transferred,5,7,-77.699046,38.584558
WRMD,WRMD2018-1425,,virginia opossum,marsupial,Mammal,07/21/2018,2018,Summer,July,21,Saturday,Died,died +24hr,5,7,-77.699046,38.584558
WRMD,WRMD2018-1426,,virginia opossum,marsupial,Mammal,07/21/2018,2018,Summer,July,21,Saturday,Transferred,transferred,5,7,-77.699046,38.584558
WRMD,WRMD2018-1427,,virginia opossum,marsupial,Mammal,07/21/2018,2018,Summer,July,21,Saturday,Transferred,transferred,5,7,-77.699046,38.584558
WRMD,WRMD2018-1428,,virginia opossum,marsupial,Mammal,07/21/2018,2018,Summer,July,21,Saturday,Released,released,5,7,-77.699046,38.584558
WRMD,WRMD2018-1431,,carolina wren,bird,Bird,07/21/2018,2018,Summer,July,21,Saturday,Died,died in 24hr,5,7,-78.188772,39.143165
WRMD,WRMD2018-1432,,carolina wren,bird,Bird,07/21/2018,2018,Summer,July,21,Saturday,Died,died in 24hr,5,7,-78.188772,39.143165
WRMD,WRMD2018-1433,,carolina wren,bird,Bird,07/21/2018,2018,Summer,July,21,Saturday,Died,died in 24hr,5,7,-78.188772,39.143165
WRMD,WRMD2018-1434,,carolina wren,bird,Bird,07/21/2018,2018,Summer,July,21,Saturday,Died,died in 24hr,5,7,-78.188772,39.143165
WRMD,WRMD2018-1435,,canada goose,bird,Bird,07/21/2018,2018,Summer,July,21,Saturday,Died,euthanized +24hr,5,7,-77.869517,39.117665
WRMD,WRMD2018-1445,,groundhog,rodent,Mammal,07/22/2018,2018,Summer,July,22,Sunday,Died,euthanized in 24hr,6,7,-78.749129,38.817903
WRMD,WRMD2018-1446,,red-headed woodpecker,bird,Bird,07/22/2018,2018,Summer,July,22,Sunday,Released,released,6,7,-78.097015,39.161417
WRMD,WRMD2018-1448,,northern raccoon,raccoon,Mammal,07/22/2018,2018,Summer,July,22,Sunday,Released,released,6,7,-77.789164,38.581612
WRMD,WRMD2018-1450,,virginia opossum,marsupial,Mammal,07/22/2018,2018,Summer,July,22,Sunday,Died,died +24hr,6,7,-78.163334,39.18566
WRMD,WRMD2018-1451,,virginia opossum,marsupial,Mammal,07/22/2018,2018,Summer,July,22,Sunday,Transferred,transferred,6,7,-78.163334,39.18566
WRMD,WRMD2018-1452,,virginia opossum,marsupial,Mammal,07/22/2018,2018,Summer,July,22,Sunday,Died,died +24hr,6,7,-78.163334,39.18566
WRMD,WRMD2018-1453,,virginia opossum,marsupial,Mammal,07/22/2018,2018,Summer,July,22,Sunday,Transferred,transferred,6,7,-78.163334,39.18566
WRMD,WRMD2018-1454,,virginia opossum,marsupial,Mammal,07/22/2018,2018,Summer,July,22,Sunday,Transferred,transferred,6,7,-78.163334,39.18566
WRMD,WRMD2018-1455,,virginia opossum,marsupial,Mammal,07/22/2018,2018,Summer,July,22,Sunday,Transferred,transferred,6,7,-78.163334,39.18566
WRMD,WRMD2018-1456,,virginia opossum,marsupial,Mammal,07/22/2018,2018,Summer,July,22,Sunday,Died,euthanized in 24hr,6,7,-78.163334,39.18566
WRMD,WRMD2018-1477,,virginia opossum,marsupial,Mammal,07/22/2018,2018,Summer,July,22,Sunday,Died,dead on arrival,6,7,-78.398568,39.007786
WRMD,WRMD2018-1499,,white-tailed deer,deer,Mammal,07/25/2018,2018,Summer,July,25,Wednesday,Died,euthanized in 24hr,2,7,-77.921372,39.001521
WRMD,WRMD2018-1500,,virginia opossum,marsupial,Mammal,07/25/2018,2018,Summer,July,25,Wednesday,Died,died +24hr,2,7,-78.161376,39.168681
WRMD,WRMD2018-1501,,northern cardinal,bird,Bird,07/25/2018,2018,Summer,July,25,Wednesday,Died,died +24hr,2,7,-78.185526,38.914999
WRMD,WRMD2018-1509,,virginia opossum,marsupial,Mammal,07/26/2018,2018,Summer,July,26,Thursday,Released,released,3,7,-78.367501,38.978595
WRMD,WRMD2018-1510,,virginia opossum,marsupial,Mammal,07/26/2018,2018,Summer,July,26,Thursday,Released,released,3,7,-78.367501,38.978595
WRMD,WRMD2018-1511,,virginia opossum,marsupial,Mammal,07/26/2018,2018,Summer,July,26,Thursday,Released,released,3,7,-78.367501,38.978595
WRMD,WRMD2018-1512,,virginia opossum,marsupial,Mammal,07/26/2018,2018,Summer,July,26,Thursday,Released,released,3,7,-78.367501,38.978595
WRMD,WRMD2018-1520,,woodland box turtle,turtle,Reptile,07/26/2018,2018,Summer,July,26,Thursday,Died,died +24hr,3,7,-78.092777,39.119129
WRMD,WRMD2018-1521,,eastern painted turtle,turtle,Reptile,07/26/2018,2018,Summer,July,26,Thursday,Released,released,3,7,-77.466481,39.008977
WRMD,WRMD2018-1522,,eastern painted turtle,turtle,Reptile,07/26/2018,2018,Summer,July,26,Thursday,Released,released,3,7,-77.540322,39.116214
WRMD,WRMD2018-1525,,woodland box turtle,turtle,Reptile,07/26/2018,2018,Summer,July,26,Thursday,Released,released,3,7,-77.832863,38.638918
WRMD,WRMD2018-1526,,red-eared slider,turtle,Reptile,07/26/2018,2018,Summer,July,26,Thursday,Died,euthanized in 24hr,3,7,-77.751722,38.955485
WRMD,WRMD2018-1564,,belted kingfisher,bird,Bird,07/31/2018,2018,Summer,July,31,Tuesday,Died,euthanized in 24hr,1,7,-78.091893,39.513179
WRMD,WRMD2018-1570,,woodland box turtle,turtle,Reptile,08/01/2018,2018,Summer,August,1,Wednesday,Died,died in 24hr,2,8,-77.60375,38.957718
WRMD,WRMD2018-1584,,northern red-bellied cooter,turtle,Reptile,08/02/2018,2018,Summer,August,2,Thursday,Released,released,3,8,-77.657066,39.100085
WRMD,WRMD2018-1585,,mallard,bird,Bird,08/02/2018,2018,Summer,August,2,Thursday,Died,euthanized in 24hr,3,8,-78.037078,38.824647
WRMD,WRMD2018-1589,,american robin,bird,Bird,08/02/2018,2018,Summer,August,2,Thursday,Died,died +24hr,3,8,-77.744442,38.325256
WRMD,WRMD2018-1596,,red-tailed hawk,bird,Bird,08/03/2018,2018,Summer,August,3,Friday,Died,euthanized in 24hr,4,8,-77.779699,38.863548
WRMD,WRMD2018-1607,,woodland box turtle,turtle,Reptile,08/05/2018,2018,Summer,August,5,Sunday,Died,euthanized in 24hr,6,8,-77.842885,39.056118
WRMD,WRMD2018-1644,,eastern painted turtle,turtle,Reptile,08/09/2018,2018,Summer,August,9,Thursday,Died,euthanized in 24hr,3,8,-78.017231,39.084414
WRMD,WRMD2018-1645,,eastern cottontail,rabbits & hares,Mammal,08/09/2018,2018,Summer,August,9,Thursday,Died,euthanized in 24hr,3,8,-78.233171,38.820767
WRMD,WRMD2018-1649,,bobwhite quail,bird,Bird,08/10/2018,2018,Summer,August,10,Friday,Died,died in 24hr,4,8,-77.850145,38.976359
WRMD,WRMD2018-1671,,woodland box turtle,turtle,Reptile,08/11/2018,2018,Summer,August,11,Saturday,Released,released,5,8,-78.054601,38.985365
WRMD,WRMD2018-1672,,woodland box turtle,turtle,Reptile,08/11/2018,2018,Summer,August,11,Saturday,Died,euthanized in 24hr,5,8,-78.408963,39.106783
WRMD,WRMD2018-1673,,groundhog,rodent,Mammal,08/11/2018,2018,Summer,August,11,Saturday,Died,euthanized +24hr,5,8,-77.693267,39.094158
WRMD,WRMD2018-1696,,woodland box turtle,turtle,Reptile,08/13/2018,2018,Summer,August,13,Monday,Released,released,0,8,-78.174537,38.928308
WRMD,WRMD2018-1746,,woodland box turtle,turtle,Reptile,08/18/2018,2018,Summer,August,18,Saturday,Died,euthanized in 24hr,5,8,-78.12819,39.129975
WRMD,WRMD2018-1775,,fish crow,bird,Bird,08/21/2018,2018,Summer,August,21,Tuesday,Died,died in 24hr,1,8,-77.954009,39.109717
WRMD,WRMD2018-1776,,woodland box turtle,turtle,Reptile,08/21/2018,2018,Summer,August,21,Tuesday,Died,euthanized in 24hr,1,8,-78.142275,38.854378
WRMD,WRMD2018-1777,,northern mockingbird,bird,Bird,08/22/2018,2018,Summer,August,22,Wednesday,Died,euthanized in 24hr,2,8,-77.962696,39.197075
WRMD,WRMD2018-1779,,mallard,bird,Bird,08/22/2018,2018,Summer,August,22,Wednesday,Released,released,2,8,-78.1633341,39.1856597
WRMD,WRMD2018-1796,,red-tailed hawk,bird,Bird,08/24/2018,2018,Summer,August,24,Friday,Died,euthanized in 24hr,4,8,-78.512429,38.918791
WRMD,WRMD2018-1825,,black rat snake,snake,Reptile,08/29/2018,2018,Summer,August,29,Wednesday,Died,euthanized in 24hr,2,8,-78.078819,38.975928
WRMD,WRMD2018-1843,,common nighthawk,bird,Bird,09/01/2018,2018,Summer,September,1,Saturday,Released,released,5,9,-77.545084,39.089129
WRMD,WRMD2018-1865,,snapping turtle,turtle,Reptile,09/06/2018,2018,Summer,September,6,Thursday,Released,released,3,9,-77.548271,38.700017
WRMD,WRMD2018-1878,,woodland box turtle,turtle,Reptile,09/09/2018,2018,Summer,September,9,Sunday,Died,dead on arrival,6,9,-78.21806,39.08344
WRMD,WRMD2018-1894,,northern raccoon,raccoon,Mammal,09/11/2018,2018,Summer,September,11,Tuesday,Died,euthanized in 24hr,1,9,-78.147285,39.227085
WRMD,WRMD2018-1903,,double-crested cormorant,bird,Bird,09/14/2018,2018,Summer,September,14,Friday,Died,died +24hr,4,9,-77.449871,38.699383
WRMD,WRMD2018-1908,,virginia opossum,marsupial,Mammal,09/14/2018,2018,Summer,September,14,Friday,Released,released,4,9,-77.4179629,38.9969042
WRMD,WRMD2018-1909,,virginia opossum,marsupial,Mammal,09/15/2018,2018,Summer,September,15,Saturday,Transferred,transferred,5,9,-77.4179629,38.9969042
WRMD,WRMD2018-1910,,virginia opossum,marsupial,Mammal,09/15/2018,2018,Summer,September,15,Saturday,Released,released,5,9,-77.4179629,38.9969042
WRMD,WRMD2018-1911,,virginia opossum,marsupial,Mammal,09/15/2018,2018,Summer,September,15,Saturday,Transferred,transferred,5,9,-77.4179629,38.9969042
WRMD,WRMD2018-1918,,eastern gray squirrel,rodent,Mammal,09/15/2018,2018,Summer,September,15,Saturday,Died,died in 24hr,5,9,-78.297456,38.908882
WRMD,WRMD2018-1919,,woodland box turtle,turtle,Reptile,09/15/2018,2018,Summer,September,15,Saturday,Released,released,5,9,-78.050929,39.072518
WRMD,WRMD2018-1922,,woodland box turtle,turtle,Reptile,09/15/2018,2018,Summer,September,15,Saturday,Released,released,5,9,-78.082439,39.191448
WRMD,WRMD2018-1927,,eastern gray squirrel,rodent,Mammal,09/16/2018,2018,Summer,September,16,Sunday,Released,released,6,9,-78.201408,39.224115
WRMD,WRMD2018-1928,,woodland box turtle,turtle,Reptile,09/16/2018,2018,Summer,September,16,Sunday,Died,euthanized in 24hr,6,9,-77.63448,38.611336
WRMD,WRMD2018-1934,,cooper's hawk,bird,Bird,09/16/2018,2018,Summer,September,16,Sunday,Died,euthanized in 24hr,6,9,-77.397021,39.00288
WRMD,WRMD2018-1937,,black rat snake,snake,Reptile,09/17/2018,2018,Summer,September,17,Monday,Died,died in 24hr,0,9,-78.060132,39.048614
WRMD,WRMD2018-1940,,woodland box turtle,turtle,Reptile,09/17/2018,2018,Summer,September,17,Monday,Died,euthanized in 24hr,0,9,-77.605404,39.041987
WRMD,WRMD2018-1960,,woodland box turtle,turtle,Reptile,09/21/2018,2018,Summer,September,21,Friday,Died,dead on arrival,4,9,-77.763887,39.278067
WRMD,WRMD2018-1969,,woodland box turtle,turtle,Reptile,09/23/2018,2018,Autumn,September,23,Sunday,Died,died +24hr,6,9,-77.553276,39.032921
WRMD,WRMD2018-1984,,barred owl,owl,Bird,09/24/2018,2018,Autumn,September,24,Monday,Released,released,0,9,-77.569352,39.121376
WRMD,WRMD2018-1989,,northern raccoon,raccoon,Mammal,09/25/2018,2018,Autumn,September,25,Tuesday,Died,euthanized in 24hr,1,9,-78.180837,39.154226
WRMD,WRMD2018-1990,,mourning dove,bird,Bird,09/25/2018,2018,Autumn,September,25,Tuesday,Released,released,1,9,-78.180204,39.201761
WRMD,WRMD2018-1996,,woodland box turtle,turtle,Reptile,09/26/2018,2018,Autumn,September,26,Wednesday,Released,released,2,9,-77.483689,38.295135
WRMD,WRMD2018-2010,,woodland box turtle,turtle,Reptile,09/29/2018,2018,Autumn,September,29,Saturday,Released,released,5,9,-77.8225,38.898628
WRMD,WRMD2018-2014,,woodland box turtle,turtle,Reptile,09/30/2018,2018,Autumn,September,30,Sunday,Released,released,6,9,-77.497226,39.062749
WRMD,WRMD2018-2021,,woodland box turtle,turtle,Reptile,09/30/2018,2018,Autumn,September,30,Sunday,Released,released,6,9,-77.782963,39.010071
WRMD,WRMD2018-2022,,eastern screech owl,owl,Bird,10/01/2018,2018,Autumn,October,1,Monday,Released,released,0,10,-78.136945,38.874012
WRMD,WRMD2018-2025,,eastern cottontail,rabbits & hares,Mammal,10/02/2018,2018,Autumn,October,2,Tuesday,Died,died in 24hr,1,10,-78.192302,39.182158
WRMD,WRMD2018-2026,,woodland box turtle,turtle,Reptile,10/04/2018,2018,Autumn,October,4,Thursday,Died,euthanized +24hr,3,10,-78.066373,39.2543
WRMD,WRMD2018-2027,,turkey vulture,bird,Bird,10/02/2018,2018,Autumn,October,2,Tuesday,Released,released,1,10,-77.74061,39.137242
WRMD,WRMD2018-2033,,eastern gray squirrel,rodent,Mammal,10/05/2018,2018,Autumn,October,5,Friday,Died,euthanized in 24hr,4,10,-78.399451,38.861224
WRMD,WRMD2018-2043,,woodland box turtle,turtle,Reptile,10/08/2018,2018,Autumn,October,8,Monday,Died,euthanized +24hr,0,10,-78.481288,38.645981
WRMD,WRMD2018-2044,,woodland box turtle,turtle,Reptile,10/08/2018,2018,Autumn,October,8,Monday,Released,released,0,10,-77.836115,38.689832
WRMD,WRMD2018-2054,,barred owl,owl,Bird,10/10/2018,2018,Autumn,October,10,Wednesday,Died,euthanized in 24hr,2,10,-77.657328,39.138314
WRMD,WRMD2018-2057,,barred owl,owl,Bird,10/12/2018,2018,Autumn,October,12,Friday,Released,released,4,10,-77.784646,39.170521
WRMD,WRMD2018-2060,,northern raccoon,raccoon,Mammal,10/14/2018,2018,Autumn,October,14,Sunday,Died,euthanized in 24hr,6,10,-78.130667,39.168271
WRMD,WRMD2018-2061,,northern raccoon,raccoon,Mammal,10/14/2018,2018,Autumn,October,14,Sunday,Died,euthanized in 24hr,6,10,-77.779699,38.863548
WRMD,WRMD2018-2071,,black rat snake,snake,Reptile,10/20/2018,2018,Autumn,October,20,Saturday,Died,euthanized +24hr,5,10,-77.728103,38.740726
WRMD,WRMD2018-2076,,barred owl,owl,Bird,10/22/2018,2018,Autumn,October,22,Monday,Died,euthanized in 24hr,0,10,-77.733937,38.998822
WRMD,WRMD2018-2078,,red-tailed hawk,bird,Bird,10/24/2018,2018,Autumn,October,24,Wednesday,Died,euthanized in 24hr,2,10,-77.85972,39.28899
WRMD,WRMD2018-2081,,turkey vulture,bird,Bird,10/25/2018,2018,Autumn,October,25,Thursday,Died,euthanized in 24hr,3,10,-77.589663,39.199575
WRMD,WRMD2018-2082,,eastern cottontail,rabbits & hares,Mammal,10/26/2018,2018,Autumn,October,26,Friday,Died,died in 24hr,4,10,-78.170114,39.185591
WRMD,WRMD2018-2084,,eastern gray squirrel,rodent,Mammal,10/26/2018,2018,Autumn,October,26,Friday,Died,euthanized in 24hr,4,10,-77.694322,39.262681
WRMD,WRMD2018-2085,,cooper's hawk,bird,Bird,10/26/2018,2018,Autumn,October,26,Friday,Died,euthanized +24hr,4,10,-77.651567,38.981925
WRMD,WRMD2018-2086,,red-shouldered hawk,bird,Bird,10/26/2018,2018,Autumn,October,26,Friday,Died,euthanized in 24hr,4,10,-77.800241,39.124186
WRMD,WRMD2018-2090,,virginia opossum,marsupial,Mammal,10/29/2018,2018,Autumn,October,29,Monday,Died,euthanized in 24hr,0,10,-78.462105,38.667891
WRMD,WRMD2018-2091,,eastern gray squirrel,rodent,Mammal,10/29/2018,2018,Autumn,October,29,Monday,Died,euthanized in 24hr,0,10,-77.803166,38.70864
WRMD,WRMD2018-2094,,black rat snake,snake,Reptile,11/01/2018,2018,Autumn,November,1,Thursday,Died,dead on arrival,3,11,-77.991926,39.135711
WRMD,WRMD2018-2095,,woodland box turtle,turtle,Reptile,11/04/2018,2018,Autumn,November,4,Sunday,Released,released,6,11,-78.16856,39.169668
WRMD,WRMD2018-2097,,eastern screech owl,owl,Bird,11/04/2018,2018,Autumn,November,4,Sunday,Released,released,6,11,-78.364791,39.059385
WRMD,WRMD2018-2101,,barred owl,owl,Bird,11/05/2018,2018,Autumn,November,5,Monday,Died,euthanized in 24hr,0,11,-78.203366,38.901523
WRMD,WRMD2018-2102,,snapping turtle,turtle,Reptile,11/05/2018,2018,Autumn,November,5,Monday,Died,died +24hr,0,11,-78.2932,38.949446
WRMD,WRMD2018-2103,,red-shouldered hawk,bird,Bird,11/06/2018,2018,Autumn,November,6,Tuesday,Died,euthanized in 24hr,1,11,-77.573988,38.496007
WRMD,WRMD2018-2104,,turkey vulture,bird,Bird,11/07/2018,2018,Autumn,November,7,Wednesday,Released,released,2,11,-78.185833,39.059142
WRMD,WRMD2018-2115,,striped skunk,skunk,Mammal,11/13/2018,2018,Autumn,November,13,Tuesday,Died,euthanized in 24hr,1,11,-78.144612,39.297726
WRMD,WRMD2018-2120,,ruddy duck,bird,Bird,11/17/2018,2018,Autumn,November,17,Saturday,Released,released,5,11,-79.991715,37.802846
WRMD,WRMD2018-2124,,eastern screech owl,owl,Bird,11/17/2018,2018,Autumn,November,17,Saturday,Released,released,5,11,-78.781614,37.914381
WRMD,WRMD2018-2126,,barred owl,owl,Bird,11/17/2018,2018,Autumn,November,17,Saturday,Released,released,5,11,-78.133043,38.500928
WRMD,WRMD2018-2128,,great horned owl,bird,Bird,11/18/2018,2018,Autumn,November,18,Sunday,Released,released,6,11,-79.627874,37.173945
WRMD,WRMD2018-2133,,virginia opossum,marsupial,Mammal,11/20/2018,2018,Autumn,November,20,Tuesday,Released,released,1,11,-77.612287,39.037113
WRMD,WRMD2018-2135,,white-tailed deer,deer,Mammal,11/22/2018,2018,Autumn,November,22,Thursday,Died,euthanized in 24hr,3,11,-78.084407,39.13183
WRMD,WRMD2018-2144,,great blue heron,bird,Bird,11/27/2018,2018,Autumn,November,27,Tuesday,Died,euthanized in 24hr,1,11,-77.538014,39.223359
WRMD,WRMD2018-2145,,eastern screech owl,owl,Bird,11/28/2018,2018,Autumn,November,28,Wednesday,Released,released,2,11,-78.592668,39.079477
WRMD,WRMD2018-2146,,eastern gray squirrel,rodent,Mammal,11/30/2018,2018,Autumn,November,30,Friday,Released,released,4,11,-77.355784,38.978267
WRMD,WRMD2018-2147,,cooper's hawk,bird,Bird,11/30/2018,2018,Autumn,November,30,Friday,Released,released,4,11,-77.427085,38.256234
WRMD,WRMD2018-2148,,virginia opossum,marsupial,Mammal,12/01/2018,2018,Autumn,December,1,Saturday,Died,euthanized in 24hr,5,12,-78.185012,38.929276
WRMD,WRMD2018-2149,,northern raccoon,raccoon,Mammal,12/01/2018,2018,Autumn,December,1,Saturday,Died,euthanized in 24hr,5,12,-78.485163,38.903539
WRMD,WRMD2018-2151,,virginia opossum,marsupial,Mammal,12/02/2018,2018,Autumn,December,2,Sunday,Died,euthanized in 24hr,6,12,-78.040881,39.017885
WRMD,WRMD2018-2154,,red-tailed hawk,bird,Bird,12/04/2018,2018,Autumn,December,4,Tuesday,Died,euthanized in 24hr,1,12,-78.523889,39.412854
WRMD,WRMD2018-2155,,eastern screech owl,owl,Bird,12/05/2018,2018,Autumn,December,5,Wednesday,Died,euthanized in 24hr,2,12,-78.044974,38.966759
WRMD,WRMD2018-2159,,northern raccoon,raccoon,Mammal,12/08/2018,2018,Autumn,December,8,Saturday,Died,dead on arrival,5,12,-77.630013,39.188205
WRMD,WRMD2018-2163,,eastern cottontail,rabbits & hares,Mammal,12/10/2018,2018,Autumn,December,10,Monday,Died,euthanized +24hr,0,12,-77.657328,39.138314
WRMD,WRMD2018-2165,,red-tailed hawk,bird,Bird,12/11/2018,2018,Autumn,December,11,Tuesday,Released,released,1,12,-77.532346,39.228706
WRMD,WRMD2019-38,,red-tailed hawk,bird,Bird,01/22/2019,2019,Winter,January,22,Tuesday,Died,euthanized in 24hr,1,1,-78.276874,39.068867
WRMD,WRMD2019-93,,red-tailed hawk,bird,Bird,02/19/2019,2019,Winter,February,19,Tuesday,Released,released,1,2,-78.200031,38.985025
WRMD,WRMD2019-1281,,snapping turtle,turtle,Reptile,07/02/2019,2019,Summer,July,2,Tuesday,Died,died in 24hr,1,7,-77.93458,39.031339
WRMD,WRMD2019-1331,,woodland box turtle,turtle,Reptile,07/09/2019,2019,Summer,July,9,Tuesday,Died,euthanized in 24hr,1,7,-78.133216,39.322275
WRMD,WRMD2019-1424,,eastern screech owl,owl,Bird,07/20/2019,2019,Summer,July,20,Saturday,Died,died in 24hr,5,7,-78.223799,38.865124
WRMD,WRMD2019-1652,,woodland box turtle,turtle,Reptile,08/12/2019,2019,Summer,August,12,Monday,Died,died in 24hr,0,8,-77.4901748,38.486376
WRMD,WRMD2019-1661,,canada goose,bird,Bird,08/13/2019,2019,Summer,August,13,Tuesday,Released,released,1,8,-77.389935,38.63126
WRMD,WRMD2019-1809,,woodland box turtle,turtle,Reptile,08/29/2019,2019,Summer,August,29,Thursday,Released,released,3,8,-78.070863,39.255978
WRMD,WRMD2019-1845,,northern raccoon,raccoon,Mammal,09/02/2019,2019,Summer,September,2,Monday,Died,euthanized in 24hr,0,9,-77.8275,39.0646
WRMD,WRMD2019-1852,,woodland box turtle,turtle,Reptile,09/03/2019,2019,Summer,September,3,Tuesday,Died,euthanized in 24hr,1,9,-78.042001,38.757885
WRMD,WRMD2019-1879,,purple martin,bird,Bird,09/05/2019,2019,Summer,September,5,Thursday,Died,euthanized +24hr,3,9,-78.172599,39.152778
WRMD,WRMD2019-1940,,woodland box turtle,turtle,Reptile,09/12/2019,2019,Summer,September,12,Thursday,Died,died in 24hr,3,9,-77.901592,38.685276
WRMD,WRMD2019-1945,,woodland box turtle,turtle,Reptile,09/12/2019,2019,Summer,September,12,Thursday,Released,released,3,9,-77.922138,38.71739
WRMD,WRMD2019-1980,,wild turkey,bird,Bird,09/18/2019,2019,Summer,September,18,Wednesday,Released,released,2,9,-78.080635,38.974978
WRMD,WRMD2019-2005,,woodland box turtle,turtle,Reptile,09/22/2019,2019,Summer,September,22,Sunday,Released,released,6,9,-78.053993,38.528866
WRMD,WRMD2019-2010,,woodland box turtle,turtle,Reptile,09/24/2019,2019,Autumn,September,24,Tuesday,Released,released,1,9,-78.229037,39.010016
WRMD,WRMD2019-2043,,woodland box turtle,turtle,Reptile,10/01/2019,2019,Autumn,October,1,Tuesday,Died,died +24hr,1,10,-77.304625,38.28078
WRMD,WRMD2019-2049,,woodland box turtle,turtle,Reptile,10/01/2019,2019,Autumn,October,1,Tuesday,Died,died +24hr,1,10,-77.600461,39.112724
WRMD,WRMD2019-2061,,woodland box turtle,turtle,Reptile,10/04/2019,2019,Autumn,October,4,Friday,Released,released,4,10,-77.272694,38.810178
WRMD,WRMD2019-2074,,barred owl,owl,Bird,10/07/2019,2019,Autumn,October,7,Monday,Released,released,0,10,-77.883872,38.745424
WRMD,WRMD2019-2084,,eastern painted turtle,turtle,Reptile,10/09/2019,2019,Autumn,October,9,Wednesday,Died,dead on arrival,2,10,-78.199626,39.093865
WRMD,WRMD2019-2085,,woodland box turtle,turtle,Reptile,10/10/2019,2019,Autumn,October,10,Thursday,Died,died +24hr,3,10,-77.709604,38.809582
WRMD,WRMD2019-2255,,red-tailed hawk,bird,Bird,12/17/2019,2019,Autumn,December,17,Tuesday,Released,released,1,12,-78.35699,39.014521
WRMD,WRMD2020-47,,eastern cottontail,rabbits & hares,Mammal,02/05/2020,2020,Winter,February,5,Wednesday,Died,euthanized in 24hr,2,2,-78.331143,39.058244
WRMD,WRMD2020-429,,wild turkey,bird,Bird,04/17/2020,2020,Spring,April,17,Friday,Died,euthanized +24hr,4,4,-77.885329,38.992733
WRMD,WRMD2020-1398,,snapping turtle,turtle,Reptile,06/19/2020,2020,Spring,June,19,Friday,Died,died +24hr,4,6,-78.149071,39.11019
WRMD,WRMD2020-1629,,woodland box turtle,turtle,Reptile,07/03/2020,2020,Summer,July,3,Friday,Died,euthanized in 24hr,4,7,-77.713103,39.318562
WRMD,WRMD2020-1712,,woodland box turtle,turtle,Reptile,07/09/2020,2020,Summer,July,9,Thursday,Died,dead on arrival,3,7,-77.625415,38.929303
WRMD,WRMD2020-1907,,snapping turtle,turtle,Reptile,07/22/2020,2020,Summer,July,22,Wednesday,Died,died in 24hr,2,7,-78.156942,39.038792
WRMD,WRMD2020-1969,,snapping turtle,turtle,Reptile,07/26/2020,2020,Summer,July,26,Sunday,Released,released,6,7,-78.399261,38.759332
WRMD,WRMD2020-1982,,snapping turtle,turtle,Reptile,07/28/2020,2020,Summer,July,28,Tuesday,Released,released,1,7,-77.8842,38.7098
WRMD,WRMD2020-1985,,woodland box turtle,turtle,Reptile,07/28/2020,2020,Summer,July,28,Tuesday,Died,euthanized +24hr,1,7,-78.08452,39.217407
WRMD,WRMD2020-2037,,eastern painted turtle,turtle,Reptile,08/03/2020,2020,Summer,August,3,Monday,Released,released,0,8,-77.511765,39.01593
WRMD,WRMD2020-2052,,woodland box turtle,turtle,Reptile,08/05/2020,2020,Summer,August,5,Wednesday,Died,euthanized in 24hr,2,8,-78.066711,38.990611
WRMD,WRMD2020-2059,,woodland box turtle,turtle,Reptile,08/06/2020,2020,Summer,August,6,Thursday,Died,dead on arrival,3,8,-77.572042,38.999486
WRMD,WRMD2020-2273,,woodland box turtle,turtle,Reptile,08/28/2020,2020,Summer,August,28,Friday,Died,died in 24hr,4,8,-78.303592,39.436553
WRMD,WRMD2020-2611,,eastern screech owl,owl,Bird,10/11/2020,2020,Autumn,October,11,Sunday,Released,released,6,10,-78.54744,38.90948
WRMD,WRMD2020-2678,,eastern painted turtle,turtle,Reptile,10/28/2020,2020,Autumn,October,28,Wednesday,Died,euthanized in 24hr,2,10,-77.982413,38.497078
WRMD,WRMD2020-2759,,eastern screech owl,owl,Bird,11/28/2020,2020,Autumn,November,28,Saturday,Released,released,5,11,-78.343025,38.918184
WRMD,WRMD2020-2776,,eastern screech owl,owl,Bird,12/04/2020,2020,Autumn,December,4,Friday,Released,released,4,12,-78.050432,38.970392
WRMD,WRMD2021-254,,european starling,bird,Bird,03/11/2021,2021,Winter,March,11,Thursday,Died,euthanized in 24hr,3,3,-77.842394,39.276551
WRMD,WRMD2021-255,,bald eagle,bird,Bird,03/12/2021,2021,Winter,March,12,Friday,Died,died +24hr,4,3,-78.0207,39.0934
WRMD,WRMD2021-492,,eastern mud turtle,turtle,Reptile,04/12/2021,2021,Spring,April,12,Monday,Released,released,0,4,-77.327651,38.420993
WRMD,WRMD2021-508,,canada goose,bird,Bird,04/14/2021,2021,Spring,April,14,Wednesday,Died,euthanized in 24hr,2,4,-77.431224,38.989712
WRMD,WRMD2021-1379,,woodland box turtle,turtle,Reptile,06/02/2021,2021,Spring,June,2,Wednesday,Released,released,2,6,-77.4958,38.3955
WRMD,WRMD2021-1989,,eastern kingbird,bird,Bird,07/05/2021,2021,Summer,July,5,Monday,Died,died +24hr,0,7,-77.533104,39.120864
WRMD,WRMD2021-2436,,virginia opossum,marsupial,Mammal,08/07/2021,2021,Summer,August,7,Saturday,Released,released,5,8,-77.605404,39.041987
WRMD,WRMD2021-2437,,virginia opossum,marsupial,Mammal,08/07/2021,2021,Summer,August,7,Saturday,Released,released,5,8,-77.605404,39.041987
WRMD,WRMD2021-2438,,virginia opossum,marsupial,Mammal,08/07/2021,2021,Summer,August,7,Saturday,Released,released,5,8,-77.605404,39.041987
WRMD,WRMD2021-2682,,woodland box turtle,turtle,Reptile,08/27/2021,2021,Summer,August,27,Friday,Died,euthanized in 24hr,4,8,-78.033331,38.5688
WRMD,WRMD2021-2859,,woodland box turtle,turtle,Reptile,09/17/2021,2021,Summer,September,17,Friday,Died,euthanized in 24hr,4,9,-78.674091,38.758002
WRMD,WRMD2021-3004,,snapping turtle,turtle,Reptile,10/07/2021,2021,Autumn,October,7,Thursday,Died,euthanized +24hr,3,10,-77.56357,38.28544
WRMD,WRMD2021-3305,,eastern gray squirrel,rodent,Mammal,12/18/2021,2021,Autumn,December,18,Saturday,Died,euthanized in 24hr,5,12,-77.712725,39.320053
WRMD,WRMD2022-520,,snapping turtle,turtle,Reptile,04/14/2022,2022,Spring,April,14,Thursday,Released,released,3,4,-77.352702,38.67239
WRMD,WRMD2022-958,,red-eared slider,turtle,Reptile,05/12/2022,2022,Spring,May,12,Thursday,Died,euthanized in 24hr,3,5,-77.78872,39.27032
WRMD,WRMD2022-966,,woodland box turtle,turtle,Reptile,05/12/2022,2022,Spring,May,12,Thursday,Released,released,3,5,-77.531368,38.81714
WRMD,WRMD2022-1167,,brown thrasher,bird,Bird,05/20/2022,2022,Spring,May,20,Friday,Died,euthanized +24hr,4,5,-77.498183,38.364736
WRMD,WRMD2022-1186,,snapping turtle,turtle,Reptile,05/22/2022,2022,Spring,May,22,Sunday,Died,euthanized +24hr,6,5,-77.53515,39.212837
WRMD,WRMD2022-1208,,virginia opossum,marsupial,Mammal,05/23/2022,2022,Spring,May,23,Monday,Died,euthanized in 24hr,0,5,-78.06714,38.89112
WRMD,WRMD2022-1248,,snapping turtle,turtle,Reptile,05/24/2022,2022,Spring,May,24,Tuesday,Released,released,1,5,-77.335293,38.51608
WRMD,WRMD2022-1274,,central ratsnake,snake,Reptile,05/25/2022,2022,Spring,May,25,Wednesday,Died,euthanized in 24hr,2,5,-77.712708,39.101886
WRMD,WRMD2022-1346,,woodland box turtle,turtle,Reptile,05/28/2022,2022,Spring,May,28,Saturday,Died,died +24hr,5,5,-77.980839,38.573988
WRMD,WRMD2022-1356,,eastern painted turtle,turtle,Reptile,05/28/2022,2022,Spring,May,28,Saturday,Released,released,5,5,-78.0377961,39.0676121
WRMD,WRMD2022-1471,,eastern painted turtle,turtle,Reptile,06/03/2022,2022,Spring,June,3,Friday,Died,died +24hr,4,6,-77.784968,38.65587
WRMD,WRMD2022-1559,,woodland box turtle,turtle,Reptile,06/07/2022,2022,Spring,June,7,Tuesday,Died,died +24hr,1,6,-77.599753,38.827775
WRMD,WRMD2022-1565,,woodland box turtle,turtle,Reptile,06/08/2022,2022,Spring,June,8,Wednesday,Died,euthanized in 24hr,2,6,-78.343798,39.055539
WRMD,WRMD2022-1579,,woodland box turtle,turtle,Reptile,06/09/2022,2022,Spring,June,9,Thursday,Released,released,3,6,-77.77104,39.11749
WRMD,WRMD2022-1586,,eastern painted turtle,turtle,Reptile,06/09/2022,2022,Spring,June,9,Thursday,Died,died +24hr,3,6,-78.37992,38.774208
WRMD,WRMD2022-1713,,woodland box turtle,turtle,Reptile,06/17/2022,2022,Spring,June,17,Friday,Died,euthanized in 24hr,4,6,-78.007096,39.031236
WRMD,WRMD2022-1973,,eastern painted turtle,turtle,Reptile,07/03/2022,2022,Summer,July,3,Sunday,Died,died in 24hr,6,7,-77.5305551,39.0399811
WRMD,WRMD2022-1975,,woodland box turtle,turtle,Reptile,07/04/2022,2022,Summer,July,4,Monday,Died,euthanized in 24hr,0,7,-78.29072,38.944641
WRMD,WRMD2022-2430,,eastern cottontail,rabbits & hares,Mammal,08/03/2022,2022,Summer,August,3,Wednesday,Died,euthanized in 24hr,2,8,-77.48705,39.19215
WRMD,WRMD2022-2507,,downy woodpecker,bird,Bird,08/12/2022,2022,Summer,August,12,Friday,Died,died in 24hr,4,8,-78.100031,38.758078
WRMD,WRMD2022-2837,,woodland box turtle,turtle,Reptile,09/08/2022,2022,Summer,September,8,Thursday,Died,died +24hr,3,9,-78.34339,39.00227
WRMD,WRMD2022-2862,,red-tailed hawk,bird,Bird,09/09/2022,2022,Summer,September,9,Friday,Died,euthanized in 24hr,4,9,-78.2105672,38.8978266
WRMD,WRMD2022-3076,,snapping turtle,turtle,Reptile,10/07/2022,2022,Autumn,October,7,Friday,Died,euthanized in 24hr,4,10,-77.485246,39.007017
WRMD,WRMD2022-3137,,barred owl,owl,Bird,10/23/2022,2022,Autumn,October,23,Sunday,Died,euthanized in 24hr,6,10,-77.865673,38.924758
WRMD,WRMD2022-3272,,central ratsnake,snake,Reptile,11/26/2022,2022,Autumn,November,26,Saturday,Died,euthanized in 24hr,5,11,-77.53101,38.69463
WRMD,WRMD2022-3332,,red-tailed hawk,bird,Bird,12/12/2022,2022,Autumn,December,12,Monday,Died,died +24hr,0,12,-78.52612,38.80725
WRMD,WRMD2022-3343,,barn owl,owl,Bird,12/16/2022,2022,Autumn,December,16,Friday,Died,died +24hr,4,12,-77.8735439,38.9404332
WRMD,WRMD2022-3379,,great horned owl,bird,Bird,12/25/2022,2022,Winter,December,25,Sunday,Died,euthanized in 24hr,6,12,-78.150519,39.189661
WRMD,WRMD2023-139,,bald eagle,bird,Bird,02/17/2023,2023,Winter,February,17,Friday,Died,died +24hr,4,2,-77.3091401,38.0798087
WRMD,WRMD2023-183,,red-tailed hawk,bird,Bird,03/05/2023,2023,Winter,March,5,Sunday,Died,euthanized in 24hr,6,3,-78.035531,39.102105
WRMD,WRMD2023-188,,barred owl,owl,Bird,03/06/2023,2023,Winter,March,6,Monday,Died,euthanized in 24hr,0,3,-78.09662,38.957299
WRMD,WRMD2023-214,,black vulture,bird,Bird,03/15/2023,2023,Winter,March,15,Wednesday,Died,died in 24hr,2,3,-77.5378,39.20009
WRMD,WRMD2023-583,,snapping turtle,turtle,Reptile,04/23/2023,2023,Spring,April,23,Sunday,Died,euthanized in 24hr,6,4,-77.881854,38.865153
WRMD,WRMD2023-721,,turkey vulture,bird,Bird,05/01/2023,2023,Spring,May,1,Monday,Died,euthanized in 24hr,0,5,-77.703743,38.147664
WRMD,WRMD2023-880,,eastern painted turtle,turtle,Reptile,05/09/2023,2023,Spring,May,9,Tuesday,Died,died in 24hr,1,5,-78.150996,38.37534
WRMD,WRMD2023-957,,snapping turtle,turtle,Reptile,05/12/2023,2023,Spring,May,12,Friday,Died,euthanized +24hr,4,5,-77.47951,38.29988
WRMD,WRMD2023-1595,,eastern painted turtle,turtle,Reptile,06/13/2023,2023,Spring,June,13,Tuesday,Died,euthanized in 24hr,1,6,-78.15452,38.71033
WRMD,WRMD2023-1653,,eastern painted turtle,turtle,Reptile,06/17/2023,2023,Spring,June,17,Saturday,Died,euthanized in 24hr,5,6,-78.276342,38.854925
WRMD,WRMD2023-1728,,eastern painted turtle,turtle,Reptile,06/20/2023,2023,Spring,June,20,Tuesday,Released,released,1,6,-78.085696,39.080263
WRMD,WRMD2023-1864,,woodland box turtle,turtle,Reptile,06/26/2023,2023,Summer,June,26,Monday,Released,released,0,6,-77.82031,38.768971
WRMD,WRMD2023-2021,,woodland box turtle,turtle,Reptile,07/04/2023,2023,Summer,July,4,Tuesday,Released,released,1,7,-77.939597,38.951002
WRMD,WRMD2023-2219,,woodland box turtle,turtle,Reptile,07/16/2023,2023,Summer,July,16,Sunday,Released,released,6,7,-77.520229,38.1944793
WRMD,WRMD2023-2243,,woodland box turtle,turtle,Reptile,07/18/2023,2023,Summer,July,18,Tuesday,Died,euthanized in 24hr,1,7,-77.43022,38.86967
WRMD,WRMD2023-2337,,eastern painted turtle,turtle,Reptile,07/23/2023,2023,Summer,July,23,Sunday,Died,euthanized in 24hr,6,7,-78.186125,39.084892
WRMD,WRMD2023-2755,,turkey vulture,bird,Bird,08/21/2023,2023,Summer,August,21,Monday,Died,euthanized +24hr,0,8,-78.30096,36.60524
WRMD,WRMD2023-2759,,virginia opossum,marsupial,Mammal,08/21/2023,2023,Summer,August,21,Monday,Died,euthanized in 24hr,0,8,-78.375713,38.96842
WRMD,WRMD2023-2795,,woodland box turtle,turtle,Reptile,08/25/2023,2023,Summer,August,25,Friday,Released,released,4,8,-78.292469,38.182221
WRMD,WRMD2023-3000,,eastern cottontail,rabbits & hares,Mammal,09/10/2023,2023,Summer,September,10,Sunday,Died,euthanized in 24hr,6,9,-78.393205,38.975538
WRMD,WRMD2023-3301,,eastern painted turtle,turtle,Reptile,10/07/2023,2023,Autumn,October,7,Saturday,Released,released,5,10,-78.214702,39.219639
WRMD,WRMD2023-3341,,woodland box turtle,turtle,Reptile,10/14/2023,2023,Autumn,October,14,Saturday,Died,euthanized in 24hr,5,10,-77.432289,38.429413
WRMD,WRMD2023-3375,,eastern gray squirrel,rodent,Mammal,10/18/2023,2023,Autumn,October,18,Wednesday,Died,euthanized in 24hr,2,10,-78.226391,39.134558
WRMD,WRMD2023-3402,,woodland box turtle,turtle,Reptile,10/21/2023,2023,Autumn,October,21,Saturday,Died,euthanized in 24hr,5,10,-78.3892623,39.1380611
WRMD,WRMD2023-3600,,northern raccoon,raccoon,Mammal,12/13/2023,2023,Autumn,December,13,Wednesday,Died,euthanized in 24hr,2,12,-78.19443000000001,39.054109999999994
WRMD,WRMD2023-3627,,barred owl,owl,Bird,12/22/2023,2023,Winter,December,22,Friday,Died,euthanized in 24hr,4,12,-77.809199,38.741275
WRMD,WRMD2024-327,,northern raccoon,raccoon,Mammal,03/26/2024,2024,Spring,March,26,Tuesday,Died,euthanized in 24hr,1,3,-77.990078,38.956804
WRMD,WRMD2024-396,,eastern painted turtle,turtle,Reptile,04/02/2024,2024,Spring,April,2,Tuesday,Died,euthanized in 24hr,1,4,-78.147486,39.007382
WRMD,WRMD2024-554,,eastern gray squirrel,rodent,Mammal,04/13/2024,2024,Spring,April,13,Saturday,Released,released,5,4,-77.596754,39.168045
WRMD,WRMD2024-555,,eastern gray squirrel,rodent,Mammal,04/13/2024,2024,Spring,April,13,Saturday,Released,released,5,4,-77.596754,39.168045
WRMD,WRMD2024-556,,eastern gray squirrel,rodent,Mammal,04/13/2024,2024,Spring,April,13,Saturday,Released,released,5,4,-77.596754,39.168045
WRMD,WRMD2024-557,,eastern gray squirrel,rodent,Mammal,04/13/2024,2024,Spring,April,13,Saturday,Released,released,5,4,-77.596754,39.168045
WRMD,WRMD2024-708,,northern cardinal,bird,Bird,04/21/2024,2024,Spring,April,21,Sunday,Released,released,6,4,-77.604915,39.120799
WRMD,WRMD2024-714,,northern raccoon,raccoon,Mammal,04/22/2024,2024,Spring,April,22,Monday,Died,euthanized in 24hr,0,4,-78.217193,38.97392
WRMD,WRMD2024-762,,central ratsnake,snake,Reptile,04/24/2024,2024,Spring,April,24,Wednesday,Died,dead on arrival,2,4,-78.0033,39.066271
WRMD,WRMD2024-801,,snapping turtle,turtle,Reptile,04/26/2024,2024,Spring,April,26,Friday,Released,released,4,4,-77.62003,39.26891
WRMD,WRMD2024-866,,woodland box turtle,turtle,Reptile,04/29/2024,2024,Spring,April,29,Monday,Released,released,0,4,-77.952168,38.673457
WRMD,WRMD2024-1034,,eastern painted turtle,turtle,Reptile,05/06/2024,2024,Spring,May,6,Monday,Died,euthanized in 24hr,0,5,-77.44707,38.70978
WRMD,WRMD2024-1036,,snapping turtle,turtle,Reptile,05/06/2024,2024,Spring,May,6,Monday,Released,released,0,5,-77.200878,38.745542
WRMD,WRMD2024-1078,,woodland box turtle,turtle,Reptile,05/08/2024,2024,Spring,May,8,Wednesday,Released,released,2,5,-77.442945,38.697535
WRMD,WRMD2024-1079,,snapping turtle,turtle,Reptile,05/08/2024,2024,Spring,May,8,Wednesday,Died,euthanized in 24hr,2,5,-77.472258,39.065613
WRMD,WRMD2024-1109,,woodland box turtle,turtle,Reptile,05/09/2024,2024,Spring,May,9,Thursday,Died,euthanized in 24hr,3,5,-77.646704,38.933646
WRMD,WRMD2024-1151,,eastern painted turtle,turtle,Reptile,05/12/2024,2024,Spring,May,12,Sunday,Died,died in 24hr,6,5,-77.552555,38.318691
WRMD,WRMD2024-1202,,red fox,fox,Mammal,05/14/2024,2024,Spring,May,14,Tuesday,Died,euthanized in 24hr,1,5,-78.047297,39.245235
WRMD,WRMD2024-1247,,snapping turtle,turtle,Reptile,05/16/2024,2024,Spring,May,16,Thursday,Died,euthanized in 24hr,3,5,-77.565069,38.947078
WRMD,WRMD2024-1301,,woodland box turtle,turtle,Reptile,05/19/2024,2024,Spring,May,19,Sunday,Died,dead on arrival,6,5,-77.551054,38.812231
WRMD,WRMD2024-1302,,woodland box turtle,turtle,Reptile,05/19/2024,2024,Spring,May,19,Sunday,Died,euthanized in 24hr,6,5,-77.551054,38.812231
WRMD,WRMD2024-1305,,snapping turtle,turtle,Reptile,05/19/2024,2024,Spring,May,19,Sunday,Died,euthanized in 24hr,6,5,-78.121045,39.13533
WRMD,WRMD2024-1312,,woodland box turtle,turtle,Reptile,05/20/2024,2024,Spring,May,20,Monday,Released,released,0,5,-77.90183,38.854797
WRMD,WRMD2024-1317,,snapping turtle,turtle,Reptile,05/20/2024,2024,Spring,May,20,Monday,Died,euthanized in 24hr,0,5,-77.641369,38.690402
WRMD,WRMD2024-1329,,eastern painted turtle,turtle,Reptile,05/20/2024,2024,Spring,May,20,Monday,Released,released,0,5,-77.752761,39.202926
WRMD,WRMD2024-1330,,eastern painted turtle,turtle,Reptile,05/21/2024,2024,Spring,May,21,Tuesday,Died,euthanized in 24hr,1,5,-77.045711,38.353368
WRMD,WRMD2024-1345,,northern raccoon,raccoon,Mammal,05/21/2024,2024,Spring,May,21,Tuesday,Died,euthanized in 24hr,1,5,-77.756214,39.135601
WRMD,WRMD2024-1360,,woodland box turtle,turtle,Reptile,05/22/2024,2024,Spring,May,22,Wednesday,Died,euthanized in 24hr,2,5,-78.113564,39.10353
WRMD,WRMD2024-1386,,woodland box turtle,turtle,Reptile,05/23/2024,2024,Spring,May,23,Thursday,Died,euthanized in 24hr,3,5,-78.130219,38.937375
WRMD,WRMD2024-1398,,woodland box turtle,turtle,Reptile,05/23/2024,2024,Spring,May,23,Thursday,Released,released,3,5,-78.1591519,38.9158632
WRMD,WRMD2024-1399,,groundhog,rodent,Mammal,05/23/2024,2024,Spring,May,23,Thursday,Died,euthanized in 24hr,3,5,-78.078707,39.125836
WRMD,WRMD2024-1457,,woodland box turtle,turtle,Reptile,05/26/2024,2024,Spring,May,26,Sunday,Died,euthanized in 24hr,6,5,-77.755216,38.889214
WRMD,WRMD2024-1478,,woodland box turtle,turtle,Reptile,05/27/2024,2024,Spring,May,27,Monday,Released,released,0,5,-77.421847,38.945878
WRMD,WRMD2024-1492,,snapping turtle,turtle,Reptile,05/28/2024,2024,Spring,May,28,Tuesday,Released,released,1,5,-77.431421,38.966513
WRMD,WRMD2024-1511,,central ratsnake,snake,Reptile,05/28/2024,2024,Spring,May,28,Tuesday,Released,released,1,5,-78.00384,39.069173
WRMD,WRMD2024-1542,,northern cardinal,bird,Bird,05/29/2024,2024,Spring,May,29,Wednesday,Died,died +24hr,2,5,-78.1046,39.0857
WRMD,WRMD2024-1642,,eastern painted turtle,turtle,Reptile,06/03/2024,2024,Spring,June,3,Monday,Died,euthanized in 24hr,0,6,-77.637,38.84765
WRMD,WRMD2024-1699,,barred owl,owl,Bird,06/05/2024,2024,Spring,June,5,Wednesday,Died,euthanized in 24hr,2,6,-77.477843,38.224175
WRMD,WRMD2024-1703,,eastern gray squirrel,rodent,Mammal,06/05/2024,2024,Spring,June,5,Wednesday,Died,euthanized in 24hr,2,6,-78.177486,38.909389
WRMD,WRMD2024-1704,,snapping turtle,turtle,Reptile,06/05/2024,2024,Spring,June,5,Wednesday,Released,released,2,6,-77.752984,39.231764
WRMD,WRMD2024-1923,,northern flicker,bird,Bird,06/17/2024,2024,Spring,June,17,Monday,Died,euthanized in 24hr,0,6,-77.932299,39.150063
WRMD,WRMD2024-2120,,woodland box turtle,turtle,Reptile,06/27/2024,2024,Summer,June,27,Thursday,Released,released,3,6,-77.51235220152,38.916611
WRMD,WRMD2024-2186,,black vulture,bird,Bird,07/01/2024,2024,Summer,July,1,Monday,Died,euthanized in 24hr,0,7,-78.200029,38.948422
WRMD,WRMD2024-2214,,canada goose,bird,Bird,07/03/2024,2024,Summer,July,3,Wednesday,Died,euthanized in 24hr,2,7,-77.5304247,39.0052546
WRMD,WRMD2024-2384,,northern raccoon,raccoon,Mammal,07/14/2024,2024,Summer,July,14,Sunday,Released,released,6,7,-77.1675269,38.963741
WRMD,WRMD2024-2525,,red-shouldered hawk,bird,Bird,07/21/2024,2024,Summer,July,21,Sunday,Released,released,6,7,-77.71843,38.9725
WRMD,WRMD2024-2556,,wood turtle,turtle,Reptile,07/23/2024,2024,Summer,July,23,Tuesday,Released,released,1,7,-78.547027,38.875092
WRMD,WRMD2024-2735,,woodland box turtle,turtle,Reptile,08/06/2024,2024,Summer,August,6,Tuesday,Died,died in 24hr,1,8,-77.709808,38.821239
WRMD,WRMD2024-2745,,woodland box turtle,turtle,Reptile,08/07/2024,2024,Summer,August,7,Wednesday,Died,euthanized in 24hr,2,8,-78.016753,39.179075
WRMD,WRMD2024-2831,,eastern painted turtle,turtle,Reptile,08/13/2024,2024,Summer,August,13,Tuesday,Died,euthanized in 24hr,1,8,-78.29065,39.020538
WRMD,WRMD2024-2939,,groundhog,rodent,Mammal,08/20/2024,2024,Summer,August,20,Tuesday,Released,released,1,8,-78.633556,38.873159
WRMD,WRMD2024-2944,,eastern painted turtle,turtle,Reptile,08/20/2024,2024,Summer,August,20,Tuesday,Released,released,1,8,-78.052592,39.22803
WRMD,WRMD2024-3010,,eastern painted turtle,turtle,Reptile,08/25/2024,2024,Summer,August,25,Sunday,Released,released,6,8,-78.386229,38.769767
WRMD,WRMD2024-3023,,woodland box turtle,turtle,Reptile,08/26/2024,2024,Summer,August,26,Monday,Released,released,0,8,-77.938948,39.093646
WRMD,WRMD2024-3181,,woodland box turtle,turtle,Reptile,09/06/2024,2024,Summer,September,6,Friday,Died,euthanized in 24hr,4,9,-78.13208,39.13114
WRMD,WRMD2024-3264,,barred owl,owl,Bird,09/13/2024,2024,Summer,September,13,Friday,Died,died in 24hr,4,9,-77.508158,39.030428
WRMD,WRMD2024-3271,,barred owl,owl,Bird,09/13/2024,2024,Summer,September,13,Friday,Died,euthanized +24hr,4,9,-77.422774,39.040514
WRMD,WRMD2024-3337,,woodland box turtle,turtle,Reptile,09/19/2024,2024,Summer,September,19,Thursday,Died,euthanized in 24hr,3,9,-77.507471,39.10444
WRMD,WRMD2024-3354,,eastern painted turtle,turtle,Reptile,09/20/2024,2024,Summer,September,20,Friday,Released,released,4,9,-78.12383,39.106925
WRMD,WRMD2024-3373,,woodland box turtle,turtle,Reptile,09/22/2024,2024,Summer,September,22,Sunday,Died,euthanized in 24hr,6,9,-78.355654,38.910683
WRMD,WRMD2024-3440,,snapping turtle,turtle,Reptile,09/28/2024,2024,Autumn,September,28,Saturday,Died,died +24hr,5,9,-78.07441,38.764509
WRMD,WRMD2024-3446,,woodland box turtle,turtle,Reptile,09/29/2024,2024,Autumn,September,29,Sunday,Died,died +24hr,6,9,-77.4047684,38.6975652
WRMD,WRMD2024-3462,,woodland box turtle,turtle,Reptile,09/30/2024,2024,Autumn,September,30,Monday,Died,euthanized +24hr,0,9,-77.805287,38.5362
WRMD,WRMD2024-3509,,groundhog,rodent,Mammal,10/05/2024,2024,Autumn,October,5,Saturday,Transferred,transferred,5,10,-77.807654,38.549379
WRMD,WRMD2024-3527,,woodland box turtle,turtle,Reptile,10/07/2024,2024,Autumn,October,7,Monday,Died,euthanized in 24hr,0,10,-78.119743,39.128561
WRMD,WRMD2024-3528,,common grackle,bird,Bird,10/07/2024,2024,Autumn,October,7,Monday,Died,euthanized in 24hr,0,10,-78.119743,39.128561
WRMD,WRMD2024-3560,,northern raccoon,raccoon,Mammal,10/13/2024,2024,Autumn,October,13,Sunday,Died,euthanized in 24hr,6,10,-78.019894,38.962989
WRMD,WRMD2024-3598,,turkey vulture,bird,Bird,10/20/2024,2024,Autumn,October,20,Sunday,Died,euthanized in 24hr,6,10,-77.69092,39.16152
WRMD,WRMD2024-3638,,barred owl,owl,Bird,10/29/2024,2024,Autumn,October,29,Tuesday,Died,euthanized in 24hr,1,10,-77.806495,39.123286
WRMD,WRMD2024-3648,,barred owl,owl,Bird,10/31/2024,2024,Autumn,October,31,Thursday,Released,released,3,10,-77.157082,38.259683
WRMD,WRMD2024-3657,,red-shouldered hawk,bird,Bird,11/01/2024,2024,Autumn,November,1,Friday,Died,euthanized in 24hr,4,11,-77.662072,38.976529
WRMD,WRMD2024-3674,,barred owl,owl,Bird,11/05/2024,2024,Autumn,November,5,Tuesday,Died,euthanized in 24hr,1,11,-77.440879,38.899115
WRMD,WRMD2024-3707,,virginia opossum,marsupial,Mammal,11/12/2024,2024,Autumn,November,12,Tuesday,Died,euthanized in 24hr,1,11,-78.339442,38.920802
WRMD,WRMD2024-3711,,woodland box turtle,turtle,Reptile,11/13/2024,2024,Autumn,November,13,Wednesday,Died,euthanized in 24hr,2,11,-78.209115,38.911993
WRMD,WRMD2024-3732,,barred owl,owl,Bird,11/18/2024,2024,Autumn,November,18,Monday,Died,euthanized in 24hr,0,11,-78.082577,39.143973
WRMD,WRMD2024-3740,,red-bellied woodpecker,bird,Bird,11/19/2024,2024,Autumn,November,19,Tuesday,Died,euthanized in 24hr,1,11,-78.183486,38.901851
WRMD,WRMD2024-3745,,groundhog,rodent,Mammal,11/21/2024,2024,Autumn,November,21,Thursday,Died,euthanized in 24hr,3,11,-77.920663,38.92171
WRMD,WRMD2024-3749,,cooper's hawk,bird,Bird,11/21/2024,2024,Autumn,November,21,Thursday,Died,euthanized in 24hr,3,11,-77.605523,38.962668
WRMD,WRMD2024-3752,,red-tailed hawk,bird,Bird,11/21/2024,2024,Autumn,November,21,Thursday,Died,euthanized in 24hr,3,11,-78.101397,39.256726
WRMD,WRMD2024-3793,,red-tailed hawk,bird,Bird,12/01/2024,2024,Autumn,December,1,Sunday,Died,euthanized in 24hr,6,12,-77.921283,38.912531
WRMD,WRMD2024-3821,,red-tailed hawk,bird,Bird,12/08/2024,2024,Autumn,December,8,Sunday,Died,euthanized in 24hr,6,12,-78.216929,39.080584
WRMD,WRMD2024-3846,,red-shouldered hawk,bird,Bird,12/16/2024,2024,Autumn,December,16,Monday,Died,euthanized +24hr,0,12,-77.459324,38.377775
WRMD,WRMD2024-3855,,eastern screech owl,owl,Bird,12/20/2024,2024,Autumn,December,20,Friday,Died,euthanized in 24hr,4,12,-77.9966852,38.8475996
